"Item","UPC","Reason","OriginalImageUrl","Description","Brand","Portal"
"41466","000088439511","No image URL in portal data","","LUCK'S FRIED APPLES","","Unknown"
"31599","","No image URL in portal data","","SLICED PEACH HEAVY SYRUP 29OZ","","Unknown"
"32468","","No image URL in portal data","","Fairhill Farms APPLESAUCE ORIGINAL","Fairhill Farms","Unknown"
"66011","","No image URL in portal data","","Fairhill Farms APPLESAUCE 6PK CUPS","Fairhill Farms","Unknown"
"66013","","No image URL in portal data","","Fairhill Farms CINNAMON APPLESAUCE 6PK CUP","Fairhill Farms","Unknown"
"95861","","No image URL in portal data","","DEL MONTE SWEET PEAS","","Unknown"
"33789","000073639311","No image URL in portal data","","GLORY CUT SWEET POTATOES YAM","","Unknown"
"15768","000073639411","No image URL in portal data","","GLORY GREEN BEANS AND POTATO","","Unknown"
"15765","000073639311","No image URL in portal data","","GLORY SEASONED MIXED GREENS","","Unknown"
"15763","000073639311","No image URL in portal data","","GLORY SEASONED MUSTARD GRNS","","Unknown"
"39095","039400017349","No image URL in portal data","","BUSH'S DK RED KDNY BEAN","","Unknown"
"44016","000088439511","No image URL in portal data","","LUCK'S PINTO BNS FATFREE","","Unknown"
"49805","070095000100","No image URL in portal data","","RANDALL GREAT NORTHERN BEAN","","Unknown"
"69785","027000380499","No image URL in portal data","","HUNT'S DICED TOMATOES NSA","","Unknown"
"32324","","No image URL in portal data","","Wylwood BAKED BEANS ORIGINAL PLT","Wylwood","Unknown"
"31423","","No image URL in portal data","","Fairhill Farms FRENCH FRIED ONIONS","Fairhill Farms","Unknown"
"30070","071998172826","No image URL in portal data","","TC DIRTY RICE MIX","","Unknown"
"32466","","No image URL in portal data","","Mantia's ELBOW MACARONI","Mantia's","Unknown"
"62992","","No image URL in portal data","","Mantia's MANTIAS ELBOW PASTA 16OZ","Mantia's","Unknown"
"48304","026825009530","No image URL in portal data","","GIA RUSSA HEARTH STYLE NDLS","","Unknown"
"48305","026825009493","No image URL in portal data","","GIA RUSSA KLUSKI NOODLES","","Unknown"
"726","047325033214","No image URL in portal data","","HRTLND GLUTEN FREE PENNE","","Unknown"
"17716","000085000811","No image URL in portal data","","SUNCO BLACK BEANS","","Unknown"
"39642","041501519462","No image URL in portal data","","ORTEGA TACO DINNER KIT 6 CT","","Unknown"
"17759","064144042364","No image URL in portal data","","CHEF BOYARDEE PIZZA SAUCE W/ CHEESE","","Unknown"
"37432","051933374324","No image URL in portal data","","Mantia's MANTIAS TOM/BASIL SAUCE PET","Mantia's","Unknown"
"32317","","No image URL in portal data","","Kurtz KETCHUP PLT","Kurtz","Unknown"
"32318","","No image URL in portal data","","Kurtz KETCHUP PLT","Kurtz","Unknown"
"35691","","No image URL in portal data","","Kurtz KETCHUP PLT","Kurtz","Unknown"
"58377","051933615199","No image URL in portal data","","Kurtz KURTZ JALAPENO MUSTARD","Kurtz","Unknown"
"32322","","No image URL in portal data","","Kurtz HICKORY BBQ SAUCE PLT","Kurtz","Unknown"
"31534","","No image URL in portal data","","Kurtz ORIGINAL BBQ SAUCE PLT","Kurtz","Unknown"
"56081","074263101026","No image URL in portal data","","DALE'S STEAK SEASONING","","Unknown"
"32323","","No image URL in portal data","","Kurtz RANCH DRESSING PLT","Kurtz","Unknown"
"20781","","No image URL in portal data","","OLV GRDN SIG ITALIAN DRESSNG","","Unknown"
"92983","","No image URL in portal data","","NUTELLA SPREAD JAR","","Unknown"
"70684","","No image URL in portal data","","GBR JAR 2ND FD BEEF & GRAVY","","Unknown"
"70239","","No image URL in portal data","","GBR JAR 2ND FD CHICKEN&GRAVY","","Unknown"
"70639","","No image URL in portal data","","GBR JAR 2ND FD TURKEY&GRAVY","","Unknown"
"69744","015000687731","No image URL in portal data","","GBR MULTIGRAIN 8 OZ CEREAL","","Unknown"
"65871","015000070007","No image URL in portal data","","GBR RICE CEREAL","","Unknown"
"69745","015000687724","No image URL in portal data","","GERBER OATMEAL CEREAL","","Unknown"
"69746","015000687700","No image URL in portal data","","GERBER RICE CEREAL","","Unknown"
"26160","000030087111","No image URL in portal data","","ENF PROSOBEE W/IRON CONC","","Unknown"
"26170","000030087111","No image URL in portal data","","ENF PROSOBEE W/IRON POWD","","Unknown"
"20925","050000216673","No image URL in portal data","","GBR GS GENTLE POWDER","","Unknown"
"45440","070074569741","No image URL in portal data","","SIMILAC ADV CONC W/IRON","","Unknown"
"16592","070074569765","No image URL in portal data","","SIMILAC ISOMIL ADV/SOY CONC","","Unknown"
"78231","","No image URL in portal data","","PAMPERS EZ UP JMBO BOY 4T5T","","Unknown"
"78848","","No image URL in portal data","","PAMPERS EZ UP JUMBO 3T-4T","","Unknown"
"34522","","No image URL in portal data","","UNSALTED SALTINES","","Unknown"
"73356","000000045111","No image URL in portal data","","VISTA OYSTER CRACKERS","","Unknown"
"78755","","No image URL in portal data","","PRAIRIE FARMS GOLDFISH CHEDDAR GRAB BAG","","Unknown"
"93101","","No image URL in portal data","","LANCE TOASTED CHEE 6 CT","","Unknown"
"93102","","No image URL in portal data","","LANCE TOASTED PEANUT 6 CT","","Unknown"
"93103","","No image URL in portal data","","LANCE WFR CRM CHS&CHIVE 6 CT","","Unknown"
"78701","","No image URL in portal data","","DIPPABLES CHSE & STICKS 5 PK","","Unknown"
"72727","046100007716","No image URL in portal data","","MOOTOWN CHSE DIP W CRCKR DRC","","Unknown"
"93086","086106152645","No image URL in portal data","","LIL DUTCH MAID ASSORTED SANDWICH CREMES","","Unknown"
"93076","086106152539","No image URL in portal data","","LIL DUTCH MAID CHOCOLATE CREME","","Unknown"
"93077","086106152102","No image URL in portal data","","LIL DUTCH MAID DUPLEX CREME","","Unknown"
"93072","086106152522","No image URL in portal data","","LIL DUTCH MAID LEMON CREMES","","Unknown"
"93073","086106152560","No image URL in portal data","","LIL DUTCH MAID PEANUT BUTTER CREME","","Unknown"
"93074","086106152553","No image URL in portal data","","LIL DUTCH MAID STRAWBERRY CREME","","Unknown"
"93075","086106152133","No image URL in portal data","","LIL DUTCH MAID VANILLA CREME","","Unknown"
"91392","","No image URL in portal data","","CAMPBELL'S RED & WHITE CREAM OF CELERY","","Unknown"
"93215","","No image URL in portal data","","LIPTON RS ONION SOUP","","Unknown"
"81912","041789001444","No image URL in portal data","","MARUCHAN INST HOT SPCY SHRMP","","Unknown"
"18096","071816836411","No image URL in portal data","","MARUCHAN INST LUNCH BEEF","","Unknown"
"84378","075069154810","No image URL in portal data","","HOMESTYLE LUNCHEON LOAF","","Unknown"
"31580","","No image URL in portal data","","SPAM","","Unknown"
"91471","","No image URL in portal data","","ARMOUR POTTED MEAT","","Unknown"
"19200","075069154223","No image URL in portal data","","BRISTOL CANNED HAM HICKORY","","Unknown"
"47645","037600216296","No image URL in portal data","","HRML BF TAMALES IN CHILI SCE","","Unknown"
"95278","019722300404","No image URL in portal data","","HRVST CRK BUFF STYL CHKN PCH","","Unknown"
"16059","","No image URL in portal data","","HRML CMPLT TURKEY & DRESSING","","Unknown"
"54746","086600000053","No image URL in portal data","","BUMBLEBEE SOLID WT TUNA WTR CAN","","Unknown"
"47672","086600752792","No image URL in portal data","","BUMBLE BEE MACKEREL CHUB","","Unknown"
"54218","086600000992","No image URL in portal data","","BUMBLEBEE SKNLS BNLS SALMON","","Unknown"
"1623","073390013332","No image URL in portal data","","AIRHEAD GUM BLUE RASPBRY 14P","","Unknown"
"55375","","No image URL in portal data","","WRIG 5 RAIN SINGLE","","Unknown"
"78725","","No image URL in portal data","","BREATH SAVERS PEPPERMNT ROLL","","Unknown"
"78739","","No image URL in portal data","","BREATH SAVERS PEPPERMNT ROLL","","Unknown"
"78726","","No image URL in portal data","","BREATH SAVERS SPEARMINT ROLL","","Unknown"
"78740","","No image URL in portal data","","BREATH SAVERS SPEARMINT ROLL","","Unknown"
"78802","","No image URL in portal data","","LIFE SAVERS WINTOGREEN PEG","","Unknown"
"78715","009800007462","No image URL in portal data","","TIC TAC WINTERGREEN T100","","Unknown"
"90092","009800003518","No image URL in portal data","","TT CITRUS ADVENTURE T100","","Unknown"
"90083","009800001026","No image URL in portal data","","TT FRESHMINT T100","","Unknown"
"90082","009800001002","No image URL in portal data","","TT FRUIT ADVENTURE T100","","Unknown"
"90073","009800001033","No image URL in portal data","","TT ORANGE T100","","Unknown"
"78689","009800007486","No image URL in portal data","","TT STRAWBRY & CREAM T100","","Unknown"
"72397","","No image URL in portal data","","HI CHEW MANGO STICK","","Unknown"
"36517","034000003204","No image URL in portal data","","ALMOND JOY STANDARD BAR","","Unknown"
"78679","","No image URL in portal data","","ALMOND JOY STANDARD BAR","","Unknown"
"92296","","No image URL in portal data","","FERRERO ROCHER 3 PC","","Unknown"
"65867","034000000319","No image URL in portal data","","MOUNDS DARK CHOC SINGLE BAR","","Unknown"
"78686","","No image URL in portal data","","MOUNDS SINGLE BAR","","Unknown"
"91473","","No image URL in portal data","","FRUITY PEBBLES CEREAL BAR","","Unknown"
"49079","000000100411","No image URL in portal data","","MILKY WAY KING SIZE","","Unknown"
"46302","034000040254","No image URL in portal data","","CADBURY DAIRY MILK CHOC BAR","","Unknown"
"29175","099907214054","No image URL in portal data","","BABY RUTH 6-PACK FUNSIZE","","Unknown"
"90997","010700062703","No image URL in portal data","","HEATH SNACK SZ 4 PK","","Unknown"
"3972","","No image URL in portal data","","SNICKERS FUN SIZE DRC","","Unknown"
"73598","","No image URL in portal data","","PEZ ASSTD FAVORITES PK SUB","","Unknown"
"30692","034000018710","No image URL in portal data","","HRSHY ALMOND NUGGETS BAG","","Unknown"
"30691","034000018703","No image URL in portal data","","HRSHY MILK NUGGETS SHARE BAG","","Unknown"
"14068","034000432271","No image URL in portal data","","REESES MINATURE SHARE PACK","","Unknown"
"1305","009542016432","No image URL in portal data","","CARAMEL TRUFFLE LINDT STICK","","Unknown"
"86677","014200243204","No image URL in portal data","","CHARMS FLUFFY STUFF ORIGINAL","","Unknown"
"78796","","No image URL in portal data","","DOTS PEG BAG","","Unknown"
"62364","","No image URL in portal data","","HARIBO GOLD BEARS PEG","","Unknown"
"20653","","No image URL in portal data","","HARIBO GOLD BEARS PEG CADDY","","Unknown"
"72392","000085001811","No image URL in portal data","","HI CHEW WATERMELON PEG","","Unknown"
"73066","","No image URL in portal data","","JOLLY RANCHER ORIGINAL","","Unknown"
"35112","","No image URL in portal data","","LIFESAVER 5 FLVR GUMMIES BAG","","Unknown"
"92288","","No image URL in portal data","","TROLLI SOURBRITE CRAWLER","","Unknown"
"92223","071720077696","No image URL in portal data","","TOOTSIE ROLL POPS SUB","","Unknown"
"42425","050000160112","No image URL in portal data","","CARNATION FF EVAPORATED MILK","","Unknown"
"11129","050000110810","No image URL in portal data","","CARNATION SWEET CONDENSE MILK","","Unknown"
"19892","070351180652","No image URL in portal data","","KY KRNL SEASONED FLOUR","","Unknown"
"95701","","No image URL in portal data","","JM SNOW CAP 8 LB LARD PAIL","","Unknown"
"74810","000001007511","No image URL in portal data","","JM SNOWCAP LARD 25 LBS","","Unknown"
"74641","000001007511","No image URL in portal data","","MORRELL SNOWCAP 4 LB LARD","","Unknown"
"32741","","No image URL in portal data","","Ginger Evans 4LB SUGAR PALLET","Ginger Evans","Unknown"
"70704","000084279811","No image URL in portal data","","FC GRANULATED SUGAR","","Unknown"
"70728","000084279811","No image URL in portal data","","FC GRANULATED SUGAR 2 LB","","Unknown"
"72997","","No image URL in portal data","","FC GRANULATED SUGAR 4LB","","Unknown"
"70752","000084279811","No image URL in portal data","","FC LIGHT BROWN SUGAR","","Unknown"
"70758","000084279811","No image URL in portal data","","FC POWDERED SUGAR 2 LB","","Unknown"
"10830","072486652257","No image URL in portal data","","JIFFY CORN MUFFIN MIX","","Unknown"
"10673","052600112751","No image URL in portal data","","MARSHMALLOW FLUFF JAR","","Unknown"
"43155","035204501985","No image URL in portal data","","ANDY'S CAJUN FISH BREADING","","Unknown"
"43125","035204600992","No image URL in portal data","","ANDY'S HOT CHICKEN BREADING","","Unknown"
"43115","035204700999","No image URL in portal data","","ANDY'S MILD CHICKEN BREADING","","Unknown"
"43145","035204500940","No image URL in portal data","","ANDY'S RED FISH BREADING","","Unknown"
"43135","035204400943","No image URL in portal data","","ANDY'S YELLOW FISH BREADING","","Unknown"
"51774","039156000442","No image URL in portal data","","LOUSIANA SEAS FISH FRY BRDNG","","Unknown"
"35813","051933358133","No image URL in portal data","","Ginger Evans ANGEL FOOD CAKE MIX","Ginger Evans","Unknown"
"18661","013300604410","No image URL in portal data","","PILLSBURY DEVILS FOOD CAKE MIX","","Unknown"
"18659","013300602355","No image URL in portal data","","PILLSBURY YELLOW CAKE MIX","","Unknown"
"18220","041426000069","No image URL in portal data","","32150 TOOTHPICKS","","Unknown"
"36459","051933364592","No image URL in portal data","","Marcum BLACK PEPPER TIN","Marcum","Unknown"
"73055","076114000137","No image URL in portal data","","SPICE SUP GROUND BLACK PEPPR","","Unknown"
"48259","071998000051","No image URL in portal data","","TC ORIG CREOLE SEASONING","","Unknown"
"36305","","No image URL in portal data","","Marcum SALT FREE SEAS ORIG BLEND","Marcum","Unknown"
"33709","","No image URL in portal data","","Marcum CRUSHED OREGANO","Marcum","Unknown"
"12334","041460398870","No image URL in portal data","","PIONEER PEPPERED GRAVY","","Unknown"
"72964","071190491428","No image URL in portal data","","GRAVY TRAIN BEEF CLASSIC","","Unknown"
"88032","071190479617","No image URL in portal data","","KIBBLES N BITS ORIGINAL 13LB","","Unknown"
"93201","","No image URL in portal data","","BUSY BONE MINI PET FOOD","","Unknown"
"69968","","No image URL in portal data","","BUSY BONE SMALL PET FOOD","","Unknown"
"33726","","No image URL in portal data","","MILKBONE MED ORIG BISCUITS","","Unknown"
"93203","","No image URL in portal data","","FRISKIES SEAFOOD PET FOOD","","Unknown"
"88223","071190480576","No image URL in portal data","","9 LIVES WET MEATY PATE CHKN DNNR","","Unknown"
"70703","041820821871","No image URL in portal data","","RLSTN FRUIT & CREAM OATMEAL","","Unknown"
"39683","030000568545","No image URL in portal data","","QUAKER INSTANT GRITS ORIGINAL","","Unknown"
"22856","038000198496","No image URL in portal data","","KELLOGG'S APPLE JACKS","","Unknown"
"78989","","No image URL in portal data","","SBY KELLOGG'S CORN FLAKES HP","","Unknown"
"35997","051933344082","No image URL in portal data","","Kiggins RAISIN BRAN","Kiggins","Unknown"
"21292","","No image URL in portal data","","KELLOGG'S CORN FLAKES CEREAL","","Unknown"
"32567","","No image URL in portal data","","Tipton Grove FRUIT SNACK CHERRY&BRRY 10CT","Tipton Grove","Unknown"
"20671","","No image URL in portal data","","FRUIT ROLL-UPS VAR PACK 10CT","","Unknown"
"72962","030772216873","No image URL in portal data","","CASCADE AP COMP FRESH 12 CT","","Unknown"
"69950","030772247839","No image URL in portal data","","GAIN FLINGS ORGNL SCENT 15CT","","Unknown"
"69951","030772225783","No image URL in portal data","","GAIN LQ HEC ORIGINAL 42 OZ","","Unknown"
"35820","051933358201","No image URL in portal data","","LIQ LAUNDRY MTN FR DETERGENT","","Unknown"
"69953","030772247518","No image URL in portal data","","TIDE LQ PODS ORIGINAL 14 CT","","Unknown"
"17427","037000441908","No image URL in portal data","","TIDE SIMPLY CLNFRSH 38 LOAD","","Unknown"
"72963","030772268384","No image URL in portal data","","TIDE SIMPLY LQ HEC BRRY BLSM","","Unknown"
"69952","030772257432","No image URL in portal data","","GAIN SHEETS ORIGINAL 110 CT","","Unknown"
"93154","000072249311","No image URL in portal data","","AWESOME DRAIN OPENER","","Unknown"
"34175","037000415411","No image URL in portal data","","MR CLEAN LIQUID M/S CLN","","Unknown"
"72343","000019798111","No image URL in portal data","","GLADE HWN BRZ 7.3Z SPRAY","","Unknown"
"8499","","No image URL in portal data","","RAID FLYING INSECT KILLER","","Unknown"
"30958","","No image URL in portal data","","SBY FLY/WASP BAG SHP SSNL","","Unknown"
"30954","072477981144","No image URL in portal data","","SBY PIC METAL FLY SWAT SSNL","","Unknown"
"69967","000081016211","No image URL in portal data","","NEON MINI UTILITY LIGHTR 2PK","","Unknown"
"33885","000085725511","No image URL in portal data","","ALUMINUM COVERS","","Unknown"
"33876","000085725511","No image URL in portal data","","EXTRA DEEP STEAMABLE PAN","","Unknown"
"33867","000085725511","No image URL in portal data","","SQUARE CAKE PAN","","Unknown"
"30656","000064928111","No image URL in portal data","","GLD HRV REG PINT JAR","","Unknown"
"88063","","No image URL in portal data","","ENERGIZER MAX AAA 4 CT","","Unknown"
"92333","","No image URL in portal data","","RAYOVAC 9V BATTERIES","","Unknown"
"22339","","No image URL in portal data","","RAYOVAC C BATTERIES","","Unknown"
"22338","","No image URL in portal data","","RAYOVAC D BATTERIES","","Unknown"
"55232","051131921054","No image URL in portal data","","TARTAN MASKING TAPE 60.1 YD","","Unknown"
"29509","000084653811","No image URL in portal data","","ALPHABET MAGNET 26CT CLPSTRP","","Unknown"
"30909","","No image URL in portal data","","BAMBOO SKEWERS 12 INCH","","Unknown"
"29523","000084653811","No image URL in portal data","","BAMBOO TOOLS ASST 3PK CLPSTP","","Unknown"
"84351","","No image URL in portal data","","BODY PUFF W/SUCTION CUP","","Unknown"
"29528","000084653811","No image URL in portal data","","BOTTLE/CAN OPENER CS","","Unknown"
"29529","000084653811","No image URL in portal data","","BTL/CAN OPEN MULTI PURP","","Unknown"
"29531","000084653811","No image URL in portal data","","CAN/BOTTLE OPEN DLX CS","","Unknown"
"39744","000084653811","No image URL in portal data","","CHEESECLOTH 2 SQ YARDS","","Unknown"
"38771","000084653811","No image URL in portal data","","CHRISTMAS COOKIE CUTTER","","Unknown"
"29532","000084653811","No image URL in portal data","","COFFEE CLIP & SCOOP CS","","Unknown"
"29533","000084653811","No image URL in portal data","","COFFEE STIRRERS 120CT CLPSTP","","Unknown"
"29536","000084653811","No image URL in portal data","","CRUST CUT DINO/BTRFLY CLPSTP","","Unknown"
"36342","000084653811","No image URL in portal data","","DELUXE MEAT THERMOMETER","","Unknown"
"84558","","No image URL in portal data","","DISH BRUSH","","Unknown"
"29537","000084653811","No image URL in portal data","","DISH BRUSH CLIP STRIP","","Unknown"
"29539","000084653811","No image URL in portal data","","EGG SLICER CLIP STRIP","","Unknown"
"39746","000084653811","No image URL in portal data","","FLAVOR INJECTOR CLIP STRIP","","Unknown"
"29541","000084653811","No image URL in portal data","","GRATER CLIP STRIP","","Unknown"
"29542","000084653811","No image URL in portal data","","GRATER/ZESTER CLIP STRIP","","Unknown"
"29543","000084653811","No image URL in portal data","","HAIRBRUSHES ASST CLIP STRIP","","Unknown"
"84557","000084653811","No image URL in portal data","","KID TOOTHBRUSHES 3 PK CDU","","Unknown"
"29544","000084653811","No image URL in portal data","","KITCHN UTLTY SCISSORS CLPSTP","","Unknown"
"29546","000084653811","No image URL in portal data","","LINT ROLLER 36 SHEET CS","","Unknown"
"29548","000084653811","No image URL in portal data","","MEASURE CUP SPOONS CLPSTRIP","","Unknown"
"29549","000084653811","No image URL in portal data","","NUMBER MAGNETS CLIP STRIP","","Unknown"
"29551","000084653811","No image URL in portal data","","OVEN BAGS CLIP STRIP","","Unknown"
"39926","000084653811","No image URL in portal data","","OVEN MITT AST COLOR CLPSTRP","","Unknown"
"29552","000084653811","No image URL in portal data","","PARING KNIFE CERAMIC CLPSTRP","","Unknown"
"29553","000084653811","No image URL in portal data","","PEELER CLIP STRIP","","Unknown"
"29554","000084653811","No image URL in portal data","","PIZZA CUTTER CLIP STRIP","","Unknown"
"39927","000084653811","No image URL in portal data","","POT HOLDER 2PK CLIP STRIP","","Unknown"
"30928","","No image URL in portal data","","SBY FLEX DRINK STRW SHP SSNL","","Unknown"
"30932","000084653811","No image URL in portal data","","SBY ICE CREAM SCOOP SHP SSNL","","Unknown"
"30936","","No image URL in portal data","","SBY JUMBO BAG CLIPS SHP SSNL","","Unknown"
"31782","","No image URL in portal data","","SBY SUPER WIPES SHP SSNL","","Unknown"
"29534","000084653811","No image URL in portal data","","SCOURER COPPER 2PK CLIP STRP","","Unknown"
"29556","000084653811","No image URL in portal data","","SCOURER PLASTIC 3 CT CLPSTRP","","Unknown"
"29567","000084653811","No image URL in portal data","","SCOURER STNLS STL 2PK CLPSTP","","Unknown"
"84354","000084653811","No image URL in portal data","","SILLY STRAWS 6 PK","","Unknown"
"29561","000084653811","No image URL in portal data","","SINK STRAINER CLIP STRIP","","Unknown"
"29563","000084653811","No image URL in portal data","","SLOTTED SPOON DLX CS","","Unknown"
"29564","000084653811","No image URL in portal data","","SMOOTHIE STRAW CLIP STRIP","","Unknown"
"84341","000084653811","No image URL in portal data","","SOUP LADLE CLIP STRIP","","Unknown"
"29566","000084653811","No image URL in portal data","","SPAGHETTI SERVE DLX CS","","Unknown"
"84343","000084653811","No image URL in portal data","","SPATULA NYLON CLIP STRIP","","Unknown"
"84344","000084653811","No image URL in portal data","","SPOON NYLON CLIP STRIP","","Unknown"
"84536","","No image URL in portal data","","SUPER WIPES 8 CT CDU","","Unknown"
"23004","000084653811","No image URL in portal data","","TABLECOVER GRN 54X108 CLPSTP","","Unknown"
"29557","000084653811","No image URL in portal data","","TABLECOVER RED 54X108 CLPSTP","","Unknown"
"29572","000084653811","No image URL in portal data","","TABLECOVER WHITE 54X108","","Unknown"
"29568","000084653811","No image URL in portal data","","TONGS STAINLESS STEEL CLPSTP","","Unknown"
"23006","000084653811","No image URL in portal data","","TOOTHPICKS 2PK 100CT CLPSTRP","","Unknown"
"29524","000084653811","No image URL in portal data","","TURKEY BASTER CLIP STRIP","","Unknown"
"29569","000084653811","No image URL in portal data","","WAITERS CORK SCREW CLP STRIP","","Unknown"
"29571","000084653811","No image URL in portal data","","WHISK STNLS STL DLX CLPSTRP","","Unknown"
"51594","","No image URL in portal data","","SBY UNO CARD GAME SSNL","","Unknown"
"37007","000084140911","No image URL in portal data","","BOTTLE TOP OPENER","","Unknown"
"39317","000085474911","No image URL in portal data","","CONTAINER BOX SET VAR PK","","Unknown"
"84697","000084653811","No image URL in portal data","","CORN HOLDERS 6PK CLIP STRIP","","Unknown"
"18136","000084849611","No image URL in portal data","","DISPOSABLE FACE MASKS","","Unknown"
"36968","000081815911","No image URL in portal data","","HVY DUTY 24IN BUNGE CORD 2PK","","Unknown"
"39924","000084653811","No image URL in portal data","","IRON SCRUB BRUSH","","Unknown"
"37011","000084140911","No image URL in portal data","","KITCHEN SCISSORS","","Unknown"
"37014","000084140911","No image URL in portal data","","LADLE DEEP BLACK NYLON","","Unknown"
"92274","055665803930","No image URL in portal data","","MX EARPHONE W/LGHTNG JACK MARIE CALLENDER'S","","Unknown"
"92273","055665803244","No image URL in portal data","","MX USB C CABLE 5 FT MARIE CALLENDER'S","","Unknown"
"92271","055665803701","No image URL in portal data","","MX USB CAR CHARGER 2 PORT MARIE CALLENDER'S","","Unknown"
"92272","055665803145","No image URL in portal data","","MX USB LIGHTNING CBLE 5FT MARIE CALLENDER'S","","Unknown"
"92269","055665803664","No image URL in portal data","","MX USB WALL CHARGER 2PORT MARIE CALLENDER'S","","Unknown"
"36979","000084140911","No image URL in portal data","","NIGHT LIGHT WITH SWITCH","","Unknown"
"37024","000084140911","No image URL in portal data","","POLY SPOON SET 3PK","","Unknown"
"31947","000060315411","No image URL in portal data","","SBY ADULT SWIM GOGGLES SSNL","","Unknown"
"30908","000084653811","No image URL in portal data","","SBY BAMBOO SKWRS 6"" SHP SSNL","","Unknown"
"31786","000088509311","No image URL in portal data","","SBY COLOR FLM CNDL SHP SSNL","","Unknown"
"31673","","No image URL in portal data","","SBY DOG COLLR/LEASH SHP SSNL","","Unknown"
"30926","000084653811","No image URL in portal data","","SBY EASYPOP ICETRAY SHP SSNL","","Unknown"
"31766","000084653811","No image URL in portal data","","SBY EXTEND RST FORK SHP SSNL","","Unknown"
"32049","000078891511","No image URL in portal data","","SBY LED DOG COLLAR SSNL","","Unknown"
"31977","000081815911","No image URL in portal data","","SBY MATCHES KTCHN 250CT SSNL","","Unknown"
"31785","000088509311","No image URL in portal data","","SBY MUSICAL CANDLE SHP SSNL","","Unknown"
"31955","043517007155","No image URL in portal data","","SBY PLAY BALLS SHP SSNL","","Unknown"
"31682","000078891511","No image URL in portal data","","SBY POKER CARDS SHP SSNL","","Unknown"
"31777","000084653811","No image URL in portal data","","SBY POPCORN BOX SHP","","Unknown"
"31758","000084653811","No image URL in portal data","","SBY SPRAY BOTTLE SHP SSNL","","Unknown"
"31678","000072100411","No image URL in portal data","","SBY SQUEAK CHEW TOY SHP SSNL","","Unknown"
"30939","000084653811","No image URL in portal data","","SBY TEA LIGHTS SHP SSNL","","Unknown"
"31784","000084653811","No image URL in portal data","","SBY TORTILLA WARMER SHP SSNL","","Unknown"
"92218","","No image URL in portal data","","SCOTCH MAGIC TAPE 1 CT","","Unknown"
"37032","000081815911","No image URL in portal data","","SCREWDRIVER SET 4PK","","Unknown"
"37026","000084140911","No image URL in portal data","","SLOTTED BLACK 12IN SPOON","","Unknown"
"36969","000081815911","No image URL in portal data","","UTLITY KNIFE 2PK","","Unknown"
"37029","000084140911","No image URL in portal data","","WOODEN CLOTHES PINS 40PK","","Unknown"
"69964","","No image URL in portal data","","HEAD N SHOULDER 2NI CLSC CLN","","Unknown"
"69963","","No image URL in portal data","","OLD SPICE SWAGGER 2 N 1","","Unknown"
"84177","048155924871","No image URL in portal data","","SS SHAMPOO DEEP MOISTURE","","Unknown"
"84698","","No image URL in portal data","","SS SHAMPOO DEEP MOISTURE","","Unknown"
"84363","048155924888","No image URL in portal data","","SS CONDITIONER LEAVE IN","","Unknown"
"84699","","No image URL in portal data","","SS CONDITIONER LEAVE IN","","Unknown"
"69948","","No image URL in portal data","","VASELINE COCOA LOTION 10 OZ","","Unknown"
"69955","011111124127","No image URL in portal data","","DOVE BW DEEP MOIST","","Unknown"
"92212","","No image URL in portal data","","IRSH SPRNG SOAP BAR 2 CT","","Unknown"
"9737","000080882911","No image URL in portal data","","LUCKY CLEAR LIQUID SOAP","","Unknown"
"72339","","No image URL in portal data","","SOFTSOAP AQUARIUM","","Unknown"
"86982","","No image URL in portal data","","BLISTEX MEDICATED LIP BALM","","Unknown"
"69944","","No image URL in portal data","","CREST CAVITY REGULAR PASTE","","Unknown"
"84535","","No image URL in portal data","","FLOSS PICKS 50 CT CDU","","Unknown"
"39747","000084653811","No image URL in portal data","","FLOSS PICKS 50 CT CLIP STRIP","","Unknown"
"69954","000085194411","No image URL in portal data","","RM ORAL EXTR CARE MED 2 CT","","Unknown"
"84342","000084653811","No image URL in portal data","","TOOTHBRUSH 3 PK CLIP STRIP","","Unknown"
"69945","047400130708","No image URL in portal data","","GILLETTE SENSITIVE SHAVE GEL","","Unknown"
"69747","","No image URL in portal data","","OLD SPICE HE DEO PURE SPORT","","Unknown"
"50236","037000123439","No image URL in portal data","","SECRET INV SOLID PWD FRESH","","Unknown"
"18152","","No image URL in portal data","","SECRET POWDER FRESH DEODRANT","","Unknown"
"72716","036000583397","No image URL in portal data","","KOTEX U BLNCE PREM LONG","","Unknown"
"92282","000085003911","No image URL in portal data","","MDIBST ADULT TUSSIN CGH&CHST","","Unknown"
"91579","000085003911","No image URL in portal data","","MDIBST CHILD TUSSIN CGH&CHST","","Unknown"
"60311","","No image URL in portal data","","PEPTO LIQUID ORIGINAL","","Unknown"
"89042","000035084411","No image URL in portal data","","QUALITY PLUS ALLERGY","","Unknown"
"89051","050844175211","No image URL in portal data","","QUALITY PLUS APAP XTR STRNGH","","Unknown"
"89052","000035084511","No image URL in portal data","","QUALITY PLUS COMBO COLD FLU","","Unknown"
"89062","000035084411","No image URL in portal data","","QUALITY PLUS IBUPROFEN 100CT","","Unknown"
"89053","000035084411","No image URL in portal data","","QUALITY PLUS IBUPROFEN 50 CT","","Unknown"
"89072","050844604155","No image URL in portal data","","QUALITY PLUS PAIN RELIEF","","Unknown"
"89237","000080575211","No image URL in portal data","","QUALITY PLUS SINUS SEVERE","","Unknown"
"92084","000030766111","No image URL in portal data","","TUMS SMOOTHIES ASSTD FRT12CT","","Unknown"
"84432","000000323911","No image URL in portal data","","VAPOCOOL DRP WNTRFRST 18 CT","","Unknown"
"50744","051933507449","No image URL in portal data","","Being Well COTTON SWABS PAPER STICK","Being Well","Unknown"
"84164","000020808811","No image URL in portal data","","LSS HYDRO ANTI ITCH CREAM","","Unknown"
"84165","000080882911","No image URL in portal data","","LSS MUSCLE JNT PAIN RELV CRM","","Unknown"
"69946","000080882911","No image URL in portal data","","PC LUCKY 100 CT BANDAGES","","Unknown"
"69947","000080882911","No image URL in portal data","","PC MICELLAR CLEANSING WATER","","Unknown"
"92037","000078117211","No image URL in portal data","","DREAM CUT FINGERNAIL CLIPPER","","Unknown"
"92039","000078117211","No image URL in portal data","","DREAM CUT SLANT TIP TWEEZERS","","Unknown"
"17768","073800002222","No image URL in portal data","","FAYGO COLA 12 PK TY/SHRNK","","Unknown"
"17772","073800004646","No image URL in portal data","","FAYGO GNGRALE 12PK TY/NSHRNK","","Unknown"
"17657","073800001096","No image URL in portal data","","FAYGO MOONMST 12PK TY SHRINK","","Unknown"
"17766","073800001065","No image URL in portal data","","FAYGO ORANGE 12PK TY/SHRNK","","Unknown"
"17658","073800001058","No image URL in portal data","","FAYGO ROOTBEER 12PK TY/SHRNK","","Unknown"
"17771","073800003847","No image URL in portal data","","FAYGO TWIST 12 PK  TY/SHRNK","","Unknown"
"36106","","No image URL in portal data","","Crystal Falls CRYSTAL 24PK JR WATER PLT","Crystal Falls","Unknown"
"30573","082657504063","No image URL in portal data","","DEER PARK SPRNG WTR 24PK PLT","","Unknown"
"39649","082657500638","No image URL in portal data","","NESTLE DEER PARK DRINKG PLT","","Unknown"
"59287","027541000481","No image URL in portal data","","NIAGARA P.E.T. GALLONS PLT","","Unknown"
"95621","027541000184","No image URL in portal data","","NIAGARA SPRING GALLON","","Unknown"
"95351","075720005994","No image URL in portal data","","POLAND SPRING 0.5L 32PK PLT","","Unknown"
"92481","075720968923","No image URL in portal data","","POLAND SPRING 16.9Z 24PK PLT","","Unknown"
"1379","027541009149","No image URL in portal data","","SBY NIAGARA WTR 24PK 8OZ PLT","","Unknown"
"19758","000061126911","No image URL in portal data","","RED BULL BLUE EDT BLUBRY 12Z","","Unknown"
"78697","000061126911","No image URL in portal data","","RED BULL SPRING LTO 12 FL OZ","","Unknown"
"73342","000061126911","No image URL in portal data","","RED BULL SUMMER LTO","","Unknown"
"78699","000061126911","No image URL in portal data","","RED BULL WINTER LTO 12 OZ","","Unknown"
"18987","070847812715","No image URL in portal data","","SBY MONSTER JAVA LOCA MOCA","","Unknown"
"18986","070847812609","No image URL in portal data","","SBY MONSTER JAVA MEAN BEAN","","Unknown"
"95655","000008111311","No image URL in portal data","","VICTOR ALLEN MOCHA ICED LATTE CAN 11Z","","Unknown"
"14049","014800646085","No image URL in portal data","","HP FRUIT JUICY RED DRP GAL","","Unknown"
"3323","040093100218","No image URL in portal data","","SUN DELLA TROP FRUIT PUNCH","","Unknown"
"92997","","No image URL in portal data","","SUNNY D TANGY ORG 18 CT","","Unknown"
"49327","000088949711","No image URL in portal data","","JUICY JUICE APPLE 48OZ","","Unknown"
"35565","000088949711","No image URL in portal data","","JUICY JUICE BERRY 100%JC 64Z","","Unknown"
"25930","","No image URL in portal data","","MOTT 100% APPLE JCE LS8 64Z","","Unknown"
"2761","","No image URL in portal data","","V8 VEGETABLE 100% JUICE 64Z","","Unknown"
"93019","","No image URL in portal data","","BIG HUG BLUE RASPBERRY","","Unknown"
"93088","","No image URL in portal data","","JUICY JUICE APPLE","","Unknown"
"93089","","No image URL in portal data","","JUICY JUICE PUNCH","","Unknown"
"91627","","No image URL in portal data","","KOOL-AID JAMMER 10PK HP","","Unknown"
"94032","000081011611","No image URL in portal data","","PRIME STRAWBRY BAN 16.9 OZ","","Unknown"
"19878","000085000411","No image URL in portal data","","HP POWDER MIX FRUIT JUICYRED","","Unknown"
"12969","","No image URL in portal data","","SBY KOOL-AID 8FLVR PCKT SHP","","Unknown"
"73063","","No image URL in portal data","","FUN POPS FREEZE POPS PLT","","Unknown"
"93243","","No image URL in portal data","","SBY FUN POPS COMBO PLT","","Unknown"
"93842","071041203613","No image URL in portal data","","SBY FUN POPS FRZPOP 36CT PLT","","Unknown"
"73021","027541346015","No image URL in portal data","","PEAK PROMISE PRTN DRNK CHOCO","","Unknown"
"73025","027541346053","No image URL in portal data","","PEAK PROMISE PRTN DRNK STRWB","","Unknown"
"73024","027541346039","No image URL in portal data","","PEAK PROMISE PRTN DRNK VANIL","","Unknown"
"95521","","No image URL in portal data","","MAXWLL GRD WAKEUP ROAST","","Unknown"
"93125","","No image URL in portal data","","LIPTON TEA BAG 100 CT DRC","","Unknown"
"70227","000008402311","No image URL in portal data","","America's Choice AC CHED & SR CRM CHIPS PLT","America's Choice","Unknown"
"70225","000008402311","No image URL in portal data","","America's Choice AC SOUR CRM&ONION CHIPS PLT","America's Choice","Unknown"
"22752","036300063032","No image URL in portal data","","OLD VIENNA RED HOT RIPPLETS","","Unknown"
"85038","000038000311","No image URL in portal data","","PRG MINGLES CHED & RANCH","","Unknown"
"85039","000038000311","No image URL in portal data","","PRG MINGLES CHED/SR CRM","","Unknown"
"72967","070273004067","No image URL in portal data","","SHULTZ MINI PRETZELS","","Unknown"
"72968","070273004180","No image URL in portal data","","SHULTZ PILLSBURY FILLED PRETZELS","","Unknown"
"72969","070273004074","No image URL in portal data","","SHULTZ PRETZEL STICKS","","Unknown"
"32784","","No image URL in portal data","","Nutsome BAR MIX W/PEANUT TM","Nutsome","Unknown"
"32787","","No image URL in portal data","","Nutsome TEX MEX TRAIL MIX","Nutsome","Unknown"
"32822","","No image URL in portal data","","Nutsome TROPICAL TRAIL MIX","Nutsome","Unknown"
"91252","038445610942","No image URL in portal data","","KINGS ALMND CRNBRY PECN TLMX","","Unknown"
"72398","","No image URL in portal data","","JACK LINK ORIG BF STEAK JRKY","","Unknown"
"93082","","No image URL in portal data","","JLNK BEEF JERKY ORIGINAL DRC","","Unknown"
"93084","","No image URL in portal data","","JLNK BEEF PEPPERED JERKY DRC","","Unknown"
"93085","","No image URL in portal data","","JLNK BEEF SWT HOT JERKY DRC","","Unknown"
"93083","","No image URL in portal data","","JLNK BEEF TERIYAKI JERKY DRC","","Unknown"
"73085","026200002118","No image URL in portal data","","SLIMJIM GAINT BUF CHKN STICK","","Unknown"
"11477","000075843811","No image URL in portal data","","SBY YAESTA PACAYA","","Unknown"
"51550","041331039611","No image URL in portal data","","GOYA TOMATO SAUCE","","Unknown"
"52207","070132006034","No image URL in portal data","","JUANITA MEXICAN HOMINY","","Unknown"
"32770","078883760113","No image URL in portal data","","LA COSTENA NACHO JALAPENO","","Unknown"
"32780","078883809003","No image URL in portal data","","LA COSTENA WHOLE JALAPENO","","Unknown"
"3772","041331026352","No image URL in portal data","","CANILLA LONG GRAIN RICE","","Unknown"
"52240","041331026376","No image URL in portal data","","CANILLA XLNG GR RCE 10LB BAG","","Unknown"
"35795","041331026383","No image URL in portal data","","CANILLA XLNG GR RCE 20LB PLY","","Unknown"
"52230","041331026390","No image URL in portal data","","CANILLA XLNG GR RCE 20LB WVN","","Unknown"
"7991","","No image URL in portal data","","CANILLA XLNG GR RICE PLT","","Unknown"
"21264","041331026215","No image URL in portal data","","GOYA BROWN RICE 5LB BAG","","Unknown"
"52250","041331026055","No image URL in portal data","","GOYA MED GR RICE 10LB BAG","","Unknown"
"35785","041331026062","No image URL in portal data","","GOYA MED GR RICE 20LB POLY","","Unknown"
"52280","041331026079","No image URL in portal data","","GOYA MED GR RICE 20LB WOVEN","","Unknown"
"21265","041331026031","No image URL in portal data","","GOYA MED GRAIN RICE 5LB BAG","","Unknown"
"47817","041331126632","No image URL in portal data","","GOYA MEXICAN RICE CHKN FLVR","","Unknown"
"2073","041331026208","No image URL in portal data","","GOYA THAI JASMNE RCE 5LB BAG","","Unknown"
"28143","041331126625","No image URL in portal data","","GOYA YELLOW RICE MIX","","Unknown"
"3876","","No image URL in portal data","","GOYA YELLOW RICE MIX","","Unknown"
"34804","","No image URL in portal data","","LONG GRAIN RICE 20 LBS","","Unknown"
"30760","051933307605","No image URL in portal data","","RICE MED GRAIN","","Unknown"
"33750","000074370911","No image URL in portal data","","RICO RICE LONG GR 20LB BAG","","Unknown"
"52231","000078162411","No image URL in portal data","","VERDE VALLE LG RICE PLT","","Unknown"
"20767","","No image URL in portal data","","LA MODERNA ASST PASTA PLT","","Unknown"
"32422","044989205117","No image URL in portal data","","LA MODERNA SHELLS","","Unknown"
"51410","041331124669","No image URL in portal data","","GOYA BLACK BEANS 15.5 OZ CAN","","Unknown"
"51580","041331124225","No image URL in portal data","","GOYA CHICK PEAS","","Unknown"
"51620","041331120012","No image URL in portal data","","GOYA GREEN PIGEON PEAS","","Unknown"
"51490","041331124065","No image URL in portal data","","GOYA PINK BEANS","","Unknown"
"51610","041331124379","No image URL in portal data","","GOYA PINTO BEANS","","Unknown"
"51430","041331124027","No image URL in portal data","","GOYA RED KIDNEY BEANS","","Unknown"
"51570","041331124201","No image URL in portal data","","GOYA SMALL RED BEANS","","Unknown"
"32290","075669102815","No image URL in portal data","","IBERIA PIGEON PEAS GREEN","","Unknown"
"60520","044300106376","No image URL in portal data","","ROSARITA REFRIED BEANS 30OZ","","Unknown"
"36834","041331021463","No image URL in portal data","","GOYA SOFRITO JAR","","Unknown"
"15529","043456073501","No image URL in portal data","","MAGGI JUGO SEASONING SAUCE","","Unknown"
"28641","000074673411","No image URL in portal data","","AVIVA SODA CRACKR NORMAL TUB","","Unknown"
"28642","000074673411","No image URL in portal data","","AVIVA SODA CRACKR SALTNE TUB","","Unknown"
"78837","000074683411","No image URL in portal data","","AVIVA SODA CRCKR LITE TUB","","Unknown"
"52156","000087575411","No image URL in portal data","","BAUDUCCO CHOCOLATE WAFER COOKIE","","Unknown"
"79049","","No image URL in portal data","","CUETARA CHAVALIN","","Unknown"
"79048","","No image URL in portal data","","CUETARA DIAVOLIN","","Unknown"
"96967","","No image URL in portal data","","CUETARA GOLDEN ROUNDS","","Unknown"
"79046","","No image URL in portal data","","CUETARA MARIA CON CAJETA","","Unknown"
"79047","","No image URL in portal data","","CUETARA MRIS CAJETA CHOC","","Unknown"
"97353","","No image URL in portal data","","CUETARA SURTIDO DIARIO","","Unknown"
"51775","","No image URL in portal data","","GAMESA EMPERADOR AST PLT","","Unknown"
"79508","","No image URL in portal data","","OREJITAS PUFFED PASTERY","","Unknown"
"78855","074734142572","No image URL in portal data","","PAYASO ROLL CRACKERS","","Unknown"
"33203","074734137141","No image URL in portal data","","PAYASO VANILLA WAFERS","","Unknown"
"81935","000086000911","No image URL in portal data","","TUTY CINNAMON COOKIES","","Unknown"
"81933","000086001211","No image URL in portal data","","TUTY MILK CRML TURNOVERS","","Unknown"
"81934","000086001211","No image URL in portal data","","TUTY PINEAPPLE TURNOVERS","","Unknown"
"81936","000086000911","No image URL in portal data","","TUTY SWEET FLOUR COOKIES","","Unknown"
"11999","050313000020","No image URL in portal data","","CARMELA CORNED BEEF","","Unknown"
"14344","075669109418","No image URL in portal data","","IBERIA OCTOPUS IN GARLIC","","Unknown"
"12049","062385061731","No image URL in portal data","","TULIP JAMONILLA","","Unknown"
"13142","055270844151","No image URL in portal data","","GRACE CHICKEN SOUP","","Unknown"
"56650","070132004009","No image URL in portal data","","JUANITA MENUDO 94 OZ","","Unknown"
"15532","028000511159","No image URL in portal data","","MAGGI BEEF BOUILLON GRANULES","","Unknown"
"15528","028000500313","No image URL in portal data","","MAGGI BEEF BOUILLON TAB","","Unknown"
"5831","043456074904","No image URL in portal data","","MAGGI CHCKN BOUILLON GRN LRG","","Unknown"
"15533","028000803193","No image URL in portal data","","MAGGI CHICK BOUILLON GRNLTD","","Unknown"
"15531","028000247959","No image URL in portal data","","MAGGI CHICKEN BOUILLON TAB","","Unknown"
"12025","015245156160","No image URL in portal data","","LA FE PILONES BAG","","Unknown"
"88852","","No image URL in portal data","","BADIA EXTRA VIRGIN OLIVE OIL","","Unknown"
"69966","","No image URL in portal data","","BADIA SAZON W CORI & ANNATTO","","Unknown"
"3803","000073525711","No image URL in portal data","","D'GARI GRAPE W/WATER","","Unknown"
"3797","000073525711","No image URL in portal data","","D'GARI LIME W/WATER","","Unknown"
"3804","000073525711","No image URL in portal data","","D'GARI ORANGE W/WATER","","Unknown"
"3806","000073525711","No image URL in portal data","","D'GARI PINEAPPLE W/WATER","","Unknown"
"3808","000073525711","No image URL in portal data","","D'GARI SHERRY W/WATER","","Unknown"
"3811","000073525711","No image URL in portal data","","D'GARI STRAWBERRY W/MILK","","Unknown"
"3809","000073525711","No image URL in portal data","","D'GARI STRAWBERRY W/WATER","","Unknown"
"3812","000073525711","No image URL in portal data","","D'GARI UNFLAVORED GELATIN","","Unknown"
"47818","041331021647","No image URL in portal data","","GOYA COCONUT MILK 13.5 OZ CN","","Unknown"
"19234","041331021630","No image URL in portal data","","GOYA CREAM OF COCONUT","","Unknown"
"33202","","No image URL in portal data","","MASECA TAMAL CORN FLOUR","","Unknown"
"51737","000076172111","No image URL in portal data","","MAZOLA CORN OIL","","Unknown"
"91689","","No image URL in portal data","","MAZOLA CORN OIL 128 OZ","","Unknown"
"73219","000007617211","No image URL in portal data","","MAZOLA CORN OIL 2 GAL","","Unknown"
"15516","007411101012","No image URL in portal data","","SARITA CORN HUSKS","","Unknown"
"81829","","No image URL in portal data","","SBY ZULKA PURE CANE SUGAR HP","","Unknown"
"57156","","No image URL in portal data","","ZULKA PURE CANE SUGAR","","Unknown"
"47591","","No image URL in portal data","","BADIA CURRY POWDER","","Unknown"
"51723","033844004217","No image URL in portal data","","BADIA GARLIC IN OIL","","Unknown"
"31365","033844000011","No image URL in portal data","","BADIA GARLIC POWDER","","Unknown"
"3455","","No image URL in portal data","","BADIA SAZON W/ SAFFRON","","Unknown"
"3454","","No image URL in portal data","","BADIA SAZON W/CORI & ANNATTO","","Unknown"
"3456","","No image URL in portal data","","BADIA SAZON W/OUT ANNATTO","","Unknown"
"47815","041331038270","No image URL in portal data","","GOYA ADOBO W/PEPPER","","Unknown"
"41764","041331030601","No image URL in portal data","","GOYA MOJO CRIOLLO MARINADE","","Unknown"
"47813","041331037761","No image URL in portal data","","GOYA SAZON CUL/ACH","","Unknown"
"57159","001811752010","No image URL in portal data","","SARITA GUAJILLO PEPPERS","","Unknown"
"27989","071524169856","No image URL in portal data","","SBY LA PREFERIDA FAJITA SEASONING","","Unknown"
"78239","000007469411","No image URL in portal data","","CONSTANZA SALSA INGLESA","","Unknown"
"72296","000074623811","No image URL in portal data","","BOLAZUL GRANDE DETERGENT 5PK","","Unknown"
"78234","000074623811","No image URL in portal data","","CANDADO JABON BOLA 5 PK","","Unknown"
"78233","000074623811","No image URL in portal data","","CANDADO JABON PRIMAVERA 5 PK","","Unknown"
"78748","043152021868","No image URL in portal data","","ENSUENO SPRING FRESH PLT","","Unknown"
"70193","000074623811","No image URL in portal data","","HISPANO JABON LIQ HE 50 OZ","","Unknown"
"70187","000074623811","No image URL in portal data","","HISPANO OCTAGONAL SOAP 5PK","","Unknown"
"9000","012005426631","No image URL in portal data","","SBY FOCA LIQUID DETERGENT","","Unknown"
"2775","012005005737","No image URL in portal data","","ZOTE LAUNDRY SOAP WHITE","","Unknown"
"22329","020307979182","No image URL in portal data","","CARISMA SCNT GUADALUPE PINK","","Unknown"
"57637","020307586106","No image URL in portal data","","CARISMA SOLID WHITE CANDLE","","Unknown"
"88239","000074258711","No image URL in portal data","","IMUSA CALDERO #7 4.8QT","","Unknown"
"88238","000074258711","No image URL in portal data","","IMUSA CALDERO #9 7.5QT","","Unknown"
"63152","000094046211","No image URL in portal data","","IMUSA CAST IRON SKILLET 10""","","Unknown"
"51540","041331040082","No image URL in portal data","","GOYA MALTA N/A MALT BEV 10PK","","Unknown"
"32750","094478216230","No image URL in portal data","","JARRITOS FRT PUNCH SODA 1.5L","","Unknown"
"58433","090478410036","No image URL in portal data","","JARRITOS FRUIT PUNCH GLASS","","Unknown"
"38855","090478216263","No image URL in portal data","","JARRITOS GRAPEFRT SODA 1.5L","","Unknown"
"2722","090478410074","No image URL in portal data","","JARRITOS GRAPEFRUIT GLASS","","Unknown"
"2724","090478410081","No image URL in portal data","","JARRITOS GUAVA GLASS","","Unknown"
"58434","090478410050","No image URL in portal data","","JARRITOS LIME GLASS","","Unknown"
"23175","090478216256","No image URL in portal data","","JARRITOS LIME SODA 1.5 LTR","","Unknown"
"58423","090478410012","No image URL in portal data","","JARRITOS MANDARIN SODA GLASS","","Unknown"
"2723","090478410104","No image URL in portal data","","JARRITOS MANGO GLASS","","Unknown"
"23185","090478216294","No image URL in portal data","","JARRITOS MANGO SODA 1.5 LTR","","Unknown"
"58432","090478410043","No image URL in portal data","","JARRITOS PINEAPPLE GLASS","","Unknown"
"58435","090478410098","No image URL in portal data","","JARRITOS STRAWBERRY GLASS","","Unknown"
"59229","090478410029","No image URL in portal data","","JARRITOS TAMARIND GLASS","","Unknown"
"32785","094478216223","No image URL in portal data","","JARRITOS TAMARIND SODA 1.5L","","Unknown"
"50273","081553121701","No image URL in portal data","","MALTA INDIA 6 BOTTLE PACK","","Unknown"
"46132","088250273887","No image URL in portal data","","MALTA REGAL 6 PK","","Unknown"
"33770","081553021803","No image URL in portal data","","MLTA NDIA N/A MLT BEV 6P","","Unknown"
"58429","090478321004","No image URL in portal data","","SANGRIA SENORIAL GLASS","","Unknown"
"79705","","No image URL in portal data","","SBY FRUITY KING BLUEBERRY","","Unknown"
"79703","","No image URL in portal data","","SBY FRUITY KING ORANGE","","Unknown"
"79706","","No image URL in portal data","","SBY FRUITY KING PINEAPPLE","","Unknown"
"79704","","No image URL in portal data","","SBY FRUITY KING PUNCH","","Unknown"
"58428","090478331003","No image URL in portal data","","SIDRAL MUNDET GLASS","","Unknown"
"14159","000073729711","No image URL in portal data","","VITAMALT CLASSIC 6PK GLASS","","Unknown"
"2067","000088439411","No image URL in portal data","","FARMER'S ALOE ORIG TETR 1.5L","","Unknown"
"2797","016229914578","No image URL in portal data","","FOCO 100% COCONT WTR TETR 1L","","Unknown"
"54141","000075417811","No image URL in portal data","","KLASS JAMAICA 9QT","","Unknown"
"90611","","No image URL in portal data","","KLASS STICK SHP","","Unknown"
"39827","023545701164","No image URL in portal data","","LA FE MANGO JUICE DRNK TETRA","","Unknown"
"70205","000074601111","No image URL in portal data","","RICA FRUIT PNCH DRNK 3PK TET","","Unknown"
"70206","000074601111","No image URL in portal data","","RICA MANGO NECTAR 3PK TETRA","","Unknown"
"70204","000074601111","No image URL in portal data","","RICA ORANGE DRINK 3PK TETRA","","Unknown"
"70212","000074601111","No image URL in portal data","","RICA ORANGE JCE DRNK 1L TETR","","Unknown"
"70215","000074601111","No image URL in portal data","","RICA PASSION FRT DRNK 1L TET","","Unknown"
"70219","000074601111","No image URL in portal data","","RICA PINEAPPL JCEDRNK 1L TET","","Unknown"
"97357","","No image URL in portal data","","SBY KLASS ATOLE ASST SHP","","Unknown"
"32200","074471017201","No image URL in portal data","","CAFE BUSTELO COFFEE BRICK","","Unknown"
"54192","028000466312","No image URL in portal data","","NESCAFE CLASICO","","Unknown"
"20707","000075752811","No image URL in portal data","","BARCEL ARTSN JALA KTTL CHIP","","Unknown"
"20709","000075752811","No image URL in portal data","","BARCEL MINI TAKIS FEUGO 25CT","","Unknown"
"20704","000075752811","No image URL in portal data","","BARCEL STIX FUEGO","","Unknown"
"20731","000075752811","No image URL in portal data","","BARCEL TAKIS BLUE HEAT","","Unknown"
"20701","000075752811","No image URL in portal data","","BARCEL TAKIS FEUGO","","Unknown"
"38105","000072486911","No image URL in portal data","","JAPONES DE LA ROSA","","Unknown"
"35840","079426211406","No image URL in portal data","","RICOS NACHO CHEESE SAUCE","","Unknown"
"91564","000075752811","No image URL in portal data","","TAKIS BLUE HEAT TORTL CHIPS","","Unknown"
"93426","000075752811","No image URL in portal data","","TAKIS BUCKIN RANCH","","Unknown"
"91562","000075752811","No image URL in portal data","","TAKIS FUEGO TORTILLA CHIPS","","Unknown"
"92169","000075752811","No image URL in portal data","","TAKIS INTENSE NACHO","","Unknown"
"33204","073731000281","No image URL in portal data","","YELLOW TORTILLA CHIPS ROUND","","Unknown"
"65277","043354007905","No image URL in portal data","","CHI CHI WHOLE WHT TORTLA","","Unknown"
"39015","027331000387","No image URL in portal data","","LA BANDERITA 80CT TORTILLA","","Unknown"
"84482","","No image URL in portal data","","LA FE CASABE CASSAVE BREAD","","Unknown"
"97346","076406002221","No image URL in portal data","","JMX KID ROCKET DSPLY RACK","","Unknown"
"21116","","No image URL in portal data","","BARCEL DISP RACK LANE BLOCK","","Unknown"
"21117","","No image URL in portal data","","BARCEL DISPLAY RACK 4X2","","Unknown"
"21972","","No image URL in portal data","","BARCEL RACK LANE BLCKR BX2","","Unknown"
"92734","000085137611","No image URL in portal data","","Triumph TRIUMPH CARDINAL PAPER TOWEL","Triumph","Unknown"
"36374","051933359239","No image URL in portal data","","Triumph PREMIUM NAPKINS","Triumph","Unknown"
"37584","","No image URL in portal data","","Triumph LAVENDER FLEX DS 13 GALLON","Triumph","Unknown"
"31654","051933316546","No image URL in portal data","","Save A Lot - Bags LAMINATED TOTE LARGE BAG","Save A Lot - Bags","Unknown"
"31653","051933316539","No image URL in portal data","","Save A Lot - Bags LAMINATED TOTE SMALL BAG","Save A Lot - Bags","Unknown"
"78832","051933373839","No image URL in portal data","","10 CENT PLASTIC SHOP BAG-DOT","","Unknown"
"37382","051933373822","No image URL in portal data","","3 CENT PLASTIC SHOP BAG","","Unknown"
"78833","051933373846","No image URL in portal data","","PROMO SHOPPING BAG-DOT","","Unknown"
"31086","","No image URL in portal data","","Triumph FREEZER BAG GAL ZIP","Triumph","Unknown"
"31351","051933313514","No image URL in portal data","","Triumph SNACK ZIP BAGS","Triumph","Unknown"
"31356","","No image URL in portal data","","Triumph STORAGE BAG GALLON ZIP","Triumph","Unknown"
"37573","","No image URL in portal data","","Triumph STORAGE BAG SLIDER GALLON","Triumph","Unknown"
"37056","051933370562","No image URL in portal data","","Triumph ULTRA PAPER PLATES 45CT","Triumph","Unknown"
"69980","000085862211","No image URL in portal data","","GDCO PLASTIC CUTTERY ASSORTD","","Unknown"
"69979","000085862211","No image URL in portal data","","GDCO PLASTIC CUTTERY FORKS","","Unknown"
"69779","000085862211","No image URL in portal data","","GOODCO PLASTIC CUTLERY FORK","","Unknown"
"69778","000085862211","No image URL in portal data","","GOODCO PLASTIC CUTLERY SPOON","","Unknown"
"31357","","No image URL in portal data","","Triumph DEEP FOOD STORAGE 4 CT","Triumph","Unknown"
"35514","","No image URL in portal data","","Triumph WRGHTWARE MED SQUR W/LID4SET","Triumph","Unknown"
"2457","000088810911","No image URL in portal data","","HOSTESS BAG DONUT CHOC FROSTED","","Unknown"
"2458","000088810911","No image URL in portal data","","HOSTESS BAG DONUT POWDERED","","Unknown"
"2012","000088810911","No image URL in portal data","","HOSTESS CHOC CUP CAKE 8CT","","Unknown"
"20791","000088810911","No image URL in portal data","","HOSTESS CHOC ZINGER 10CT","","Unknown"
"2015","000088810911","No image URL in portal data","","HOSTESS COFFEE CAKE 8CT","","Unknown"
"2014","000088810911","No image URL in portal data","","HOSTESS DING DONGS 10CT","","Unknown"
"22604","000088810911","No image URL in portal data","","HOSTESS LEMON DRIZZLE BABY BUNDT","","Unknown"
"57088","000088810911","No image URL in portal data","","HOSTESS SNOWBALLS 6 CT","","Unknown"
"72711","000008881111","No image URL in portal data","","HOSTESS SUZY Q'S 4 CT","","Unknown"
"2013","000088810911","No image URL in portal data","","HOSTESS TWINKIE 10CT","","Unknown"
"35612","072108640037","No image URL in portal data","","MOON PIE BANANA 8 CT","","Unknown"
"35602","072108640013","No image URL in portal data","","MOON PIE CHOCOLATE 8 CT","","Unknown"
"78730","","No image URL in portal data","","JOY CONE JUMBO CUP 12CT","","Unknown"
"78731","","No image URL in portal data","","JOY CONE SUGAR CONE 12 CT","","Unknown"
"99491","","No image URL in portal data","","HRSHY STRAWBERRY SYRUP","","Unknown"
"93026","000081003711","No image URL in portal data","","PAMPA CHOCOLATE SYRUP","","Unknown"
"93027","000081003711","No image URL in portal data","","PAMPA STRAWBERRY SYRUP","","Unknown"
"41532","023545002643","No image URL in portal data","","LA FE GREEN PIGEON PEAS","","Unknown"
"50229","023545004043","No image URL in portal data","","LA FE SWEET PLANTAIN","","Unknown"
"57243","000085663911","No image URL in portal data","","LA REYNA TOSTONES","","Unknown"
"57244","000085663911","No image URL in portal data","","LA REYNA YUCA","","Unknown"
"39087","055270958551","No image URL in portal data","","SBY GRACE MILD BEEF PATTY","","Unknown"
"78795","043301000041","No image URL in portal data","","CHECKER RALLYS WAFFLE FRIES","","Unknown"
"29937","043301611636","No image URL in portal data","","GII CRISPY TATER TOTS","","Unknown"
"19807","","No image URL in portal data","","HANKA CHEDDAR PIEROGIES","","Unknown"
"56200","079206000015","No image URL in portal data","","HANKA POTATO/CHEESE PIEROGIS","","Unknown"
"72545","044857007935","No image URL in portal data","","HMSTYL HSH BRWN PATTY CLR BG","","Unknown"
"69786","000086001611","No image URL in portal data","","NOBRAND CLR BAG WAFFLE FRIES","","Unknown"
"73311","000086001511","No image URL in portal data","","NOBRAND TATER TOTS CLEAR BAG","","Unknown"
"21430","041118009028","No image URL in portal data","","ELLIO'S CHEESE PIZZA 9 SLICE","","Unknown"
"91501","047861111131","No image URL in portal data","","IMO'S MIGHTY MEAT PIZZA","","Unknown"
"91503","047861000053","No image URL in portal data","","IMO'S PEPPERONI PIZZA","","Unknown"
"91502","047861111117","No image URL in portal data","","IMO'S SUPREME PIZZA","","Unknown"
"54418","074653791875","No image URL in portal data","","JACK'S ORIG THIN PEPP PIZZA","","Unknown"
"54419","074653393932","No image URL in portal data","","JACK'S SAUSAGE/PEPP PIZZA","","Unknown"
"54421","074653652435","No image URL in portal data","","JACK'S THIN SUPREME PIZZA","","Unknown"
"19812","072180638113","No image URL in portal data","","RED BARON BRICK OVEN PEPPR PZ","","Unknown"
"13727","072180634733","No image URL in portal data","","RED BARON CLASSIC PEPP","","Unknown"
"19912","072180631930","No image URL in portal data","","RED BARON SAUSAGE SCRAMBL","","Unknown"
"15684","072180733665","No image URL in portal data","","RED BARON SINGLES PEPPRNI","","Unknown"
"92015","071007001376","No image URL in portal data","","EL MONTEREY EXT CRNCHY TACO BEEF TAQ","","Unknown"
"24992","000083539111","No image URL in portal data","","FINGER FOOD BUFF CHCKN LOGS","","Unknown"
"1786","000083539111","No image URL in portal data","","FINGER FOOD PIZZA LOGS 12 CT","","Unknown"
"24994","000083539111","No image URL in portal data","","FINGER FOOD TACO LOGS 12CT","","Unknown"
"95869","077886401023","No image URL in portal data","","LOUISA TOASTED 4 CHS RAVIOLI","","Unknown"
"21080","077886001506","No image URL in portal data","","LOUISA TOASTED RAVIOLI","","Unknown"
"78807","","No image URL in portal data","","SNAPPS JALAPENO BITES","","Unknown"
"78805","","No image URL in portal data","","SNAPPS LOADED POTATO STICK","","Unknown"
"78806","","No image URL in portal data","","SNAPPS MOZZARELLA STICKS","","Unknown"
"20647","","No image URL in portal data","","TGIF BUFFALO STYLE WINGS","","Unknown"
"20646","","No image URL in portal data","","TGIF HONEY BBQ WINGS","","Unknown"
"78702","","No image URL in portal data","","EGGO 24CT BUTRMLK WAFFLE","","Unknown"
"91734","000074816211","No image URL in portal data","","SIS DINNER ROLLS 10CT","","Unknown"
"32962","","No image URL in portal data","","Grissom's GRISSOMS CHSCAKE SAMPLER","Grissom's","Unknown"
"32449","","No image URL in portal data","","Grissom's GRISSOMS NY STYLE CHSCAKE","Grissom's","Unknown"
"32448","","No image URL in portal data","","Grissom's GRSSM CHEESECAKE SLICE","Grissom's","Unknown"
"72719","071421001297","No image URL in portal data","","FAST BITE BBQ RIB SANDWICH","","Unknown"
"72677","082988022069","No image URL in portal data","","WHITE CASTLE CHDR BCN SLDR","","Unknown"
"17552","","No image URL in portal data","","WHITE CASTLE CHEESEBURGERS 6PK","","Unknown"
"69959","","No image URL in portal data","","MICHELINA'S BEEF & PEPPERS","","Unknown"
"21206","000071785411","No image URL in portal data","","MICHELINA'S BUFFALO SNACKERS","","Unknown"
"69962","","No image URL in portal data","","MICHELINA'S CHICKEN FRIED RICE","","Unknown"
"69958","","No image URL in portal data","","MICHELINA'S FETT ALFRD W CHKN &BROC","","Unknown"
"16049","000071785411","No image URL in portal data","","MICHELINA'S FETTUCINE ALFREDO","","Unknown"
"69956","","No image URL in portal data","","MICHELINA'S FETTUCINE ALFREDO","","Unknown"
"69957","","No image URL in portal data","","MICHELINA'S MAC & CHEESE","","Unknown"
"69960","","No image URL in portal data","","MICHELINA'S SALISBURY STEAK","","Unknown"
"69961","","No image URL in portal data","","MICHELINA'S SPICY CHICKEN ALFREDO","","Unknown"
"30253","071007014673","No image URL in portal data","","EL MONTEREY BEEF BEAN & CHS CHIMICHNG","","Unknown"
"20461","031000113032","No image URL in portal data","","BANQUET FSE SLICED TURKEY FRZ","","Unknown"
"73044","031000003982","No image URL in portal data","","BANQUET MEGA ORG CHICKEN TENDERS","","Unknown"
"78773","","No image URL in portal data","","BANQUET ORIGINAL FRIED CHICKEN","","Unknown"
"78774","","No image URL in portal data","","BANQUET SOUTHERN FRIED CHICKEN","","Unknown"
"16382","070575040220","No image URL in portal data","","ON-COR LASAGNA W/MEAT SAUCE","","Unknown"
"43450","041308000279","No image URL in portal data","","REAMES FRZN EGG NOODLES","","Unknown"
"49666","073744033504","No image URL in portal data","","MURRY BEEF SUB STEAKS","","Unknown"
"59429","072545070015","No image URL in portal data","","STEAK-UMM CHICKEN STEAK","","Unknown"
"49459","000068085311","No image URL in portal data","","CHDWCK CHKN TENDERLOIN FRTTR","","Unknown"
"72939","","No image URL in portal data","","DUTCH FARMS CHICKEN NUGGETS","","Unknown"
"72942","","No image URL in portal data","","DUTCH FARMS CHICKEN PATTIES","","Unknown"
"72938","","No image URL in portal data","","DUTCH FARMS CHICKEN RINGS","","Unknown"
"72937","","No image URL in portal data","","DUTCH FARMS CHICKEN TENDERS","","Unknown"
"72945","","No image URL in portal data","","DUTCH FARMS FULLY COOKED BBQ WING","","Unknown"
"72944","","No image URL in portal data","","DUTCH FARMS FULLY COOKED BUFFALO WING","","Unknown"
"72943","","No image URL in portal data","","DUTCH FARMS HOT & SPICY CHICKEN NUGGT","","Unknown"
"72933","","No image URL in portal data","","DUTCH FARMS OTT BNLS CHICKEN WING","","Unknown"
"72934","","No image URL in portal data","","DUTCH FARMS OTT BUFFSTYL BNLS CHKNWNG","","Unknown"
"72932","","No image URL in portal data","","DUTCH FARMS OTT CRISPY CHICKEN TENDER","","Unknown"
"72936","","No image URL in portal data","","DUTCH FARMS OTT GENERAL TSO CHICKEN","","Unknown"
"72935","","No image URL in portal data","","DUTCH FARMS OTT ORANGE CHICKEN","","Unknown"
"77562","000000077562","No image URL in portal data","","PERDUE FC BI 52PC FRIED CHKN","","Unknown"
"78810","023700061553","No image URL in portal data","","TYSON FC CSPY WNG GAR PARM","","Unknown"
"78809","023700061560","No image URL in portal data","","TYSON FC CSPY WNG RTSE SSND","","Unknown"
"81782","000071785411","No image URL in portal data","","WHITE CASTLE CHICKEN RINGS ORIG","","Unknown"
"78787","000071785411","No image URL in portal data","","WHITE CASTLE CHKN RING RANCH","","Unknown"
"70446","","No image URL in portal data","","BV SALTED POLLOCK FILLETS","","Unknown"
"54332","000075504611","No image URL in portal data","","HRVSTSL CATFISH 4-7 CUT FLET","","Unknown"
"95707","000085439311","No image URL in portal data","","NATURES BEST WHOLE TILAPIA","","Unknown"
"70382","","No image URL in portal data","","NB SALMON PORTIONS IVP","","Unknown"
"75629","000085439311","No image URL in portal data","","NT BST IVP COD PORTIONS","","Unknown"
"76282","000066507311","No image URL in portal data","","PANAMEI IVP SALMON PORTIONS","","Unknown"
"95751","","No image URL in portal data","","PANM IQF BAY SCALLOP 80/100","","Unknown"
"72606","000085439311","No image URL in portal data","","COOKED P&D SHRIMP IQF 26/30","","Unknown"
"76711","000085439311","No image URL in portal data","","HEADLSS SHELL ON RED SHRIMP","","Unknown"
"99261","000066507311","No image URL in portal data","","PANM RAW EZ PEEL SHRMP 21-25","","Unknown"
"99411","000064728311","No image URL in portal data","","TROPICAL BROKEN RAW SHRMP","","Unknown"
"31518","","No image URL in portal data","","Portside FISH STICKS","Portside","Unknown"
"31517","","No image URL in portal data","","Portside PORTSIDE BATTERED FILLETS","Portside","Unknown"
"6986","041600669280","No image URL in portal data","","FSHR BOY 90CT FISH STICKS","","Unknown"
"49662","073744024250","No image URL in portal data","","MURRY FISH STEAKS","","Unknown"
"49663","073744024243","No image URL in portal data","","MURRY FISH STICKS","","Unknown"
"95491","000008500211","No image URL in portal data","","NB BREADED OYSTERS 25/35 CT","","Unknown"
"79475","","No image URL in portal data","","PIER 33 WHOLE COOKD MUSS NAT","","Unknown"
"95921","000074616711","No image URL in portal data","","TC JUMBO BEER BATTERD SHRIMP","","Unknown"
"79376","000006767111","No image URL in portal data","","OCN CH SNW CRAB CLUSTR 5/8","","Unknown"
"14923","000008247111","No image URL in portal data","","PIER 33 GOURMET WHLE MUSSELS","","Unknown"
"99761","063518211122","No image URL in portal data","","QUINLAN SNOW CRAB CLUSTR 5/8","","Unknown"
"24969","000082650511","No image URL in portal data","","RISING TIDE MUSSELS","","Unknown"
"78732","000062817611","No image URL in portal data","","ROBISEA SNOW CRAB CLUSTR 5/8","","Unknown"
"76479","000008500211","No image URL in portal data","","SURIMI SUPER SNOW CRAB LEGS","","Unknown"
"95721","","No image URL in portal data","","Pick 5 P5 BREADED OKRA","Pick 5","Unknown"
"25018","000069224411","No image URL in portal data","","Pick 5 PICK 5 BABY LIMA BEANS","Pick 5","Unknown"
"25019","000085998711","No image URL in portal data","","Pick 5 PICK 5 CHICKEN BISCUITS","Pick 5","Unknown"
"35505","","No image URL in portal data","","Pick 5 PICK 5 CHICKEN FRIES","Pick 5","Unknown"
"35372","","No image URL in portal data","","Pick 5 PICK 5 CHICKEN NUGGET","Pick 5","Unknown"
"35352","","No image URL in portal data","","Pick 5 PICK 5 CHICKEN PATTY","Pick 5","Unknown"
"35413","","No image URL in portal data","","Pick 5 PICK 5 CHICKEN STRIP","Pick 5","Unknown"
"37357","051933373570","No image URL in portal data","","Pick 5 PICK 5 MILD SAUSAGE PATTIES","Pick 5","Unknown"
"50604","000085998711","No image URL in portal data","","Pick 5 PICK 5 PEPPERONI MINI BAGELS","Pick 5","Unknown"
"35507","","No image URL in portal data","","Pick 5 PICK 5 POPCORN CHICKEN","Pick 5","Unknown"
"92188","000069224411","No image URL in portal data","","Pick 5 PICK 5 POTATO TOTS","Pick 5","Unknown"
"25026","000069224411","No image URL in portal data","","Pick 5 PICK 5 PURPLE HULL PEAS","Pick 5","Unknown"
"39342","","No image URL in portal data","","Pick 5 PICK 5 SAL MINI CORNDG 30 CT","Pick 5","Unknown"
"91499","000069224411","No image URL in portal data","","Pick 5 PICK 5 SAUSAGE BISCUITS","Pick 5","Unknown"
"95731","","No image URL in portal data","","Pick 5 PICK5 SEASOND STRAIGHT FRIES","Pick 5","Unknown"
"69765","000069224311","No image URL in portal data","","Pick 5 SEM PICK 5 TACO BITES","Pick 5","Unknown"
"20066","000085998711","No image URL in portal data","","CHOC CHIP COOKIE DGH P5","","Unknown"
"20067","000069224311","No image URL in portal data","","CINNAMON ROLLS P5","","Unknown"
"69976","000069224411","No image URL in portal data","","PICK 5 CALIFORNIA BLEND","","Unknown"
"69975","000069224411","No image URL in portal data","","PICK 5 CUT BROCCOLI","","Unknown"
"69974","000069224411","No image URL in portal data","","PICK 5 CUT GREEN BEANS","","Unknown"
"69977","000069224411","No image URL in portal data","","PICK 5 HASHBROWN 12 CT","","Unknown"
"74620","000085998711","No image URL in portal data","","PICK 5 MINI CHCKN SLIDER","","Unknown"
"78668","","No image URL in portal data","","SE P5 CHICKEN TENDER FRITTER","","Unknown"
"91529","000069224411","No image URL in portal data","","SE PICK 5 BRD CHKN BRST FLTS","","Unknown"
"91528","000069224411","No image URL in portal data","","SE PICK 5 FRENCH TOAST STICK","","Unknown"
"91532","000069224411","No image URL in portal data","","SE PICK 5 SAUS EGG CH BFAST","","Unknown"
"91538","000069224411","No image URL in portal data","","SE PICK 5 SHOESTRING FRIES","","Unknown"
"19667","039226111221","No image URL in portal data","","ASSORTED DONUTS","","Unknown"
"19664","039226111344","No image URL in portal data","","CHOCOLATE DONUTS","","Unknown"
"19666","039226970347","No image URL in portal data","","CHOCOLATE MINI DONUTS","","Unknown"
"19671","039226970330","No image URL in portal data","","CINNAMON MINI DONUTS","","Unknown"
"19668","039226970231","No image URL in portal data","","CRUNCH MINI DONUTS","","Unknown"
"92995","076265006156","No image URL in portal data","","JUMBO GLAZED DONUTS 12CT","","Unknown"
"33917","076265403801","No image URL in portal data","","MAPLE APPLE FRITTER 4PK","","Unknown"
"33929","076265404501","No image URL in portal data","","MAPLE CINNAMON ROLLS 4CT","","Unknown"
"36020","072250903141","No image URL in portal data","","MRS. FRESHLEY'S BAG CHOCOLATE DONUTS","","Unknown"
"18525","072250012768","No image URL in portal data","","MRS. FRESHLEY'S POWERED SUGAR BAG DONUT","","Unknown"
"19669","039226970224","No image URL in portal data","","POWDER MINI DONUTS","","Unknown"
"78827","072250010634","No image URL in portal data","","WONDER FROSTED DONUTS","","Unknown"
"95784","000082305711","No image URL in portal data","","BURRY ANGEL FOOD CAKE","","Unknown"
"92991","000082305711","No image URL in portal data","","BURRY LMN STREUSEL CAKE SLCS","","Unknown"
"92989","000082305711","No image URL in portal data","","BURRY MISSIPPI MUD CAKE SLCS","","Unknown"
"95056","083142741017","No image URL in portal data","","BURRY PRIDE VAN POUND CAKE","","Unknown"
"69752","040697026556","No image URL in portal data","","CAFÉ VALLEY CHOCALATE CUPCAKES 12CT","","Unknown"
"84740","040697640394","No image URL in portal data","","CAFÉ VALLEY MISSISSIPPI MUD CAKE","","Unknown"
"84739","040697640455","No image URL in portal data","","CAFÉ VALLEY SOCK IT TO ME CAKE","","Unknown"
"69755","040697026570","No image URL in portal data","","CAFÉ VALLEY VANILLA CUPCAKES 12CT","","Unknown"
"18300","072207246208","No image URL in portal data","","JJ'S CHOCOLATE PIE","","Unknown"
"78840","000070173111","No image URL in portal data","","MBB CHEESE DANISH STRIP","","Unknown"
"78841","000070173111","No image URL in portal data","","MBB STRWBRY CHSE DANISH STRP","","Unknown"
"88673","","No image URL in portal data","","MRS. FRESHLEY'S CHOCOLATE CUPCAKE 6 CT","","Unknown"
"18635","072250018494","No image URL in portal data","","MRS. FRESHLEY'S RASPBERRY DREAMIES","","Unknown"
"11494","072250008662","No image URL in portal data","","MRS. FRESHLEY'S VANILLA CUPCAKE 6CT","","Unknown"
"70202","072250013680","No image URL in portal data","","WONDER BANANA CREME CAKES","","Unknown"
"73957","085264003011","No image URL in portal data","","BIG TEXAS CINN ROLLS 6CT","","Unknown"
"69784","040697411147","No image URL in portal data","","CAFÉ VALLEY APPLE TURNOVER 4CT","","Unknown"
"69783","040697412144","No image URL in portal data","","CAFÉ VALLEY CHERRY TURNOVER 4CT","","Unknown"
"90311","","No image URL in portal data","","NATURE'S GRAIN ENGLISH MUFFINS 6CT","","Unknown"
"52104","073124018046","No image URL in portal data","","TOUFAYAN BLUBRY BAGL 6CT","","Unknown"
"95973","","No image URL in portal data","","CAFÉ VALLEY CROISSANT 6 CT","","Unknown"
"95971","","No image URL in portal data","","CAFÉ VALLEY MINI CROISSANT 15CT","","Unknown"
"27010","047300101198","No image URL in portal data","","BROWN & SERVE ROLLS 12CT","","Unknown"
"90319","047300902474","No image URL in portal data","","NATGRN HAWAIIAN DNR RL 12CT","","Unknown"
"78724","000085952611","No image URL in portal data","","NATGRN WHEAT SLICED LOAF","","Unknown"
"78723","000085952611","No image URL in portal data","","NATGRN WHITE SLICED LOAF","","Unknown"
"91553","047300903631","No image URL in portal data","","NATURE'S GRAIN BUTTER BREAD SLCE LF","","Unknown"
"91886","","No image URL in portal data","","NATURE'S GRAIN HOAGIE ROLLS 6 CT","","Unknown"
"91575","047300903624","No image URL in portal data","","NATURE'S GRAIN HONEY WHEAT SLICE LF","","Unknown"
"91512","047300903112","No image URL in portal data","","NATURE'S GRAIN HTDG BUN WHITE NG8PK","","Unknown"
"92209","","No image URL in portal data","","LIFEHOUSE PINK SUGAR FROSTD CKIES","","Unknown"
"8248","075243201156","No image URL in portal data","","MAYFIELD CHOCOLATE CLASSIC I","","Unknown"
"52953","075243201446","No image URL in portal data","","MAYFIELD ICE CREAM VANILLA","","Unknown"
"8242","075243201330","No image URL in portal data","","MAYFIELD NEAPLTN CLASSIC IC","","Unknown"
"8258","075243201361","No image URL in portal data","","MAYFIELD STRAWBERRY CLASSIC","","Unknown"
"45547","","No image URL in portal data","","Crown Creamery MOOSE TRACKS ICE CREAM","Crown Creamery","Unknown"
"33331","","No image URL in portal data","","Crown Creamery SEA SALT CARAMEL ICE CREAM","Crown Creamery","Unknown"
"8287","075243201231","No image URL in portal data","","MAYFIELD  COOKIES&CREAM PREM","","Unknown"
"8299","075243201200","No image URL in portal data","","MAYFIELD  TURTLE TRACKS PREM","","Unknown"
"73053","","No image URL in portal data","","MAYFIELD BIRTHDAY CAKE ICRM","","Unknown"
"73054","","No image URL in portal data","","MAYFIELD BROWN COW ICE CREAM","","Unknown"
"91422","075243207059","No image URL in portal data","","MAYFIELD PEACH & CREAM ICRM","","Unknown"
"73051","075243207110","No image URL in portal data","","MAYFIELD PNTBTR COOKIE & CRM","","Unknown"
"73049","075243207103","No image URL in portal data","","MAYFIELD STRAWBERRY ICREAM","","Unknown"
"84728","020735161401","No image URL in portal data","","TOLLHOUSE PRM BLACK CHERRY ICE CRM","","Unknown"
"84731","020735161241","No image URL in portal data","","TOLLHOUSE PRM CHOC MINT CHIP ICRM","","Unknown"
"84725","020735161326","No image URL in portal data","","TOLLHOUSE PRM CHOC PNT BTR CUP ICRM","","Unknown"
"84726","020735161258","No image URL in portal data","","TOLLHOUSE PRM CHOCHIP CKIE DGH ICRM","","Unknown"
"84733","020735161395","No image URL in portal data","","TOLLHOUSE PRM COOKIES N CREAM ICRM","","Unknown"
"84727","020735161722","No image URL in portal data","","TOLLHOUSE PRM DUTCH CHOCOLATE ICRM","","Unknown"
"84732","020735161555","No image URL in portal data","","TOLLHOUSE PRM NEOPLOLITAN ICECREAM","","Unknown"
"84729","020735161708","No image URL in portal data","","TOLLHOUSE PRM ORIGINAL VANILLA ICRM","","Unknown"
"73034","070640015511","No image URL in portal data","","BLUE RIBBON STRW SHRTCK I/C BAR 12CT","","Unknown"
"4710","075856001105","No image URL in portal data","","KLONDIKE ORIG VAN BAR 6CT","","Unknown"
"52968","075243204515","No image URL in portal data","","MAYFIELD FARMS BANANA POPS 1","","Unknown"
"52967","075243204126","No image URL in portal data","","MAYFIELD FARMS FUDGE BARS FA","","Unknown"
"52959","075243204119","No image URL in portal data","","MAYFIELD ORANGE CRM BAR 6CT","","Unknown"
"90376","072730650510","No image URL in portal data","","NORTH STAR RF CHOC STRW SUNDAE CUP12","","Unknown"
"99977","072730620209","No image URL in portal data","","NORTH STAR RF NUTTY ROYALE CONE 6 CT","","Unknown"
"90988","072730619029","No image URL in portal data","","NORTH STAR RF OFASH VAN CONE 6 CTT","","Unknown"
"90945","072730650060","No image URL in portal data","","NORTH STAR RFAT FUDGE BARS 12CT","","Unknown"
"90946","072730650077","No image URL in portal data","","NORTH STAR RFAT ICE CRM BARS 12CT","","Unknown"
"90993","072730650497","No image URL in portal data","","NORTH STAR RFAT NEAPLN SNDWCH12CT","","Unknown"
"90992","072730619036","No image URL in portal data","","NORTH STAR RFAT OFASH CMB CONE6CT","","Unknown"
"90991","072730619043","No image URL in portal data","","NORTH STAR RFAT OFASH CRML CN 6CT","","Unknown"
"90994","072730650367","No image URL in portal data","","NORTH STAR RFAT ORG IC SNDWCH12CT","","Unknown"
"90393","072730650503","No image URL in portal data","","NORTH STAR RFAT VAN IC CUPS 12 CT","","Unknown"
"72955","072554276569","No image URL in portal data","","OREO ICE CREAM BARS 5 PK","","Unknown"
"7490","047677000513","No image URL in portal data","","SNICKERS ICE CRM BAR 6CT","","Unknown"
"70901","047677301238","No image URL in portal data","","TWIX ICE CREAM BARS 6CT","","Unknown"
"95891","","No image URL in portal data","","BDGT ASSORTED TWIN POPS","","Unknown"
"69989","","No image URL in portal data","","BDGT SVE SF TWN POP 12CT","","Unknown"
"39657","073321037772","No image URL in portal data","","ICEE BLUE RASP CHRY TUBE 6CT","","Unknown"
"78673","072730719224","No image URL in portal data","","PRAIRIE FARMS CHERRY CHOC FUNK PINT","","Unknown"
"78674","072730716247","No image URL in portal data","","PRAIRIE FARMS CHOC SS CRML BROWNIE PINT","","Unknown"
"78672","072730719231","No image URL in portal data","","PRAIRIE FARMS CHOCCHP COOKIE DOUGH PINT","","Unknown"
"10922","000089793111","No image URL in portal data","","VALENTINI MAMEY ICE CREAM","","Unknown"
"8852","075900002027","No image URL in portal data","","BIRDSEYE HOT SAUSAGE ROLL","","Unknown"
"7566","075900002058","No image URL in portal data","","BIRDSEYE ITALIAN ROLL","","Unknown"
"71608","075900002300","No image URL in portal data","","BIRDSEYE MAPLE LINKS","","Unknown"
"19021","075900002003","No image URL in portal data","","BIRDSEYE ORIGINAL ROLL","","Unknown"
"8857","075900002201","No image URL in portal data","","BIRDSEYE SAUSAGE LINKS ORIG","","Unknown"
"11864","049485002369","No image URL in portal data","","JTM BEEF HOAGIE KIT","","Unknown"
"11862","049485002321","No image URL in portal data","","JTM BEEF PHILLY KIT","","Unknown"
"32239","049485002383","No image URL in portal data","","JTM BEER CHS & PRETZEL KIT","","Unknown"
"11863","049485002345","No image URL in portal data","","JTM CHICKEN PHILLY KIT","","Unknown"
"29231","035622000602","No image URL in portal data","","KUNTRY BOY SAUSAGE PATTIES","","Unknown"
"42825","070505122101","No image URL in portal data","","OLD FOLKS HOT SAUSAGE PATTY","","Unknown"
"56830","070505000010","No image URL in portal data","","OLD FOLKS MED ROLL SAUSAGE","","Unknown"
"72815","070505122057","No image URL in portal data","","OLD FOLKS MED SAUSAGE PATTY","","Unknown"
"10444","070505301001","No image URL in portal data","","OLD FOLKS SAUS BISC 20CT FRZ","","Unknown"
"56920","070505600029","No image URL in portal data","","OLD FOLKS SAUSAGE & BISCUITS","","Unknown"
"30376","070505502606","No image URL in portal data","","OLD FOLKS SAUSAGE GRAVY","","Unknown"
"10669","072494512628","No image URL in portal data","","OLE SOUTH MILD CHUB","","Unknown"
"72994","","No image URL in portal data","","OLE SOUTH SAUSAGE &  BISCUIT","","Unknown"
"59398","076020067101","No image URL in portal data","","SWAGGERTY CHKN BM BISCUT","","Unknown"
"72002","076020000023","No image URL in portal data","","SWAGGERTY HOT ROLL","","Unknown"
"71997","076020000016","No image URL in portal data","","SWAGGERTY MILD ROLL","","Unknown"
"59401","076020068122","No image URL in portal data","","SWAGGERTY SAUSAGE BISCUIT","","Unknown"
"59399","076020068221","No image URL in portal data","","SWAGGERTY SAUSAGE&BM BISCUIT","","Unknown"
"20682","072290000206","No image URL in portal data","","TN PRIDE SAUSAGE ROLL MILD","","Unknown"
"70868","072290001623","No image URL in portal data","","TN PRIDE SSG MILD PATTIES","","Unknown"
"29243","072494513090","No image URL in portal data","","WILLIAMS HOT PATTIES","","Unknown"
"72966","","No image URL in portal data","","WILLIAMS HOT ROLL SAUSAGE","","Unknown"
"73001","","No image URL in portal data","","WILLIAMS JUMBO SAUSAG CROSNT","","Unknown"
"72999","","No image URL in portal data","","WILLIAMS JUMBO SAUSAGE BISC","","Unknown"
"73003","","No image URL in portal data","","WILLIAMS MILD BOX PATTIES","","Unknown"
"72995","","No image URL in portal data","","WILLIAMS MILD ROLL SAUSAGE","","Unknown"
"72993","072494512611","No image URL in portal data","","WILLIAMS OLE SOUTH HOT PATTY","","Unknown"
"72992","","No image URL in portal data","","WILLIAMS OLE SOUTH MLD PATTY","","Unknown"
"72998","","No image URL in portal data","","WILLIAMS SAUSAGE ON A BUN","","Unknown"
"84633","079606065348","No image URL in portal data","","TINA BIG BURRITO BEEF & BEAN","","Unknown"
"79603","000083510811","No image URL in portal data","","CHICKEN NUGGETS FC CLEAR BAG","","Unknown"
"79605","000083510811","No image URL in portal data","","CHICKEN PATTIES FC CLEAR BAG","","Unknown"
"79606","000083510811","No image URL in portal data","","CHICKEN RINGS FC CLEAR BAG","","Unknown"
"79604","000083510811","No image URL in portal data","","CHICKEN TENDER FC CLEAR BAG","","Unknown"
"69751","000083510811","No image URL in portal data","","INTEGRITY FC CHKN FRI CLR BG","","Unknown"
"78014","","No image URL in portal data","","SBY WILLIAMS SLICD BACON 40Z","","Unknown"
"73241","","No image URL in portal data","","WILLIAMS L-BOARD BACON","","Unknown"
"35776","074562005087","No image URL in portal data","","CACIQUE BEEF CHORIZO","","Unknown"
"3475","074562002109","No image URL in portal data","","CACIQUE CREMA AGRIA","","Unknown"
"41415","074562002031","No image URL in portal data","","CACIQUE CREMA SALVADORENA","","Unknown"
"3477","074562001027","No image URL in portal data","","CACIQUE PANELA","","Unknown"
"35766","074562005094","No image URL in portal data","","CACIQUE PK CHORIZO CHUB","","Unknown"
"31563","074562401100","No image URL in portal data","","CACIQUE QUESO FRESCO","","Unknown"
"182","074562110200","No image URL in portal data","","CACIQUE RANCHERO FRESCO KILO","","Unknown"
"51735","074562001003","No image URL in portal data","","CACIQUE RANCHERO QUESO FRESC","","Unknown"
"3476","074562531012","No image URL in portal data","","CACIQUE RNCHRO CREMA CON SAL","","Unknown"
"72347","000083391111","No image URL in portal data","","EL LATINO GUANA 2%YOGRT DRNK","","Unknown"
"72346","000083391111","No image URL in portal data","","EL LATINO MANGO YOGURT DRINK","","Unknown"
"72345","000083391111","No image URL in portal data","","EL LATINO PLAIN YOGURT DRINK","","Unknown"
"72348","000083391111","No image URL in portal data","","EL LATINO STRW/BAN YGRT DRNK","","Unknown"
"72344","000083391111","No image URL in portal data","","EL LATINO STRWBRY YOGRT DRNK","","Unknown"
"57896","000061659511","No image URL in portal data","","LA CHONA COTIJA CHEESE","","Unknown"
"83334","000061659511","No image URL in portal data","","LA CHONA CREMA MEXICAN","","Unknown"
"57899","000061659511","No image URL in portal data","","LA CHONA FRESCO CHEESE","","Unknown"
"91423","000081939311","No image URL in portal data","","LALA BLENDED PLAIN YOGURT","","Unknown"
"14138","000081939311","No image URL in portal data","","LALA BOTTLE YOGURT STRAW/BAN","","Unknown"
"14135","000081939311","No image URL in portal data","","LALA BOTTLE YOGURT STRAWBRY","","Unknown"
"19329","000081939311","No image URL in portal data","","LALA MANGO YOGURT 8PK","","Unknown"
"93173","","No image URL in portal data","","LALA MANGO YOGURT DRINK","","Unknown"
"93176","","No image URL in portal data","","LALA PECAN CEREAL YOG DRINK","","Unknown"
"14108","000081939311","No image URL in portal data","","LALA PECAN CEREAL YOGURT SNG","","Unknown"
"19331","000081939311","No image URL in portal data","","LALA PECAN YOGURT 8PK","","Unknown"
"93174","","No image URL in portal data","","LALA PINA COLATA YOG DRINK","","Unknown"
"14122","000081939311","No image URL in portal data","","LALA SINGLES MANGO","","Unknown"
"14128","000081939311","No image URL in portal data","","LALA SINGLES PINA COLADA","","Unknown"
"19328","000081939311","No image URL in portal data","","LALA STRAW YOGURT 8PK","","Unknown"
"93177","","No image URL in portal data","","LALA STRAW/BAN YOGURT DRINK","","Unknown"
"93175","","No image URL in portal data","","LALA STRAWBERRY YOGURT DRINK","","Unknown"
"93178","","No image URL in portal data","","LALA STW/BAN CEREAL YOG DRNK","","Unknown"
"60517","000007084811","No image URL in portal data","","LCH CHIHUAHUA CHEESE","","Unknown"
"60555","000068055711","No image URL in portal data","","LCH CHUA MEX STYLE SHRED CHS","","Unknown"
"6742","000061659511","No image URL in portal data","","LCH MELTING CHEESE QUESADILL","","Unknown"
"79067","000064523111","No image URL in portal data","","MUCHO GUSTO CREMA HNDURA","","Unknown"
"79068","000064523111","No image URL in portal data","","MUCHO GUSTO CREMA SLVDOR","","Unknown"
"213","027331002176","No image URL in portal data","","OLE MEX CREMA SQUEEZE","","Unknown"
"69965","","No image URL in portal data","","PANCHO FIRE RSTD SALSA QUESO","","Unknown"
"92736","032812357447","No image URL in portal data","","PANCHO HATCH CHILI QUESO DIP","","Unknown"
"38497","032812070049","No image URL in portal data","","PANCHOS QUESO DIP WHITE","","Unknown"
"31560","074562002024","No image URL in portal data","","SBY CACIQUE CREMA MEXICANA","","Unknown"
"22518","","No image URL in portal data","","SENOR RICO RICE PUDDING","","Unknown"
"51732","027568021575","No image URL in portal data","","TROPICAL QUESO CREMITA","","Unknown"
"90933","044276055562","No image URL in portal data","","SR TROPICAL GELATIN 12 CT","","Unknown"
"58446","000085631211","No image URL in portal data","","FAIRLIFE 2% CHOCOLATE UFM","","Unknown"
"32251","000085631211","No image URL in portal data","","FAIRLIFE 2% UF MILK","","Unknown"
"32252","000008116211","No image URL in portal data","","FAIRLIFE WHOLE UF MILK","","Unknown"
"72926","","No image URL in portal data","","AERESOL WHIPPED CREAM","","Unknown"
"72874","","No image URL in portal data","","DUTCH FARMS HEAVY WHPNG CRM UHT","","Unknown"
"72873","","No image URL in portal data","","DUTCH FARMS HALF & HALF UHT","","Unknown"
"72906","","No image URL in portal data","","DUTCH FARMS MARBLE JACK BAR","","Unknown"
"72904","","No image URL in portal data","","DUTCH FARMS MILD CHEDDAR BAR","","Unknown"
"72908","","No image URL in portal data","","DUTCH FARMS PEPPER JACK BAR","","Unknown"
"72905","","No image URL in portal data","","DUTCH FARMS SHARP CHEDDAR BAR","","Unknown"
"72883","","No image URL in portal data","","DUTCH FARMS GOUDA SHINGLE SLICES","","Unknown"
"72881","","No image URL in portal data","","DUTCH FARMS PEPPER JACK SHINGLE SLICE","","Unknown"
"72882","","No image URL in portal data","","DUTCH FARMS PROVOLONE SHINGLE SLICES","","Unknown"
"72884","","No image URL in portal data","","DUTCH FARMS SWISS SHINGLE SLICES 10CT","","Unknown"
"72948","","No image URL in portal data","","DUTCH FARMS FANCY SHRED CHEDDAR PJACK","","Unknown"
"72890","","No image URL in portal data","","DUTCH FARMS FANCY SHRED COLBY JACK","","Unknown"
"72892","","No image URL in portal data","","DUTCH FARMS FANCY SHRED EXTRA SHARP","","Unknown"
"72891","","No image URL in portal data","","DUTCH FARMS FANCY SHRED GOUDA","","Unknown"
"72946","","No image URL in portal data","","DUTCH FARMS FANCY SHRED MILD CHEDDAR","","Unknown"
"72889","","No image URL in portal data","","DUTCH FARMS FANCY SHRED MOZZARELLA","","Unknown"
"72895","","No image URL in portal data","","DUTCH FARMS FANCY SHRED PARMESAN","","Unknown"
"72947","","No image URL in portal data","","DUTCH FARMS FANCY SHRED SHARP CHEDDAR","","Unknown"
"72885","","No image URL in portal data","","DUTCH FARMS FANCY SHRED TACO CHEESE","","Unknown"
"72893","","No image URL in portal data","","DUTCH FARMS FANCY SHRED TRIPLE CHADDR","","Unknown"
"72888","","No image URL in portal data","","DUTCH FARMS FANCY SHREDDED MEXICAN","","Unknown"
"72887","","No image URL in portal data","","DUTCH FARMS SHRD MAC N CHZ BLND","","Unknown"
"72896","","No image URL in portal data","","DUTCH FARMS SHREDDED CHEDDAR JACK","","Unknown"
"72901","","No image URL in portal data","","DUTCH FARMS SHREDDED COBLY JACK","","Unknown"
"72897","","No image URL in portal data","","DUTCH FARMS SHREDDED MEXICAN","","Unknown"
"72903","","No image URL in portal data","","DUTCH FARMS SHREDDED MOZZARELLA","","Unknown"
"72894","","No image URL in portal data","","DUTCH FARMS SHREDED QUESADILLA","","Unknown"
"72886","","No image URL in portal data","","DUTCH FARMS SHVD PRM/ROM/ASIAGO","","Unknown"
"72875","","No image URL in portal data","","DUTCH FARMS AMERICAN SINGLES","","Unknown"
"72879","","No image URL in portal data","","DUTCH FARMS DELUXE AMERICAN SINGLES","","Unknown"
"72878","","No image URL in portal data","","DUTCH FARMS PEPPER JACK SINGLES","","Unknown"
"72880","","No image URL in portal data","","DUTCH FARMS PROCESSED CHEESE LOAF","","Unknown"
"72877","","No image URL in portal data","","DUTCH FARMS SWISS SNGLS 12Z","","Unknown"
"72876","","No image URL in portal data","","WHITE AMERICAN SINGLES","","Unknown"
"73027","022481781407","No image URL in portal data","","CAFE OLYMPIA FETA CUP","","Unknown"
"72909","","No image URL in portal data","","DUTCH FARMS BLUE CHEESE CRUMBLES","","Unknown"
"72915","","No image URL in portal data","","DUTCH FARMS FETA CHEESE CRUMBLES","","Unknown"
"72928","","No image URL in portal data","","DUTCH FARMS GRATED PARMESAN","","Unknown"
"72920","","No image URL in portal data","","DUTCH FARMS GRATED PARMESAN CUP","","Unknown"
"72927","","No image URL in portal data","","DUTCH FARMS GRATED PARMESAN ROMANO","","Unknown"
"72925","","No image URL in portal data","","DUTCH FARMS RICOTTA TRADITNL","","Unknown"
"72919","","No image URL in portal data","","DUTCH FARMS SHREDD PARMESAN CUP","","Unknown"
"72923","","No image URL in portal data","","DUTCH FARMS SOUR CREAM","","Unknown"
"73052","","No image URL in portal data","","DUTCH FARMS SQUEEZE SOUR CREAM","","Unknown"
"70180","072730323179","No image URL in portal data","","PRAIRIE FARMS SQUEEZE SOUR CREAM 12 OZ","","Unknown"
"79156","","No image URL in portal data","","CHOBANI GRK YGRT STRWBRY","","Unknown"
"462","036632002020","No image URL in portal data","","DANNON LOWFAT PLAIN YOGURT","","Unknown"
"88308","036632002518","No image URL in portal data","","DANNON NONFAT PLAIN YOGURT","","Unknown"
"72929","","No image URL in portal data","","DUTCH FARMS ASRT GLTN TRAY 12CT","","Unknown"
"73042","070920481968","No image URL in portal data","","SM CHOC/VAN SWIRL PUDDNG 4PK","","Unknown"
"73041","070920477985","No image URL in portal data","","SM CHOCOLATE PUDDING 4 PK","","Unknown"
"72921","","No image URL in portal data","","DUTCH FARMS SALTED BUTTER QUARTERS","","Unknown"
"72922","","No image URL in portal data","","DUTCH FARMS UNSALTED BUTTER QUARTERS","","Unknown"
"95371","091475860008","No image URL in portal data","","MILO'S LEMONADE 20 FL OZ","","Unknown"
"96881","091475850009","No image URL in portal data","","MILO'S LEMONADE GALLON","","Unknown"
"95361","","No image URL in portal data","","MILO'S SWEET TEA 20OZ","","Unknown"
"7609","020735092750","No image URL in portal data","","TURKEY HILL ICED TEA LEMON F","","Unknown"
"52209","020735092736","No image URL in portal data","","TURKEY HILL ICED TEA LMN 64Z","","Unknown"
"7608","020735092866","No image URL in portal data","","TURKEY HILL LEMONADE","","Unknown"
"18025","020735093290","No image URL in portal data","","TURKEY HILL STH SWT TEA GAL","","Unknown"
"7624","020735093863","No image URL in portal data","","TURKEY HILL SWT TEA 64Z BTL","","Unknown"
"93213","077236500055","No image URL in portal data","","Good Nature ROSE ACRE CAGE FREE EGG 60CT","Good Nature","Unknown"
"35509","","No image URL in portal data","","GOOD NATURE LRG EGG EXPT 18C","","Unknown"
"86973","077236150328","No image URL in portal data","","RA LRG CAGE FREE WHITE EGGS","","Unknown"
"86972","077236150250","No image URL in portal data","","RA MED CAGE FREE WHITE EGGS","","Unknown"
"95711","","No image URL in portal data","","BUTTERBALL TURKEY BACON","","Unknown"
"49703","","No image URL in portal data","","FIELD SUGAR FREE BACON","","Unknown"
"22540","090646504000","No image URL in portal data","","MELLWOOD BACON","","Unknown"
"71825","074700100032","No image URL in portal data","","OLE CAROLINA BACON","","Unknown"
"74946","071871548601","No image URL in portal data","","OSCAR MAYER TURKEY BACON","","Unknown"
"91166","029800418365","No image URL in portal data","","CIRCLE B SC WIENERS","","Unknown"
"54297","046600000774","No image URL in portal data","","ECKRICH BUN SIZE HOT DOGS","","Unknown"
"1807","","No image URL in portal data","","ECKRICH CHEESE HOT DOGS","","Unknown"
"17468","046600000903","No image URL in portal data","","ECKRICH MEAT FRANKS 8CT","","Unknown"
"14934","","No image URL in portal data","","FIELD 1LB DINNER FRANKS","","Unknown"
"14937","","No image URL in portal data","","FIELD PROLEAGUER WIENERS","","Unknown"
"14943","","No image URL in portal data","","FISCHER JUMBO WIENERS","","Unknown"
"14945","","No image URL in portal data","","FISCHER WEINERS","","Unknown"
"95841","","No image URL in portal data","","GWALTNEY 12 OZ HOTDOG","","Unknown"
"95821","","No image URL in portal data","","GWALTNEY GRT DOG CHKN HOTDOG","","Unknown"
"56801","033186133101","No image URL in portal data","","KB WIENERS","","Unknown"
"80814","035600028413","No image URL in portal data","","KENTUCKY LEGEND BEEF HOT DOG","","Unknown"
"99751","","No image URL in portal data","","SAHLENS SKINLESS HOT DOG","","Unknown"
"99746","","No image URL in portal data","","SAHLENS SMKEDHSE T/C HOT DOG","","Unknown"
"99744","","No image URL in portal data","","SAHLENS T/C 3 LBS HOT DOGS","","Unknown"
"25004","015900176694","No image URL in portal data","","BAR S TWIN PACK BOLOGNA","","Unknown"
"91527","000000091527","No image URL in portal data","","BAR-S CHOPPED HAM","","Unknown"
"1841","046600005007","No image URL in portal data","","ECKRICH BOLOGNA","","Unknown"
"1842","046600005106","No image URL in portal data","","ECKRICH THICK BOLOGNA","","Unknown"
"24998","035600090045","No image URL in portal data","","FIELD SLICED BOLOGNA","","Unknown"
"24999","035600091073","No image URL in portal data","","FIELD THICK BOLOGNA","","Unknown"
"14946","","No image URL in portal data","","FISCHER SLICED BOLOGNA","","Unknown"
"14944","","No image URL in portal data","","FISCHER THICK SLICED BOLOGNA","","Unknown"
"72058","072342129268","No image URL in portal data","","FROSTY MORN BOLOGNA CHUB HT","","Unknown"
"72057","072342129244","No image URL in portal data","","FROSTY MORN BOLOGNA CHUBB","","Unknown"
"22813","072342160254","No image URL in portal data","","FROSTY MORN CKCR BOLOGNA","","Unknown"
"56820","033186174807","No image URL in portal data","","KENTUCKYS BEST BOLOGNA","","Unknown"
"11548","044700009895","No image URL in portal data","","OSCAR MAYER COTTO SALAMI","","Unknown"
"20674","015900000432","No image URL in portal data","","SBY BAR-S BOLOGNA","","Unknown"
"70748","020559140125","No image URL in portal data","","SELTZERS LEBANON BOLOGNA","","Unknown"
"70749","020559240122","No image URL in portal data","","SELTZERS SWT LEBANON BOLOGNA","","Unknown"
"18627","015900001248","No image URL in portal data","","BAR S DELI SHV BLK FRST HAM","","Unknown"
"69969","015900063345","No image URL in portal data","","BAR S OVEN ROASTED TURKEY","","Unknown"
"69971","015900063468","No image URL in portal data","","BAR-S 4X6 HONEY HAM","","Unknown"
"69972","015900063475","No image URL in portal data","","BAR-S 4X6 SMOKED HAM","","Unknown"
"11219","015900063154","No image URL in portal data","","BAR-S PREM OR TURKEY 4X6","","Unknown"
"74689","027815001176","No image URL in portal data","","ECKRICH OLD FASHION LOAF","","Unknown"
"74737","027815001190","No image URL in portal data","","ECKRICH OLIVE LOAF","","Unknown"
"74736","027815001183","No image URL in portal data","","ECKRICH PICKLE LOAF","","Unknown"
"14936","035600096375","No image URL in portal data","","FIELD 6 OZ LIVER LOAF","","Unknown"
"14935","035600096146","No image URL in portal data","","FIELD HAM & CHEESE LOAF","","Unknown"
"14933","035600096382","No image URL in portal data","","FIELD P AND P LOAF","","Unknown"
"46120","090046812606","No image URL in portal data","","FISCHER DIXIE LOAF","","Unknown"
"14942","090046809507","No image URL in portal data","","FISCHER HAM & CHEESE","","Unknown"
"48313","029800466632","No image URL in portal data","","KING COTTON LIVER CHEESE","","Unknown"
"69809","044700104194","No image URL in portal data","","OSCAR MAYER SHAVED ROTISSERIE CKN","","Unknown"
"69810","044700103869","No image URL in portal data","","OSCAR MAYER SHVD OVEN RTSD TURKEY","","Unknown"
"78823","073849681631","No image URL in portal data","","SAHLENS BUFFALO CHICKEN","","Unknown"
"78820","073849681655","No image URL in portal data","","SAHLENS ITALIAN HOT HAM","","Unknown"
"78822","073849681617","No image URL in portal data","","SAHLENS OVEN RSTD TURKY BRST","","Unknown"
"78821","073849681624","No image URL in portal data","","SAHLENS PRE SLICED HAM","","Unknown"
"16264","073849800315","No image URL in portal data","","SAHLENS SANDWICH SLICED HAM","","Unknown"
"88468","073849661206","No image URL in portal data","","SAHLENS SLICED HAM","","Unknown"
"15433","000010050111","No image URL in portal data","","ARMOUR PEPPERONI","","Unknown"
"15432","000020027811","No image URL in portal data","","ARMOUR TURKEY PEPPERONI","","Unknown"
"84355","000088027311","No image URL in portal data","","ESSKAY CREAMED CHIPPED BEEF","","Unknown"
"51248","041366177319","No image URL in portal data","","HABBERSETT ORIGINAL SCRAPPLE","","Unknown"
"15438","027815001381","No image URL in portal data","","MARGHERITA HARD SALAMI","","Unknown"
"15436","027815001404","No image URL in portal data","","MARGHERITA PEPPERONI SHINGLE","","Unknown"
"79344","","No image URL in portal data","","OLD WSCN BEEF SMMR SAUSG","","Unknown"
"79343","","No image URL in portal data","","OLD WSCN ORIG SMMR SAUSG","","Unknown"
"22854","070505229800","No image URL in portal data","","PURNELL'S SLICED MILD SOUSE","","Unknown"
"51249","071174000080","No image URL in portal data","","RAPA SCRAPPLE BEEF","","Unknown"
"51251","071174082086","No image URL in portal data","","RAPA SCRAPPLE ORIGINAL 1 LB","","Unknown"
"51253","071174060817","No image URL in portal data","","RAPA SCRAPPLE TURKEY","","Unknown"
"51252","071174000066","No image URL in portal data","","RAPA SCRAPPLE WITH BACON","","Unknown"
"25016","028042002547","No image URL in portal data","","SBY SSF HOT SOUSE SLICED","","Unknown"
"25015","028042002530","No image URL in portal data","","SBY SSF MILD SOUSE SLICED","","Unknown"
"20698","076010000057","No image URL in portal data","","BALLARD CHICKEN SALAD","","Unknown"
"20696","076010000255","No image URL in portal data","","BALLARD COLE SLAW","","Unknown"
"7591","076010000033","No image URL in portal data","","BALLARD EGG SALAD","","Unknown"
"20697","076010000040","No image URL in portal data","","BALLARD HAM SALAD","","Unknown"
"8853","076010000293","No image URL in portal data","","BALLARD TUNA SALAD","","Unknown"
"8854","076010000316","No image URL in portal data","","BALLARDS JALAPENO SPREAD","","Unknown"
"78665","076010000064","No image URL in portal data","","BALLARDS PIMENTO SPREAD","","Unknown"
"39684","075900006186","No image URL in portal data","","BIRDSEYE BUTTERMILK MASHED POTATO","","Unknown"
"22814","075900005257","No image URL in portal data","","BIRDSEYE GARLIC MASH POTATOES","","Unknown"
"7571","075900005318","No image URL in portal data","","BIRDSEYE MAC & CHEESE FM SIZE","","Unknown"
"14234","075900005301","No image URL in portal data","","BIRDSEYE MAC AND CHEESE","","Unknown"
"22816","075900006179","No image URL in portal data","","BIRDSEYE MASHED LOADED","","Unknown"
"7567","075900005349","No image URL in portal data","","BIRDSEYE MASHED POTATE FM SIZE","","Unknown"
"71067","075900005264","No image URL in portal data","","BIRDSEYE MASHED POTATOES ORIGINAL","","Unknown"
"7068","075900003260","No image URL in portal data","","BIRDSEYE NATURAL HMSTYLE POTATOES","","Unknown"
"99771","","No image URL in portal data","","BIRDSEYE ORIGINAL MASHED  POTATOES","","Unknown"
"32984","020169222334","No image URL in portal data","","BIRDSEYE SIMPLY POTATO HAS BROWN","","Unknown"
"414","020169222341","No image URL in portal data","","BIRDSEYE SIMPLY POTATO- DICED","","Unknown"
"22846","075900006193","No image URL in portal data","","BIRDSEYE SIX CHEESE MAC","","Unknown"
"13551","075900005240","No image URL in portal data","","BIRDSEYE SOUR CREAM MASHED POTATO","","Unknown"
"34664","044700091876","No image URL in portal data","","CLAUSSEN KOSHER SPEARS","","Unknown"
"1799","011984015010","No image URL in portal data","","KNOTTS JALA PIMIENTO CHS","","Unknown"
"1798","011984015003","No image URL in portal data","","KNOTTS PIMIENTO CHEESE","","Unknown"
"38000","079453428327","No image URL in portal data","","RESERS AMERICAN POTATO SALAD","","Unknown"
"30041","071117021219","No image URL in portal data","","RESERS CRMY MASHED POTATES","","Unknown"
"9513","071117190380","No image URL in portal data","","RESERS EGG POT SALAD","","Unknown"
"78772","071117191042","No image URL in portal data","","RESERS GARDEN PASTA SALAD","","Unknown"
"69973","071117021233","No image URL in portal data","","RESERS MACARONI & CHEESE","","Unknown"
"17404","071117025132","No image URL in portal data","","RESERS MSB FMLY SZ MSHD POT","","Unknown"
"38010","079453404321","No image URL in portal data","","RESERS MUSTARD POTATO SALAD","","Unknown"
"9512","071117190052","No image URL in portal data","","RESERS RED POTATO SALAD","","Unknown"
"22378","071117190496","No image URL in portal data","","RESERS SMOKE BAKED BEANS","","Unknown"
"18813","041223001092","No image URL in portal data","","SNOWFLOSS KRAUT","","Unknown"
"74023","025325120769","No image URL in portal data","","ARNOLD'S HOT BEEF SAUSAGE","","Unknown"
"74022","025325120752","No image URL in portal data","","ARNOLD'S SMOKED BEEF SAUSAGE","","Unknown"
"77520","025325120196","No image URL in portal data","","ARNOLDS SMOKED RED HOTS","","Unknown"
"8943","025325141863","No image URL in portal data","","CAROLINE SMKD HOT BEEF","","Unknown"
"74591","025325120318","No image URL in portal data","","CAROLINE SMKD HOT SAUSG 40 Z","","Unknown"
"8944","025325132861","No image URL in portal data","","CAROLINE SMKD MILD BEEF SAUG","","Unknown"
"48428","025325120325","No image URL in portal data","","CAROLINE SMKD SWEET SAUG","","Unknown"
"30362","029800418181","No image URL in portal data","","CIRCLE B BEEF SMOKED SAUSAGE","","Unknown"
"54323","029800418723","No image URL in portal data","","CIRCLE B HOT SMKD LINKS 43OZ","","Unknown"
"91164","029800419003","No image URL in portal data","","CIRCLE B MILD SMKD SAUSAGE","","Unknown"
"22960","041814298009","No image URL in portal data","","CIRCLE B SMOKED SAUSAGE","","Unknown"
"30354","029800418747","No image URL in portal data","","CIRCLE B SMOKED SAUSAGE HOT","","Unknown"
"31509","029800418754","No image URL in portal data","","CIRCLE B SMOKED SAUSAGE HOT","","Unknown"
"48371","012176100118","No image URL in portal data","","CONECUH CAJUN SMOKED SAUSAGE","","Unknown"
"69774","","No image URL in portal data","","CONECUH CRCKED BLK PPR SAUSG","","Unknown"
"48368","012176100101","No image URL in portal data","","CONECUH HICKORY SMOKED SAUSG","","Unknown"
"48369","012176100156","No image URL in portal data","","CONECUH SPICY&HOT SMKD SAUSG","","Unknown"
"22789","000074295511","No image URL in portal data","","EARL CAMPBELL JALA SAUS LOOP","","Unknown"
"22788","000074295511","No image URL in portal data","","EARL CAMPBELL PLSH SAUS LOOP","","Unknown"
"22787","000074295511","No image URL in portal data","","EARL CAMPBELL SMKD SAUS LOOP","","Unknown"
"78694","","No image URL in portal data","","EARL CAMPBL PLSH KLBSA FMSZ","","Unknown"
"78693","","No image URL in portal data","","EARL CAMPBL SMKD SAUSG FMSZ","","Unknown"
"42193","000078616211","No image URL in portal data","","EARL CMPBL CHEDDAR SMK LOOP","","Unknown"
"78692","","No image URL in portal data","","EARL CMPBL CKD HT CHED LINK","","Unknown"
"78690","","No image URL in portal data","","EARL CMPBL FULLY CKD HT LINK","","Unknown"
"78691","","No image URL in portal data","","EARL CMPBL FULLY CKD MLD LNK","","Unknown"
"42198","000074295511","No image URL in portal data","","EARL CMPBL SMK ANDOULIE LOOP","","Unknown"
"59349","027815300415","No image URL in portal data","","ECKRICH CHEDDAR GRILLERS","","Unknown"
"14150","046600048127","No image URL in portal data","","ECKRICH FP SMKD SAUSAGE","","Unknown"
"59379","027815300507","No image URL in portal data","","ECKRICH POLSKA KEILB SSG","","Unknown"
"59347","","No image URL in portal data","","ECKRICH SMOKY LINKS CHEDDAR","","Unknown"
"51353","027815300590","No image URL in portal data","","ECKRICH SMOKY LINKS MAPLE","","Unknown"
"59346","","No image URL in portal data","","ECKRICH SMOKY LINKS ORIGINAL","","Unknown"
"33756","090046880902","No image URL in portal data","","FISCHER PICKLED EGGS","","Unknown"
"7943","090046885600","No image URL in portal data","","FISCHER PICKLED RED HOTS","","Unknown"
"7941","090046883101","No image URL in portal data","","FISCHER ROPE BOLOGNA","","Unknown"
"39980","090046885907","No image URL in portal data","","FISCHER SNACK BOLOGNA","","Unknown"
"18199","","No image URL in portal data","","GA SPECIAL MILD LOOP SAUSAGE","","Unknown"
"69776","054912210309","No image URL in portal data","","GARCIA BEEF HOT SMKD SAUSAGE","","Unknown"
"69775","054912210200","No image URL in portal data","","GARCIA BEEF SMOKED SAUSAGE","","Unknown"
"18201","","No image URL in portal data","","GEORGIA SPCL HOT LOOP SAUSGE","","Unknown"
"49518","028042001175","No image URL in portal data","","GEORGIA SPCL MILD SAUSAG","","Unknown"
"39689","000082546411","No image URL in portal data","","NETTLES GRNDP OLD TIME MILD","","Unknown"
"56133","000082546411","No image URL in portal data","","NETTLES HOT BUN LINK","","Unknown"
"39686","000082546411","No image URL in portal data","","NETTLES RED HOT SMKD SAUSAGE","","Unknown"
"48690","070055018237","No image URL in portal data","","SCOTT P BEEF POLISH SAUSAGE","","Unknown"
"70823","070055018251","No image URL in portal data","","SCOTT P HOT BF POLISH LINK","","Unknown"
"48680","070055018305","No image URL in portal data","","SCOTT P MILD POLISH SAUSAGE","","Unknown"
"48427","028042001601","No image URL in portal data","","SF BEEF SMOKED SAUSAGE","","Unknown"
"96743","028042001977","No image URL in portal data","","SUNSET FARM BRAND APPLEWOOD SAUSAGE","","Unknown"
"16303","028042003926","No image URL in portal data","","SUNSET FARM BRAND BREAKFAST HAM PATTY","","Unknown"
"57229","028042001960","No image URL in portal data","","SUNSET FARM BRAND SC BABY LINKS","","Unknown"
"69773","","No image URL in portal data","","TROY LANDRY BBY LNK SMKD SSG","","Unknown"
"69772","","No image URL in portal data","","TROY LANDRY BN LNGTH SMK SSG","","Unknown"
"78808","","No image URL in portal data","","BUDDIG FIX QUIX CHKN STRIPS","","Unknown"
"16475","000070405211","No image URL in portal data","","CURLYS PULLED PORK","","Unknown"
"16465","000070405211","No image URL in portal data","","CURLYS SAUCELESS PULLED PORK","","Unknown"
"93414","000081011411","No image URL in portal data","","RANA CHCKN ALFREDO LSGNA","","Unknown"
"93315","000087744811","No image URL in portal data","","RANA CHEESE TORTELLONI","","Unknown"
"34787","000087744811","No image URL in portal data","","RANA CHICKEN ALFREDO","","Unknown"
"72792","000081011411","No image URL in portal data","","RANA CHKN PARMSN LASAGNA","","Unknown"
"39739","000087744811","No image URL in portal data","","RANA FETTUCCINE SAUSAGE MUSH","","Unknown"
"93316","000087744811","No image URL in portal data","","RANA ITAL SAUSAGE RAV","","Unknown"
"34762","000087744811","No image URL in portal data","","RANA MEAT LASAGNA","","Unknown"
"88462","000087744811","No image URL in portal data","","RANA MEAT LASAGNA","","Unknown"
"73048","000081011411","No image URL in portal data","","RANA PAPPARDELE W/MEAT SAUCE","","Unknown"
"72791","000081011411","No image URL in portal data","","RANA TUSCAN MEAT LASAGNA","","Unknown"
"21312","071117125009","No image URL in portal data","","RESERS CHICKEN STRT TACO KIT","","Unknown"
"94531","000081011411","No image URL in portal data","","TAKEHOME CHKNCOCONUT KIT","","Unknown"
"92786","000081011411","No image URL in portal data","","TAKEHOME CHKNPADTHAI KIT","","Unknown"
"92785","000081011411","No image URL in portal data","","TAKEHOME KRN BBQ BF KIT","","Unknown"
"83407","000006452311","No image URL in portal data","","FUD HOT LINKS","","Unknown"
"83408","000006452311","No image URL in portal data","","FUD HOT LINKS 16 CT","","Unknown"
"57882","000006452311","No image URL in portal data","","FUD ORIGINAL HAM","","Unknown"
"94075","","No image URL in portal data","","FUD SELECTO COOKED HAM","","Unknown"
"42695","000006452311","No image URL in portal data","","FUD TURKEY FRANKS","","Unknown"
"93962","","No image URL in portal data","","FUD TURKEY HAM SLICED","","Unknown"
"57887","000006452311","No image URL in portal data","","LA CHONA HOT CHORIZO","","Unknown"
"57888","000006452311","No image URL in portal data","","LA CHONA MILD CHORIZO","","Unknown"
"37416","000008402311","No image URL in portal data","","America's Choice AC 1% MILK GAL","America's Choice","Unknown"
"37421","000008402311","No image URL in portal data","","America's Choice AC 1% MILK HALF GAL","America's Choice","Unknown"
"37417","000008402311","No image URL in portal data","","America's Choice AC FAT FREE SKIM MILK GAL","America's Choice","Unknown"
"37422","000008402311","No image URL in portal data","","America's Choice AC FAT FREE SKIM MILK HG","America's Choice","Unknown"
"37414","000008402311","No image URL in portal data","","America's Choice AC REDUCED FAT 2% MILK GAL","America's Choice","Unknown"
"37419","000008402311","No image URL in portal data","","America's Choice AC REDUCED FAT 2% MILK HG","America's Choice","Unknown"
"37413","000008402311","No image URL in portal data","","America's Choice AC VIT D MILK GAL","America's Choice","Unknown"
"37418","000008402311","No image URL in portal data","","America's Choice AC VIT D MILK HALF GAL","America's Choice","Unknown"
"58999","000081007811","No image URL in portal data","","Save A Lot - Milk WHOLE MILK GALLON","Save A Lot - Milk","Unknown"
"93015","","No image URL in portal data","","2% REDUCED FAT MILK-QT","","Unknown"
"66680","000081547311","No image URL in portal data","","FAT FREE SKIM MILK-QT","","Unknown"
"93025","","No image URL in portal data","","FAT FREE SKIM MILK-QT","","Unknown"
"49302","","No image URL in portal data","","FIELDCREST 1% GALLON","","Unknown"
"49306","071229009211","No image URL in portal data","","FIELDCREST 1% HG","","Unknown"
"49305","071229009112","No image URL in portal data","","FIELDCREST 2% HG","","Unknown"
"49303","071229009303","No image URL in portal data","","FIELDCREST SKIM GALLON","","Unknown"
"49307","071229009310","No image URL in portal data","","FIELDCREST SKIM HG","","Unknown"
"49299","041900027636","No image URL in portal data","","FIELDCREST VIT D MILK GAL","","Unknown"
"49338","000086001211","No image URL in portal data","","ULTRA SKIM MILK GALLON","","Unknown"
"66700","000081547311","No image URL in portal data","","VITAMIN D MILK-QT","","Unknown"
"93035","","No image URL in portal data","","VITAMIN D MILK-QT","","Unknown"
"34320","072730221000","No image URL in portal data","","WF 2% REDUCE FAT MILK GAL","","Unknown"
"34330","041483020833","No image URL in portal data","","WS VIT D MILK GAL","","Unknown"
"65910","000086001211","No image URL in portal data","","Save A Lot - Milk BUTTERMILK-1/2 GAL","Save A Lot - Milk","Unknown"
"64990","087932600850","No image URL in portal data","","Save A Lot - Milk WESTOVER GALLON BUTTERMILK","Save A Lot - Milk","Unknown"
"84357","","No image URL in portal data","","AC CHOCOLATE MILK GAL","","Unknown"
"84356","","No image URL in portal data","","AC CHOCOLATE MILK HALF GAL","","Unknown"
"68040","087932005259","No image URL in portal data","","BUTTERMILK-QT","","Unknown"
"15931","072730273535","No image URL in portal data","","CHOC CUSTARD QRT UHT","","Unknown"
"20666","000081005611","No image URL in portal data","","CHOCOLATE MILK-HALF GAL","","Unknown"
"45870","072730263154","No image URL in portal data","","CHOCOLATE MILK-QT","","Unknown"
"31430","041900078690","No image URL in portal data","","EGG NOG QUART","","Unknown"
"39741","072730253131","No image URL in portal data","","PLASTIC QUART 1% BUTTERMILK","","Unknown"
"20157","","No image URL in portal data","","PRAIRIE FARMS EGG NOG UHT QT","","Unknown"
"20158","","No image URL in portal data","","PRAIRIE FARMS UHT HOLIDAY CUSTARD QT","","Unknown"
"20622","080419000266","No image URL in portal data","","WHOLE BUTTERMILK HG","","Unknown"
"84373","000008402311","No image URL in portal data","","America's Choice AC CAFFEINATED SWEET TEA GAL","America's Choice","Unknown"
"84374","000008402311","No image URL in portal data","","America's Choice AC FRUIT PUNCH GALLON","America's Choice","Unknown"
"84375","000008402311","No image URL in portal data","","America's Choice AC GRAPE DRINK GALLON","America's Choice","Unknown"
"84376","000008402311","No image URL in portal data","","America's Choice AC ORANGE DRINK GALLON","America's Choice","Unknown"
"84371","000008402311","No image URL in portal data","","America's Choice AC ORANGE JUICE GALLON","America's Choice","Unknown"
"84372","000008402311","No image URL in portal data","","America's Choice AC ORANGE JUICE HALF GALLON","America's Choice","Unknown"
"65990","072730002883","No image URL in portal data","","Save A Lot - Milk CHOCOLATE DRINK-1 GAL","Save A Lot - Milk","Unknown"
"66300","000081007811","No image URL in portal data","","Splash-Out! BLUE RASPBERRY DRINK - GAL","Splash-Out!","Unknown"
"52063","071580005761","No image URL in portal data","","DIET LEMON TEA HALF GALLON","","Unknown"
"68010","087476051286","No image URL in portal data","","FRANKLIN SPRING WATER - 1GAL","","Unknown"
"25040","071700194016","No image URL in portal data","","FRUIT RUSH LEMON-1 GAL","","Unknown"
"23435","071580011519","No image URL in portal data","","LEMON ICED TEA GALLON","","Unknown"
"52061","071580005624","No image URL in portal data","","LEMON TEA HALF GALLON","","Unknown"
"81325","041900084646","No image URL in portal data","","MCARTHUR DAIRY RL LMNADE GAL","","Unknown"
"52062","071580014985","No image URL in portal data","","PEACH TEA HALF GALLON","","Unknown"
"87361","071580005280","No image URL in portal data","","PINK LEMONADE DRINK- GAL","","Unknown"
"20188","072730292888","No image URL in portal data","","PRAIRIE FARMS ICED CARAMEL COFFEE HG","","Unknown"
"20189","072730292871","No image URL in portal data","","PRAIRIE FARMS ICED MOCHA COFFEE HG","","Unknown"
"20191","072730292864","No image URL in portal data","","PRAIRIE FARMS ICED VANILLA COFFEE HG","","Unknown"
"20186","","No image URL in portal data","","PRAIRIE FARMS ORANGE JUICE HG","","Unknown"
"20661","","No image URL in portal data","","READY LEAF ICED TEA-GAL","","Unknown"
"38560","095188015120","No image URL in portal data","","TAMPICO CITRUS PUNCH GAL","","Unknown"
"20657","","No image URL in portal data","","TAMPICO CITRUS PUNCH-GAL","","Unknown"
"20658","","No image URL in portal data","","TAMPICO ISLAND PUNCH-GAL","","Unknown"
"68030","095188044267","No image URL in portal data","","TAMPICO LIMONADA PNCH GALLON","","Unknown"
"20667","","No image URL in portal data","","TAMPICO MANGO PUNCH-GAL","","Unknown"
"20668","","No image URL in portal data","","TAMPICO TROPICAL PUNCH-GAL","","Unknown"
"72450","020006000000","No image URL in portal data","","Beef Chuck Ribs Short COV","","Unknown"
"71900","000002003711","No image URL in portal data","","Beef Chuck Roll","","Unknown"
"76189","020374300000","No image URL in portal data","","BEEF CHUCK ROLL ANGUS CH","","Unknown"
"72899","020207600000","No image URL in portal data","","Beef Chuck Roll CH N/O CRT","","Unknown"
"72898","020207500000","No image URL in portal data","","Beef Chuck Roll CH N/O XT","","Unknown"
"71871","000020171511","No image URL in portal data","","BEEF CHUCK TENDER CH SB","","Unknown"
"72910","020207900000","No image URL in portal data","","Beef Chuck Tender Choice","","Unknown"
"72907","020207800005","No image URL in portal data","","Beef Clod 1PC Choice XT","","Unknown"
"72902","000020207711","No image URL in portal data","","Beef Clod 2PC Choice XT","","Unknown"
"71990","020024600000","No image URL in portal data","","Beef Shoulder Clod Heart","","Unknown"
"76086","020368400000","No image URL in portal data","","BEEF SLICED CHUCK ROLL","","Unknown"
"76145","020368700000","No image URL in portal data","","BEEF SLICED CHUCK ROLL 8MM","","Unknown"
"76084","020368200000","No image URL in portal data","","BEEF SLICED COLD HEART","","Unknown"
"76085","020368300000","No image URL in portal data","","BEEF SLICED INSIDE ROUND","","Unknown"
"76740","020014400000","No image URL in portal data","","Beef Whole Top Blade FI","","Unknown"
"76846","020370400000","No image URL in portal data","","HEREFORD BEEF CHUCK CLOD","","Unknown"
"76837","020368800000","No image URL in portal data","","HEREFORD BEEF CHUCK ROLL","","Unknown"
"76863","020366700000","No image URL in portal data","","HEREFORD CH CHUCK SHORT RIBS","","Unknown"
"76838","020368900000","No image URL in portal data","","HEREFORD CHUCK SCOTCH TENDER","","Unknown"
"71709","000028749111","No image URL in portal data","","SHOULDER CLOD NXT GEN 2PC","","Unknown"
"71906","020163500000","No image URL in portal data","","SVY BEEF BNLS CHUCK ROLL","","Unknown"
"71929","020173400000","No image URL in portal data","","SVY BEEF BNLS CHUCK ROLL","","Unknown"
"71909","020130000000","No image URL in portal data","","SVY BEEF CHUCK RL B/L N/O CH","","Unknown"
"77519","020349300000","No image URL in portal data","","SWIFT CH BNLS PCTRL MUSCLE","","Unknown"
"75544","027182576543","No image URL in portal data","","80-20 GROUND CHUCK PATTIES","","Unknown"
"72160","000071017811","No image URL in portal data","","Beef Ground 3LB Chub 73/27","","Unknown"
"71118","020175900000","No image URL in portal data","","BEEF GROUND 73% 10# ALT","","Unknown"
"77235","027182028080","No image URL in portal data","","BEEF GROUND 73% 10# FTB FREE","","Unknown"
"77230","000096423111","No image URL in portal data","","BEEF GROUND 73% 5# CHUB","","Unknown"
"75493","","No image URL in portal data","","BEEF GROUND 73% 5# CHUB FRZN","","Unknown"
"71080","000006871111","No image URL in portal data","","Beef Ground 73/27","","Unknown"
"77329","","No image URL in portal data","","BEEF GROUND 73/27 FRZN","","Unknown"
"70021","020500200000","No image URL in portal data","","BEEF GROUND 75%","","Unknown"
"76888","","No image URL in portal data","","BEEF GROUND 80% 10#","","Unknown"
"76471","000002874911","No image URL in portal data","","BEEF GROUND 80% 2# CHUB","","Unknown"
"71068","000002874911","No image URL in portal data","","Beef Ground 80/20","","Unknown"
"76464","000090027211","No image URL in portal data","","BEEF GROUND 80/20 FINE","","Unknown"
"71400","000020005811","No image URL in portal data","","Beef Ground 93/7","","Unknown"
"75800","028749022169","No image URL in portal data","","Beef Ground Chub 73/27 VWI","","Unknown"
"71079","000020167611","No image URL in portal data","","Beef Ground Chuck 81/19","","Unknown"
"71090","020003400000","No image URL in portal data","","Beef Ground Chuck 85/15","","Unknown"
"71109","000070942911","No image URL in portal data","","GR CHUCK 85/15 255","","Unknown"
"76178","000066370111","No image URL in portal data","","GRASS FED 85% GROUND BEEF","","Unknown"
"76179","000066370111","No image URL in portal data","","GRASS FED 90% GROUND BEEF","","Unknown"
"75806","027182565004","No image URL in portal data","","GROUND BEEF & PORK PATTIE","","Unknown"
"77444","","No image URL in portal data","","GROUND BEEF 73% LEAN","","Unknown"
"77442","","No image URL in portal data","","GROUND BEEF 73% LEAN 3LB","","Unknown"
"77462","","No image URL in portal data","","GROUND BEEF 73% LEAN 3LB FRZ","","Unknown"
"77443","","No image URL in portal data","","GROUND BEEF 73% LEAN 5LB","","Unknown"
"77445","","No image URL in portal data","","GROUND BEEF 80% LEAN","","Unknown"
"75227","000071017911","No image URL in portal data","","GROUND BEEF BRICKS 73\27","","Unknown"
"76355","027182551052","No image URL in portal data","","GROUND PORK LOAF - NET","","Unknown"
"76861","020315600000","No image URL in portal data","","HEREFORD GOUND CHUCK 10 LBS","","Unknown"
"71081","","No image URL in portal data","","SVY 10# 73% GROUND BEEF TUBE","","Unknown"
"72430","002874002296","No image URL in portal data","","SVY 5# 73% GROUND BEEF CHUB","","Unknown"
"76490","","No image URL in portal data","","SVY BEEF GRND 80% 2# CHUB SB","","Unknown"
"72228","","No image URL in portal data","","SVY BEEF GROUND 80% 10# SB","","Unknown"
"75900","","No image URL in portal data","","SVY BEEF GROUND 80& 1# CHUB","","Unknown"
"77429","000081002511","No image URL in portal data","","SVY GROUND BEEF 73% LEAN 5LB","","Unknown"
"77430","020954600000","No image URL in portal data","","SVY GROUND BEEF 73& LEAN","","Unknown"
"77431","020954700000","No image URL in portal data","","SVY GROUND BEEF 80% LEAN","","Unknown"
"75672","000082900511","No image URL in portal data","","WAHLBURGERS SIGNATURE LOAF","","Unknown"
"75671","000082900511","No image URL in portal data","","WAHLBURGERS SIGNATURE PATTY","","Unknown"
"71989","007347000083","No image URL in portal data","","Beef BONLESS STRIPS","","Unknown"
"72224","000020362111","No image URL in portal data","","BEEF BUTT TENDER","","Unknown"
"77029","000090027211","No image URL in portal data","","BEEF COMMODITY CLOD","","Unknown"
"75823","020167900000","No image URL in portal data","","BEEF LOIN,TOP BUTT ANGUS NR","","Unknown"
"72130","020037700000","No image URL in portal data","","Beef Short Loin","","Unknown"
"71978","000027197811","No image URL in portal data","","Beef Strip Angus No Roll SB","","Unknown"
"71970","020072500000","No image URL in portal data","","Beef Strip Select Boneless","","Unknown"
"75269","000022874911","No image URL in portal data","","BEEF TENDERLOIN","","Unknown"
"76215","020375400000","No image URL in portal data","","BEEF TOP BUTT ANGUS SEL","","Unknown"
"71950","020072800000","No image URL in portal data","","Beef Top Sirloin 1PC","","Unknown"
"72420","020038400000","No image URL in portal data","","Beef Top Sirloin Boneless CH","","Unknown"
"76987","000000076987","No image URL in portal data","","FRIBOI FARM STRIPLOIN","","Unknown"
"76988","000000076988","No image URL in portal data","","FRIBOI FARM TNDRLN CHAIN OFF","","Unknown"
"76864","020366600000","No image URL in portal data","","HEREFORD CH BNLS STRIPS","","Unknown"
"76865","020366800000","No image URL in portal data","","HEREFORD CH SHORTLOIN","","Unknown"
"76862","020366500000","No image URL in portal data","","HEREFORD CH TOP BUTTS XT","","Unknown"
"72191","020195500000","No image URL in portal data","","MEXICAN BEEF SHORT LOIN","","Unknown"
"75578","020530200000","No image URL in portal data","","SU KARNE T-BONE 1""","","Unknown"
"72176","020195700000","No image URL in portal data","","SUKARNE BNLS STRIP WHOLE E82","","Unknown"
"71971","020163600000","No image URL in portal data","","SVY BEEF LOIN,STRIP BL SE SB","","Unknown"
"72132","000000000403","No image URL in portal data","","SVY MEX BEEF SHORT LOIN","","Unknown"
"72217","020950600000","No image URL in portal data","","BEEF HIND SHANK MEX CUT FROZ","","Unknown"
"76159","020938600000","No image URL in portal data","","BREADED CHICKEN PARMESAN","","Unknown"
"76160","020938700000","No image URL in portal data","","BREADED CHICKEN SP/ARTICHOKE","","Unknown"
"75834","000073621111","No image URL in portal data","","CHAR SIU PORK INFUSIONS","","Unknown"
"76156","020938500000","No image URL in portal data","","CHICKEN BREAST W BROC CHEESE","","Unknown"
"76149","020938400000","No image URL in portal data","","CHICKEN BREAST W CORDON BLEU","","Unknown"
"76258","020347800000","No image URL in portal data","","CORNED BEEF MIXED","","Unknown"
"75835","020955100000","No image URL in portal data","","HONEY CHIPOTLE CHCKN SKEWER","","Unknown"
"76158","020938900000","No image URL in portal data","","ITALIAN STYLE BEEF MEATBALL","","Unknown"
"75836","000073621111","No image URL in portal data","","LEMON PEPPER CHICKEN INFUSN","","Unknown"
"76147","020409900000","No image URL in portal data","","PORK CHOP STFF CRANBRY APPLE","","Unknown"
"76146","020409800000","No image URL in portal data","","PORK CHOP STFF SAVORY CRNBRD","","Unknown"
"75837","000073621111","No image URL in portal data","","ROSEMARY GRLC TURKEY INFUSN","","Unknown"
"75842","020955300000","No image URL in portal data","","SWEET CHILI CHICKEN SKEWER","","Unknown"
"75843","020955400000","No image URL in portal data","","TEQUILA LIME CHICKEN SKEWER","","Unknown"
"71673","020165300000","No image URL in portal data","","BEEF B/I RIBEYE CHOICE","","Unknown"
"71968","000028749111","No image URL in portal data","","BEEF BACK RIBS FZN COV","","Unknown"
"76010","020166400000","No image URL in portal data","","BEEF BNLS RIB EYE ANGUS NR","","Unknown"
"75278","020318600000","No image URL in portal data","","BEEF PEELED BUTT FILLET","","Unknown"
"71670","020072200000","No image URL in portal data","","Beef Whole Ribeye SEL","","Unknown"
"76986","000000076986","No image URL in portal data","","FRIBOI FARMS RIBEYE","","Unknown"
"75366","000020354111","No image URL in portal data","","MEXICAN BEEF CARNE PICADA","","Unknown"
"75373","020354400000","No image URL in portal data","","MEXICAN BEEF CHUCK SLCE BI","","Unknown"
"75358","000020354311","No image URL in portal data","","MEXICAN BEEF RND KNUCK PEELD","","Unknown"
"75492","020366000000","No image URL in portal data","","MEXICAN BF CARNE PICADA FRZN","","Unknown"
"72189","020351500000","No image URL in portal data","","MEXICAN WHL BNLS RIBEYE 243","","Unknown"
"71675","020091000000","No image URL in portal data","","SUKARNE B.I. LIP ON RIB EYE","","Unknown"
"72225","020299700000","No image URL in portal data","","SUKARNE BONE IN BEEF CHUCK","","Unknown"
"75637","000002020911","No image URL in portal data","","SUKARNE BONE IN BF CHUCK FRZ","","Unknown"
"71679","000000000243","No image URL in portal data","","SVY MEX BEEF BNLS RIBEYE","","Unknown"
"76717","","No image URL in portal data","","SVY MEX BEEF BNLS RIBEYE","","Unknown"
"72911","000002020811","No image URL in portal data","","Beef Bottom Flat Choice","","Unknown"
"75222","020163400000","No image URL in portal data","","BEEF BOTTOM FLAT CRT CH","","Unknown"
"71700","020335400000","No image URL in portal data","","Beef Bottom Round Flat","","Unknown"
"72914","020208300000","No image URL in portal data","","Beef Eye of Round Choice","","Unknown"
"71760","020074100000","No image URL in portal data","","Beef Eye Round","","Unknown"
"72912","020208100000","No image URL in portal data","","Beef Inside Round Denuded CH","","Unknown"
"71785","000020056411","No image URL in portal data","","Beef Inside Round Trimmed","","Unknown"
"72916","020208400000","No image URL in portal data","","Beef Peeled Knuckle Choice","","Unknown"
"76214","020375300000","No image URL in portal data","","BEEF PLD KNUCKLE ANGUS SEL","","Unknown"
"76083","020368100000","No image URL in portal data","","BEEF SLICED BOTTOM ROUND","","Unknown"
"76144","020368600000","No image URL in portal data","","BEEF SLICED INSIDE ROUND 6MM","","Unknown"
"76844","000020370111","No image URL in portal data","","HEREFORD BEEF PLD KNUCKLE","","Unknown"
"76843","020366900000","No image URL in portal data","","HEREFORD BEEF ROUND EYES","","Unknown"
"76842","020370300000","No image URL in portal data","","HEREFORD BEEF ROUND FLAT 1/4","","Unknown"
"76839","020370200000","No image URL in portal data","","HEREFORD BF INSIDE ROUND 1/4","","Unknown"
"76866","020324600000","No image URL in portal data","","HEREFORD CH BNLS RIBEYE DN","","Unknown"
"71706","","No image URL in portal data","","SVY BEEF BOTTOM ROUND","","Unknown"
"77311","","No image URL in portal data","","SVY BEEF BOTTOM ROUND","","Unknown"
"71780","020071900000","No image URL in portal data","","SVY BEEF RND,INSDE DENUDE SB","","Unknown"
"71695","000020166911","No image URL in portal data","","SVY BEEF RND,KNUCKLE PEEL SB","","Unknown"
"71765","020055300000","No image URL in portal data","","SVY BEEF ROUND,EYE OF CH SB","","Unknown"
"71520","000020006611","No image URL in portal data","","Beef Briskets","","Unknown"
"71510","020348500000","No image URL in portal data","","BEEF SKIRT STEAK","","Unknown"
"94858","000010036511","No image URL in portal data","","BULK AMERICAN CHEESE 160 SLC","","Unknown"
"77304","000090196911","No image URL in portal data","","BDRESSED B/S BREAST 3P TRAY","","Unknown"
"77297","000000908511","No image URL in portal data","","BDRESSED BREAST B/S 8P TRAY","","Unknown"
"74978","000026061511","No image URL in portal data","","CHKN BRST B/L S/L #8 FRSH","","Unknown"
"71590","000020760411","No image URL in portal data","","CHKN BRST B/L S/L CVP FRESH","","Unknown"
"71850","026082900000","No image URL in portal data","","CHKN BRST B/L S/L SM-PK FRSH","","Unknown"
"76340","000020760611","No image URL in portal data","","CHKN BRST B/L TENDR CVP FRSH","","Unknown"
"77361","026066400000","No image URL in portal data","","CHKN BRST B/L TENDR FRSH","","Unknown"
"72850","000090075611","No image URL in portal data","","CHKN BRST B/L THIN-CUT FRSH","","Unknown"
"77417","020902400000","No image URL in portal data","","CHKN BRST BL TNDR CVP FRSH","","Unknown"
"77416","020902300000","No image URL in portal data","","CHKN BRST BLS SNLS CVP","","Unknown"
"71530","000020020711","No image URL in portal data","","CHKN BRST SPLIT CVP FRSH","","Unknown"
"71790","000026087111","No image URL in portal data","","CHKN BRST SPLIT FAM-PK FRSH","","Unknown"
"71270","026083600000","No image URL in portal data","","CHKN BRST SPLIT SM-PK FRSH","","Unknown"
"76423","000000007012","No image URL in portal data","","CHKN BRSTS B/L S/L #8 FRSH","","Unknown"
"77302","000000908511","No image URL in portal data","","BDRESSED DRUMSTICK 8P TRAY","","Unknown"
"77467","","No image URL in portal data","","CHICKEN 10LB DRUMSTICK FRESH","","Unknown"
"77404","","No image URL in portal data","","CHICKEN 5LB DRUMSTICK FRZN","","Unknown"
"71898","000020015811","No image URL in portal data","","CHICKEN DRUMSTICK 10 LBS","","Unknown"
"71550","000000207611","No image URL in portal data","","CHKN DRUMS CVP FRSH","","Unknown"
"71330","026087200000","No image URL in portal data","","CHKN DRUMS FAM-PK FRSH","","Unknown"
"71290","026080800000","No image URL in portal data","","CHKN DRUMS SM-PK FRSH","","Unknown"
"77412","020901900000","No image URL in portal data","","CHKN DRUMSTICKS CVP FRSH","","Unknown"
"17476","","No image URL in portal data","","DELIGHTFUL FARMS CHCKN DRUMS","","Unknown"
"77307","000000908511","No image URL in portal data","","BDRESSED LEG QUARTER 8P TRAY","","Unknown"
"71570","000020760211","No image URL in portal data","","CHKN LEG QTR CVP FRSH","","Unknown"
"77415","020902200000","No image URL in portal data","","CHKN LEG QTR CVP FRSH","","Unknown"
"71310","026085900000","No image URL in portal data","","CHKN LEG QTR FAM-PK FRSH","","Unknown"
"71339","089952712100","No image URL in portal data","","FRESH LEG QUARTERS 4X10 BAG","","Unknown"
"77299","000090196911","No image URL in portal data","","BDRESSED B/I THIGHT 3P TRAY","","Unknown"
"77414","020902100000","No image URL in portal data","","CHICKEN BL SL THIGHS CVP","","Unknown"
"76341","027634100000","No image URL in portal data","","CHKN THIGHS B/L S/L CVP FRSH","","Unknown"
"71349","000026086511","No image URL in portal data","","CHKN THIGHS BL SL SM-PK FRSH","","Unknown"
"71540","000020759811","No image URL in portal data","","CHKN THIGHS CVP FRSH","","Unknown"
"77411","020901800000","No image URL in portal data","","CHKN THIGHS CVP FRSH","","Unknown"
"71340","000026064711","No image URL in portal data","","CHKN THIGHS FAM-PK FRSH","","Unknown"
"71300","000026080911","No image URL in portal data","","CHKN THIGHS SM-PK FRSH","","Unknown"
"77303","000010196911","No image URL in portal data","","BDRESSED CRYOCAC WOG CHICKEN","","Unknown"
"71535","000020056911","No image URL in portal data","","Chicken Whole Fryer 3/4 CVP","","Unknown"
"77554","","No image URL in portal data","","Chicken Whole Fryer 3/4 CVP","","Unknown"
"71250","026080500000","No image URL in portal data","","CHKN WHOLE FRYER FRSH","","Unknown"
"77301","000090196911","No image URL in portal data","","BDRESSED WHOLE WING 3P TRAY","","Unknown"
"77309","000000908511","No image URL in portal data","","BDRESSED WHOLE WING 8P TRAY","","Unknown"
"71560","020732100000","No image URL in portal data","","CHKN WINGS CVP FRSH","","Unknown"
"77413","020902600000","No image URL in portal data","","CHKN WINGS CVP FRSH","","Unknown"
"71320","026087400000","No image URL in portal data","","CHKN WINGS FAM-PK FRSH","","Unknown"
"71280","026081000000","No image URL in portal data","","CHKN WINGS SM-PK FRSH","","Unknown"
"77465","","No image URL in portal data","","TYSON FRSH CVP CUT CHKN WING","","Unknown"
"77401","","No image URL in portal data","","BB 85%GRND TURKY 1LB CHB FZN","","Unknown"
"77406","022655701965","No image URL in portal data","","BTTRBL NATL TURKEY TENDERLN","","Unknown"
"77407","022655715900","No image URL in portal data","","BTTRBL ROTISS TURKEY TNDLN","","Unknown"
"71555","000020057111","No image URL in portal data","","CHKN GIZZARDS CVP FRSH","","Unknown"
"35874","075620556695","No image URL in portal data","","GROUND CHICKEN","","Unknown"
"77337","000064220511","No image URL in portal data","","HSW FULLY COOKED MEATBALLS","","Unknown"
"72378","","No image URL in portal data","","JENNIE-O GRND TRKY 3#CHB FRS","","Unknown"
"77555","","No image URL in portal data","","JENNIE-O GRND TRKY 85/15 TRY","","Unknown"
"75679","","No image URL in portal data","","QUIRCH CVP CHICKEN BACKS","","Unknown"
"75681","","No image URL in portal data","","QUIRCH CVP CHICKEN HEART","","Unknown"
"77502","","No image URL in portal data","","QUIRCH CVP CHICKEN NECKS","","Unknown"
"77036","000090642211","No image URL in portal data","","SBF FRESH 10/16 LB WHL TURKY","","Unknown"
"77338","000064220511","No image URL in portal data","","SBF FULLY COOKED MEATBALLS","","Unknown"
"77405","027182726566","No image URL in portal data","","TY SEASND BS CHKN BRST TRYKI","","Unknown"
"77293","027182725507","No image URL in portal data","","TYSON GARLIC&HERB CHKN BRST","","Unknown"
"77294","027182725521","No image URL in portal data","","TYSON STEAKHOUSE CHKN BRST","","Unknown"
"48194","000020805311","No image URL in portal data","","BAVARIAN HALF HAM","","Unknown"
"78110","000020005611","No image URL in portal data","","Chunk Fatback Premium","","Unknown"
"22650","000022265811","No image URL in portal data","","CLIFTY PORK COUNTRY HAM WHLE","","Unknown"
"76955","020771200000","No image URL in portal data","","CLIFTY WHOLE HAMS","","Unknown"
"18940","021894100000","No image URL in portal data","","HAM STEAK","","Unknown"
"76949","070800034604","No image URL in portal data","","JAMESTOWN SMOKED CHOPS","","Unknown"
"63668","000070848111","No image URL in portal data","","PINE MTN SMKD BNLS HAM ENDS","","Unknown"
"59049","020812000000","No image URL in portal data","","SMOKED PORK JOWL COV","","Unknown"
"1876","","No image URL in portal data","","SUGARDALE CNTR CUT HAM STEAK","","Unknown"
"76563","020696700000","No image URL in portal data","","SUPERIOR EZ CARVE HAM","","Unknown"
"77491","020504300000","No image URL in portal data","","KZ TURKEY HAM QTR 20% WATER","","Unknown"
"75384","070800216352","No image URL in portal data","","PORK APPLEWOOD BACON FILET","","Unknown"
"76262","000079588111","No image URL in portal data","","PORK B\I LOINS 1\8 TRIM","","Unknown"
"76250","020432900000","No image URL in portal data","","PORK BNLS CC LOINS 1/8 TRIM","","Unknown"
"76263","070800914951","No image URL in portal data","","PORK BUTT NECKON 1PC 1\8TRIM","","Unknown"
"77473","000019606311","No image URL in portal data","","PORK FILET CLASSIC","","Unknown"
"77505","000019606311","No image URL in portal data","","PORK FILET MARINTD CHIP GRLC","","Unknown"
"77471","000019606311","No image URL in portal data","","PORK FILET SALT PPR GARLIC","","Unknown"
"77472","000019606311","No image URL in portal data","","PORK FILET SMKD & SWT BBQ","","Unknown"
"71720","020074400000","No image URL in portal data","","Pork Loin Boneless SOFF COV","","Unknown"
"71650","000020019611","No image URL in portal data","","PORK LOIN,B/I","","Unknown"
"71653","000020166811","No image URL in portal data","","PORK LOIN,B/I CC","","Unknown"
"71729","020112400000","No image URL in portal data","","PORK LOIN,B/L STRAP-ON","","Unknown"
"76897","","No image URL in portal data","","PORK LOIN,B/L STRAP-ON","","Unknown"
"76815","","No image URL in portal data","","PORK LOIN,B/L STRAP-ON FRZN","","Unknown"
"72140","020007900000","No image URL in portal data","","PORK SIRLOIN,B/I","","Unknown"
"71840","020198400000","No image URL in portal data","","PORK SIRLOIN,B/L","","Unknown"
"76989","","No image URL in portal data","","PORK SIRLOIN,B/L FRZN","","Unknown"
"77470","000019606311","No image URL in portal data","","PORK TENDER CHIPTL&RST GARLC","","Unknown"
"77506","000019606311","No image URL in portal data","","PORK TENDER MARINATD CLASSIC","","Unknown"
"77468","000019606311","No image URL in portal data","","PORK TENDER SALT PPR GARLIC","","Unknown"
"77469","000019606311","No image URL in portal data","","PORK TENDER SMKD & SWT BBQ","","Unknown"
"72110","000020422611","No image URL in portal data","","Pork Tenderloin Fresh 2PK","","Unknown"
"72112","","No image URL in portal data","","PORK TENDERLOIN FROZEN 2PK","","Unknown"
"75287","070800746828","No image URL in portal data","","PORK TENDERLOIN GLDN ROTISSR","","Unknown"
"75256","070800746798","No image URL in portal data","","PORK TENDERLOIN PEPPER","","Unknown"
"88833","","No image URL in portal data","","RSTD GARLIC & HERB FILET","","Unknown"
"75824","070800216345","No image URL in portal data","","SMITH ORIG RECIPE FILET","","Unknown"
"71728","000028749111","No image URL in portal data","","SVY PORK BNLS LOIN S/ON","","Unknown"
"77600","","No image URL in portal data","","SVY PORK BNLS LOIN S/ON HALF","","Unknown"
"77390","000020008211","No image URL in portal data","","SVY PORK BNLS SIRS","","Unknown"
"77466","","No image URL in portal data","","PORK BELLY BNLS VP 12 PK","","Unknown"
"71635","020055100000","No image URL in portal data","","PORK NECK BONES,FRSH UNCUT","","Unknown"
"71630","000028749411","No image URL in portal data","","PORK NECKBONES FRESH CUT FP","","Unknown"
"75543","020428800000","No image URL in portal data","","PORK NECKBONES LARGE FRESH","","Unknown"
"72145","020179000000","No image URL in portal data","","Pork Rib Ends Bone In COV","","Unknown"
"74544","020422300000","No image URL in portal data","","PORK SPARE RIBS FRESH 2PC","","Unknown"
"70179","020299900000","No image URL in portal data","","Pork BNLS BUTT 2 PC","","Unknown"
"71235","020172100000","No image URL in portal data","","Pork Butt Neck Off 1PC COV","","Unknown"
"71230","020007500000","No image URL in portal data","","Pork Butt Neck Off 2PC COV","","Unknown"
"71249","000020117111","No image URL in portal data","","Pork Butt Neck On 1PC","","Unknown"
"71261","020065300000","No image URL in portal data","","PORK BUTT, NECK-ON 2PC","","Unknown"
"76974","","No image URL in portal data","","PORK BUTT, NECK-ON 2PC FRZN","","Unknown"
"75620","020425200000","No image URL in portal data","","Pork Cushion Meat SPB","","Unknown"
"71248","020094700000","No image URL in portal data","","PORK PICNIC 2PC B/I","","Unknown"
"71240","020008300000","No image URL in portal data","","PORK PICNIC,B/I 1PC","","Unknown"
"76832","","No image URL in portal data","","PORK PICNIC,B/I 1PC SVY","","Unknown"
"71237","020117200000","No image URL in portal data","","SVY PORK BUTTS N/OFF 1PC","","Unknown"
"64831","000028749311","No image URL in portal data","","SVY PORK BUTTS N/ON 2PC","","Unknown"
"77498","027182126434","No image URL in portal data","","TY SWT&SMKY BBQ PRK SHLDRBUT","","Unknown"
"14312","020188900000","No image URL in portal data","","BULK HAM SLICES PREMIUM","","Unknown"
"77316","021002008245","No image URL in portal data","","CLIFFY FARM CRACKLINS","","Unknown"
"77424","","No image URL in portal data","","CLIFTY FARM BBQ PORK SKIN","","Unknown"
"7148","021002010002","No image URL in portal data","","CLIFTY FARM COUNTRY HAM PCS","","Unknown"
"77425","","No image URL in portal data","","CLIFTY FARM HT&SPICY PORKSKN","","Unknown"
"77423","","No image URL in portal data","","CLIFTY FARM ORG PORK SKIN","","Unknown"
"77342","020801400000","No image URL in portal data","","HRML CURE81 HLF HAM SPRL SLC","","Unknown"
"77403","","No image URL in portal data","","HRML CURE81 HLF HAM SPRL SLC","","Unknown"
"8862","000020806111","No image URL in portal data","","KYLG 1/4 SLICED HAM  8/2 LB","","Unknown"
"55015","000020806311","No image URL in portal data","","KYLG QTR SI BLK FOREST HAM","","Unknown"
"55014","000020806611","No image URL in portal data","","KYLG QTR SI BROWN SUGAR HAM","","Unknown"
"48357","000020805411","No image URL in portal data","","KYLG SLICED TURKEY BREAST","","Unknown"
"77499","","No image URL in portal data","","LEE SMKD BACON ENDS & PCS","","Unknown"
"77326","","No image URL in portal data","","PORTION HAMS","","Unknown"
"75565","020841500000","No image URL in portal data","","SMITH MAPLE QTR SLICED HAM","","Unknown"
"77014","070800227396","No image URL in portal data","","SMTH SLICED QTR HCKRY SMKD HAM","","Unknown"
"77015","070800227426","No image URL in portal data","","SMTH SLICED QTR MAPLE SMKD HAM","","Unknown"
"77013","070800227419","No image URL in portal data","","SMTH SLICED QTY BRWN SUG HAM","","Unknown"
"77482","000020732311","No image URL in portal data","","SPRING HILL HAM ENDS RW","","Unknown"
"77236","000000077236","No image URL in portal data","","SUGARDALE SEMI BNLS HALF HAM","","Unknown"
"77237","000000077237","No image URL in portal data","","SUGARDALE SEMI BNLS WHL HAM","","Unknown"
"1875","","No image URL in portal data","","SUGARDALE SPIRL HALF HAM","","Unknown"
"77231","","No image URL in portal data","","SVY PORTION HAMS","","Unknown"
"76950","035243008308","No image URL in portal data","","BSH BURGER CNTY HAM END SLC","","Unknown"
"72065","072342121040","No image URL in portal data","","CADE COVE SLICED CNTRY HAM","","Unknown"
"72066","072342121033","No image URL in portal data","","CADE COVE SLICED CNTRYHAM","","Unknown"
"77399","","No image URL in portal data","","CLIFTY BI HAM VALUE PK SHP","","Unknown"
"76951","021002021176","No image URL in portal data","","CLIFTY BL/SLICED CNTRY HAM","","Unknown"
"22740","021002010309","No image URL in portal data","","CLIFTY CNTRY HAM BISC SLICES","","Unknown"
"19059","021002005756","No image URL in portal data","","CLIFTY CNTY HAM BI VAL PACK","","Unknown"
"18700","029800463020","No image URL in portal data","","CLIFTY COUNTRY HAM END SLICE","","Unknown"
"19057","021002001574","No image URL in portal data","","CLIFTY COV WHL COUNTRY HOCK","","Unknown"
"19055","021002039744","No image URL in portal data","","CLIFTY SLICED COUNTRY HAM","","Unknown"
"19135","021002037955","No image URL in portal data","","CLIFTY SLICED COUNTRY HAM","","Unknown"
"19054","021002001734","No image URL in portal data","","CLIFTY SLICED COUNTRY HOCKS","","Unknown"
"77398","","No image URL in portal data","","CLIFTY SLICED HOCKS SHP","","Unknown"
"76876","","No image URL in portal data","","COUNTRY HAM SSEAN PCS SHP","","Unknown"
"54285","072342121606","No image URL in portal data","","FROSTY MORN SEASONING PIECE","","Unknown"
"52523","037600232210","No image URL in portal data","","HORMEL BLACK LABEL CANND HAM","","Unknown"
"19058","021002008122","No image URL in portal data","","OZARK SUMMER SAUSAGE","","Unknown"
"22720","021002253782","No image URL in portal data","","SBY CLIFTY CNTRY HAM SSN PCS","","Unknown"
"14246","070800049080","No image URL in portal data","","SMITH B/I SMKD PORK CHOP","","Unknown"
"15455","000010070811","No image URL in portal data","","SMITH SLICED BREAKFAST HAM","","Unknown"
"14928","000010070811","No image URL in portal data","","SMTH ATF DICED HAM 1#","","Unknown"
"92247","073890080636","No image URL in portal data","","SUGARDALE BRKFST HAM SLCE 4P","","Unknown"
"48351","073890014341","No image URL in portal data","","SUGARDALE BRKFST HAM SLCE 8P","","Unknown"
"76627","020752200000","No image URL in portal data","","BLACK CANYON CORN BEEF FLAT","","Unknown"
"76437","","No image URL in portal data","","MARGARET HOLMES ATL SALMON PORTION","","Unknown"
"76439","","No image URL in portal data","","MARGARET HOLMES ATL SALMON SIDE","","Unknown"
"76276","020957500000","No image URL in portal data","","MARGARET HOLMES MONTEREY ATL SALMON","","Unknown"
"76438","","No image URL in portal data","","MARGARET HOLMES SWEET BOURBON ATL SALMON","","Unknown"
"15521","000020414211","No image URL in portal data","","CHITT LOAF","","Unknown"
"76219","020425300000","No image URL in portal data","","FRESH PORK HALF BELLY","","Unknown"
"65391","000067293511","No image URL in portal data","","LEE CHITTERLING LOAF","","Unknown"
"77500","","No image URL in portal data","","LEE CRACKLINGS","","Unknown"
"71268","000028749111","No image URL in portal data","","PORK TRIM,85/15 60#","","Unknown"
"71409","000020922511","No image URL in portal data","","SMITH SLICED SALT PORK","","Unknown"
"77531","000000077531","No image URL in portal data","","ACNTY FRSH CHS RED WAX WDGCT","","Unknown"
"77494","000000077494","No image URL in portal data","","FISCHER CHUNK BOLOGNA 2-3LBS","","Unknown"
"75661","000020367311","No image URL in portal data","","CR BEEF CHUCK ROAST CH BNLS","","Unknown"
"75662","000020367411","No image URL in portal data","","CR BEEF CHUCK STEAK CH BNLS","","Unknown"
"75658","000020367111","No image URL in portal data","","CR BEEF STEW MEAT CH BNLS","","Unknown"
"77497","027182029896","No image URL in portal data","","TY SAVORY HMSTYL BF CHUCKRST","","Unknown"
"77475","000082900511","No image URL in portal data","","73% GROUND BEEF 1LB PCK","","Unknown"
"77474","000082900511","No image URL in portal data","","73% GROUND BEEF 2LB PCK","","Unknown"
"77479","000082900511","No image URL in portal data","","80% GROUND BEEF & PORK BLEND","","Unknown"
"77476","000082900511","No image URL in portal data","","80% GROUND BEEF 1LB PACK","","Unknown"
"77481","000082900511","No image URL in portal data","","80% GROUND BEEF 2LB","","Unknown"
"75499","027182579056","No image URL in portal data","","80% GROUND BEEF PATTY 2.5#","","Unknown"
"77480","000082900511","No image URL in portal data","","80% RIBEYE PATTY 1.33 LBS","","Unknown"
"76709","027182544870","No image URL in portal data","","CHILI MEAT GRND BEEF 85%LEAN","","Unknown"
"75546","027182565509","No image URL in portal data","","GROUND BEEF & PORK BLEND 2#","","Unknown"
"75611","027182561273","No image URL in portal data","","GROUND BEEF 73% 1LB","","Unknown"
"75612","027182558877","No image URL in portal data","","GROUND BEEF 73% 2LB","","Unknown"
"75614","027182561280","No image URL in portal data","","GROUND BEEF 80% 1LB","","Unknown"
"75615","027182558143","No image URL in portal data","","GROUND BEEF 80% 2LB","","Unknown"
"77001","020547648091","No image URL in portal data","","GROUND BEEF 80% PATTIES","","Unknown"
"75613","027182558976","No image URL in portal data","","GROUND BEEF 90% 2LB","","Unknown"
"75663","027182558822","No image URL in portal data","","GROUND BEEF 90% SIRLOIN","","Unknown"
"75807","027182558846","No image URL in portal data","","GROUND CHUCK PATTIE 80% LEAN","","Unknown"
"77002","000022054811","No image URL in portal data","","PRIME RIB PATTIES","","Unknown"
"75809","027182575089","No image URL in portal data","","RIB EYE PATTIE","","Unknown"
"77044","","No image URL in portal data","","STMK GBEEF 80% 2# PATTY","","Unknown"
"75665","000020367611","No image URL in portal data","","CR BEEF BOTTOM RND RST BNLS","","Unknown"
"75657","000002036711","No image URL in portal data","","CR BEEF CARNE PICADA BNLS","","Unknown"
"75659","000020367211","No image URL in portal data","","CR BEEF CUBE STEAK BNLS","","Unknown"
"75664","000020367511","No image URL in portal data","","CR BEEF EYE ROUND ROAST BNLS","","Unknown"
"75668","000020367911","No image URL in portal data","","CR BEEF EYE ROUND STEAK BNLS","","Unknown"
"75656","000020432511","No image URL in portal data","","CR PORK BI LOIN CC CHOPS","","Unknown"
"76353","027182069731","No image URL in portal data","","CR PORK BNLS CC CHOP - NET","","Unknown"
"75653","000020432311","No image URL in portal data","","CR PORK BNLS LOIN CC CHOP","","Unknown"
"75649","000002043211","No image URL in portal data","","CR PORK BNLS SIRLOIN CHOP","","Unknown"
"76354","020407300000","No image URL in portal data","","CR PORK CC CHOPS THIN BI","","Unknown"
"76356","020407200000","No image URL in portal data","","CR PORK CC CHOPS THIN BNLS","","Unknown"
"75651","000020432111","No image URL in portal data","","CR PORK SHOULDER BUTT CS RIB","","Unknown"
"75654","000020432411","No image URL in portal data","","PORK BI LOIN ASST CHOPS VP","","Unknown"
"77504","027182126076","No image URL in portal data","","TY SWT&SMKY BNLSS PROK CHOPS","","Unknown"
"77333","027182126243","No image URL in portal data","","TYSON GRLC & HERB PORK CHOP","","Unknown"
"77331","027182126205","No image URL in portal data","","TYSON SAVORY CMPFIRE PK CHOP","","Unknown"
"77332","027182126212","No image URL in portal data","","TYSON SMKY CHILI BTTR PKCHOP","","Unknown"
"75652","000020432211","No image URL in portal data","","CR PORK BI SHLDR BLADE STEAK","","Unknown"
"72246","020951800000","No image URL in portal data","","BEEF CHUCK NECK BONES PRVFZN","","Unknown"
"77034","079041226410","No image URL in portal data","","BEEF FEET","","Unknown"
"71088","000000040868","No image URL in portal data","","Beef Feet Bulk Frozen","","Unknown"
"72239","020953500000","No image URL in portal data","","BEEF FEMUR BONES PRV FROZEN","","Unknown"
"72247","020954500000","No image URL in portal data","","BEEF HIND SHANKS PREV FROZEN","","Unknown"
"77033","079041226434","No image URL in portal data","","BEEF MARROW BONES CANOE CUT","","Unknown"
"81110","000000811111","No image URL in portal data","","BEEF OXTAIL FROZEN","","Unknown"
"75554","020390200000","No image URL in portal data","","BEEF OXTAILS","","Unknown"
"72245","020951700000","No image URL in portal data","","BEEF TONGUE PREV FROZEN","","Unknown"
"77032","079041226441","No image URL in portal data","","BEEF TRIPE","","Unknown"
"77489","052294008873","No image URL in portal data","","DEMAKES BEEF SHAVED STEAK","","Unknown"
"76299","000064150911","No image URL in portal data","","GOAT CUBES BONE IN","","Unknown"
"75881","","No image URL in portal data","","GRAMST APLWD BACON FILET","","Unknown"
"72248","020952000000","No image URL in portal data","","HONEYCOMB TRIPE-EXPRT PRVFZN","","Unknown"
"76181","020932000000","No image URL in portal data","","LAMB BONELESS LEG","","Unknown"
"76186","020932500000","No image URL in portal data","","LAMB SEMI BONELESS LEG","","Unknown"
"76182","020932100000","No image URL in portal data","","LAMB SHORT LOINS","","Unknown"
"76183","020932200000","No image URL in portal data","","LAMB TRIM RACK","","Unknown"
"72199","020951200000","No image URL in portal data","","MEXICAN BEEF NECKBONES","","Unknown"
"76483","073504630011","No image URL in portal data","","PHILLY GOURMET SHAVED STEAK","","Unknown"
"77546","020369000000","No image URL in portal data","","RUMBA BEEF FEET","","Unknown"
"77550","020369300000","No image URL in portal data","","RUMBA BEEF HINDSHANKS","","Unknown"
"77552","020369500000","No image URL in portal data","","RUMBA BEEF HONEYCOMB TRIPE","","Unknown"
"77522","020349700000","No image URL in portal data","","RUMBA BEEF KIDNEY","","Unknown"
"77548","020369100000","No image URL in portal data","","RUMBA BEEF MARROW BONES","","Unknown"
"77551","020369400000","No image URL in portal data","","RUMBA BEEF NECK BONES","","Unknown"
"77518","020349200000","No image URL in portal data","","RUMBA BEEF OXTAIL","","Unknown"
"77521","020349600000","No image URL in portal data","","RUMBA BEEF SCALDED TRIPE","","Unknown"
"77527","020350300000","No image URL in portal data","","RUMBA BEEF TONGUE, BLACK","","Unknown"
"77523","020349800000","No image URL in portal data","","RUMBA CHEEK MEAT","","Unknown"
"77483","020951400000","No image URL in portal data","","RUMBA SLICED LIVER","","Unknown"
"75882","","No image URL in portal data","","SBY GRAMST BLK PPR BCN FILET","","Unknown"
"76850","020323400000","No image URL in portal data","","SCALDED TRIPE PREV FROZEN","","Unknown"
"77545","000064708711","No image URL in portal data","","THMS FRZN BONE IN GOAT CUBES","","Unknown"
"76298","000072458511","No image URL in portal data","","BEEF BREADED CHUCK WAGON","","Unknown"
"75731","000072458511","No image URL in portal data","","BEEF PATTIES IQF PLATTER","","Unknown"
"75844","022655724025","No image URL in portal data","","BTTRBLL SWT ONION TRKY BURGR","","Unknown"
"76169","000064220511","No image URL in portal data","","CRV HSE PLANT BASED LOAVES","","Unknown"
"76172","000064220511","No image URL in portal data","","CRV HSE PLANT BASED PATTIES","","Unknown"
"76171","000064220511","No image URL in portal data","","CRV HSE PLANT ITAL MEATBALLS","","Unknown"
"76170","000064220511","No image URL in portal data","","CRV HSE PLANT ITALIAN LINKS","","Unknown"
"54997","079821100121","No image URL in portal data","","EXTRA VALUE BEEF PATTIES","","Unknown"
"11885","020323005148","No image URL in portal data","","FLANDERS BEEF PATTIES FRZN","","Unknown"
"73064","","No image URL in portal data","","FLANDERS FRZN BEEF PATTIES","","Unknown"
"77558","000000077558","No image URL in portal data","","FROSTY MORN BEEF PATTY","","Unknown"
"77559","000000077559","No image URL in portal data","","FROSTY MORN CHUCKWAGON PATTY","","Unknown"
"54996","079821131071","No image URL in portal data","","HOLTEN BEEF 1/4LB PATTY BOX","","Unknown"
"16545","079821000544","No image URL in portal data","","HOLTEN BEEF REST QTY75-25BAG","","Unknown"
"78669","079821000551","No image URL in portal data","","HOLTEN REST QTY BEEF85-15BAG","","Unknown"
"76979","079821103115","No image URL in portal data","","HOLTEN SMASHED BURGER PATTY","","Unknown"
"76175","076338811403","No image URL in portal data","","POUND OF GROUND CRUMBLES GB","","Unknown"
"76176","076338811410","No image URL in portal data","","POUND OF GROUND HEARTY SIZED","","Unknown"
"76177","076338811397","No image URL in portal data","","POUND OF GROUND W/ONION","","Unknown"
"69764","000069224411","No image URL in portal data","","SEM SIGNATURE CHICKN SLIDERS","","Unknown"
"69763","000069224411","No image URL in portal data","","SEM SIGNTR CHZBRGR SLIDR 6CT","","Unknown"
"21982","079041217715","No image URL in portal data","","SKYLARK BEEF LIVER","","Unknown"
"74951","079821000742","No image URL in portal data","","THICK N JUICY BCN CHED PATTY","","Unknown"
"74947","079821000704","No image URL in portal data","","THICK N JUICY BF PATTY 1/3LB","","Unknown"
"49850","079821000759","No image URL in portal data","","THICK N JUICY BF PATTY 1/4LB","","Unknown"
"72930","000030031411","No image URL in portal data","","CHICKEN 10LB DRUMSTICK","","Unknown"
"77027","","No image URL in portal data","","CHICKEN LIVER CUP FRESH PLAC","","Unknown"
"71348","000020093811","No image URL in portal data","","CHICKEN PAWS FRZN","","Unknown"
"77240","000000200711","No image URL in portal data","","CHKN BRST B/L S/L  FRZN","","Unknown"
"75260","020941400004","No image URL in portal data","","CHKN BRST B/L S/L FILM FRZN","","Unknown"
"77450","","No image URL in portal data","","CHKN BRST B/L TENDR FRZN","","Unknown"
"76070","020704100000","No image URL in portal data","","CHKN DRUMS #8 TRAY FRZN","","Unknown"
"71368","020708000000","No image URL in portal data","","CHKN GIZZARDS FRZN","","Unknown"
"71830","000077683111","No image URL in portal data","","CHKN LEG QTR 10# BAG FRZN","","Unknown"
"76090","020174600000","No image URL in portal data","","CHKN WINGS #8 TRAY FRZN","","Unknown"
"71835","","No image URL in portal data","","LEG QUARTERS 4X10 BAG","","Unknown"
"77517","052294874119","No image URL in portal data","","ONF BUFFALO STYLE CHKN WINGS","","Unknown"
"77516","052294874010","No image URL in portal data","","ONF GARLIC PARM CHICKEN WING","","Unknown"
"77515","052294879091","No image URL in portal data","","ONF HOT HNY CHICKEN THIGHS","","Unknown"
"77514","052294978343","No image URL in portal data","","ONF ITALIAN CHICKEN SKEWERS","","Unknown"
"77513","052294979753","No image URL in portal data","","ONF SWT BOURBON CHKN SKEWER","","Unknown"
"71350","000026081311","No image URL in portal data","","TYSON CHICKEN LIVERS FROZEN","","Unknown"
"77458","072745935220","No image URL in portal data","","CHEFS CHOICE CORNSH HEN FRSH","","Unknown"
"76463","048321063168","No image URL in portal data","","GEORGE'S 4# WING SECTIONS","","Unknown"
"77453","000083510711","No image URL in portal data","","IQF CHICKEN PARTY WINGS","","Unknown"
"75645","000085053211","No image URL in portal data","","MR CHIKIN IQF CHICKEN WINGS","","Unknown"
"77501","000066507211","No image URL in portal data","","QUIRCH WHOLE QUAIL B/I","","Unknown"
"22430","023700225252","No image URL in portal data","","TYSON CORNISH GAME HEN","","Unknown"
"48730","020906000000","No image URL in portal data","","BUTTERBALL TURKEYS 10/14 LB","","Unknown"
"48750","020907000000","No image URL in portal data","","BUTTERBALL TURKEYS 18/24 LB","","Unknown"
"77553","","No image URL in portal data","","FESTIVE GROUND TURKEY","","Unknown"
"77275","","No image URL in portal data","","HEN TURKEYS FROZEN","","Unknown"
"77007","000090642211","No image URL in portal data","","HSW FRZN TURKEY DRUMSTICKS","","Unknown"
"77012","000090642211","No image URL in portal data","","HSW FRZN TURKEY NECKS","","Unknown"
"77008","000090642211","No image URL in portal data","","HSW FRZN TURKEY THIGHS","","Unknown"
"77009","000090642211","No image URL in portal data","","HSW FRZN TURKEY WINGS","","Unknown"
"77427","000090042211","No image URL in portal data","","JENNIE O BONE IN BREAST 5-9#","","Unknown"
"9603","000020909211","No image URL in portal data","","JENNIE-O TURKEY TOM FROZEN","","Unknown"
"77569","020366100000","No image URL in portal data","","KIKIRIQUIRCH FRZN PENNY HEN","","Unknown"
"77005","000090642211","No image URL in portal data","","SBF FRZN TURKEY WINGS","","Unknown"
"76924","","No image URL in portal data","","SMKD H DRUMS BULK FRZ","","Unknown"
"74533","020819500000","No image URL in portal data","","SMKD TURKEY DRUM BULK-HEN","","Unknown"
"71380","000002082311","No image URL in portal data","","SMKD TURKEY WINGS FRZ","","Unknown"
"19300","020910000000","No image URL in portal data","","SVY HNYSCKL TRKY BRST 6/8LB","","Unknown"
"77276","","No image URL in portal data","","TOM TURKEYS FROZEN","","Unknown"
"76430","020820000000","No image URL in portal data","","TRKY DRUMS,SMKD BULK","","Unknown"
"19260","020043700000","No image URL in portal data","","TRKY HEN HONEY FRZN","","Unknown"
"71390","020821500000","No image URL in portal data","","TRKY NECKS,SMKD CUT BULK","","Unknown"
"75643","037158007353","No image URL in portal data","","ANDY'S SHOULDER PICNIC","","Unknown"
"52669","000076561411","No image URL in portal data","","AUNT BESSIES CHITTERLINGS","","Unknown"
"77484","000076561411","No image URL in portal data","","AUNT BESSIES COOKED CHITTLS","","Unknown"
"77485","000076561411","No image URL in portal data","","AUNT BESSIES HOG MAWS FRZN","","Unknown"
"76328","020422700000","No image URL in portal data","","HAM ENDS BI FROZEN","","Unknown"
"76329","000020921111","No image URL in portal data","","MISCUT CHOPS BI FROZEN","","Unknown"
"76834","020425600000","No image URL in portal data","","PORK BELLY R OFF 13-17 FRZ","","Unknown"
"37850","000078088311","No image URL in portal data","","PORK CHITTERLINGS 5# BAGS","","Unknown"
"77449","000090196111","No image URL in portal data","","PORK CROWN ROAST VP FROZEN","","Unknown"
"76290","020425000000","No image URL in portal data","","Pork Ears PREV FROZEN","","Unknown"
"72193","020429100000","No image URL in portal data","","Pork EARS TRAY PACK FRZN","","Unknown"
"77031","079041226427","No image URL in portal data","","PORK FEET","","Unknown"
"72197","020430700000","No image URL in portal data","","Pork FEET SM PK TRAY FRZN","","Unknown"
"71620","020428000000","No image URL in portal data","","Pork Feet SPLIT PREV FRZN FP","","Unknown"
"74529","020427500000","No image URL in portal data","","PORK FRONT FEET TOES PR FRZN","","Unknown"
"76941","","No image URL in portal data","","PORK FRONT FEET TOES PR FRZN","","Unknown"
"71920","020851000000","No image URL in portal data","","PORK HOCKS,FRZN","","Unknown"
"76859","000000004331","No image URL in portal data","","PORK JOWL CVP","","Unknown"
"75696","020800300000","No image URL in portal data","","PORK LOINS SMOKED CC","","Unknown"
"77289","000097091911","No image URL in portal data","","PORK NECK BONES, FRZ","","Unknown"
"75816","020428900000","No image URL in portal data","","PORK NECKBONES FRZN","","Unknown"
"72205","020428700000","No image URL in portal data","","Pork NECKBONES FZN FP CR","","Unknown"
"72204","020428600000","No image URL in portal data","","Pork NECKBONES SMALL FRZN CR","","Unknown"
"77636","020233000004","No image URL in portal data","","PORK NECKBONES UNCUT BLK FRZ","","Unknown"
"75646","020094800000","No image URL in portal data","","PORK PICNIC BONE IN FRZ","","Unknown"
"75542","020430900000","No image URL in portal data","","PORK SNOUTS FROZEN","","Unknown"
"72198","020429600000","No image URL in portal data","","Pork STOMACH FRZN SMALL CR","","Unknown"
"75584","020429800000","No image URL in portal data","","PORK STOMACHS FROZEN","","Unknown"
"76940","","No image URL in portal data","","PORK STOMACHS FROZEN","","Unknown"
"72196","020430100000","No image URL in portal data","","Pork TAILS TRAY FRZN","","Unknown"
"71610","020427000000","No image URL in portal data","","PORK TAILS,FRZN","","Unknown"
"76325","020422800000","No image URL in portal data","","RIB ENDS BI FROZEN 2-3","","Unknown"
"76326","020422900000","No image URL in portal data","","RIB ENDS BI FROZEN 4-6","","Unknown"
"77486","000076561411","No image URL in portal data","","ROYAL GOLD CLEANED CHITTLS","","Unknown"
"76323","","No image URL in portal data","","SMITH PORK CHITTERLINGS","","Unknown"
"37840","075042453206","No image URL in portal data","","SMITH PORK CHTTERLNGS 10# SB","","Unknown"
"75641","037158007445","No image URL in portal data","","SMOKED PORK JOWLS BULK","","Unknown"
"75639","037158007971","No image URL in portal data","","SMOKED PORK JOWLS VAC PACK","","Unknown"
"38555","000076561411","No image URL in portal data","","AUNT BESSIE'S RIB TIPS","","Unknown"
"72495","020922000000","No image URL in portal data","","PORK BACK RIB,FRZN 1PC","","Unknown"
"76817","000090070811","No image URL in portal data","","PORK BACK SHORT RIB PRTNS","","Unknown"
"75633","020602200000","No image URL in portal data","","PORK FRZ MED SPARERIBS 2PC","","Unknown"
"76457","070247204080","No image URL in portal data","","PORK LOIN BACK RIB PIECES","","Unknown"
"22940","000002092311","No image URL in portal data","","PORK RIB TIPS","","Unknown"
"22950","000076561411","No image URL in portal data","","Pork Riblets","","Unknown"
"72493","000020719711","No image URL in portal data","","PORK SPARE RIB,FRZN","","Unknown"
"72648","070505402159","No image URL in portal data","","Pork Sparerib Purnell SOWFZN","","Unknown"
"75208","020922200000","No image URL in portal data","","SOW BACK RIB BULK FRZ SWGRTY","","Unknown"
"72369","000020431311","No image URL in portal data","","STL RIB,FRZN","","Unknown"
"72368","000020000111","No image URL in portal data","","STL RIBS, FROZEN","","Unknown"
"76359","020922300000","No image URL in portal data","","SWAGGERTY PORK SPARE RIBS","","Unknown"
"77495","020922700000","No image URL in portal data","","SWIFT STL KC RUBBED RIBS CIB","","Unknown"
"77496","020922800000","No image URL in portal data","","SWIFT STL MEM RUBBED RIB CIB","","Unknown"
"78824","000007311511","No image URL in portal data","","AQUA STAR SHRIMP TRAY $5","","Unknown"
"24540","000002091411","No image URL in portal data","","BULK RAW CATFISH NUGGETS","","Unknown"
"54368","000075504711","No image URL in portal data","","HRVSTSL CATFISH NUGGETS BAG","","Unknown"
"75636","000000075636","No image URL in portal data","","RAW MEXICAN SHRIMP 36/40","","Unknown"
"59383","000089919911","No image URL in portal data","","RAW SHRIMP PEEL&DEVEIN 41/50","","Unknown"
"42895","000075444111","No image URL in portal data","","Seafood Salmon Jack FRZN","","Unknown"
"59368","020992300000","No image URL in portal data","","TILAPIA FILLET 3/5","","Unknown"
"76254","020913400000","No image URL in portal data","","TILAPIA FILLETS IQF BULK","","Unknown"
"59367","020992200000","No image URL in portal data","","WHOLE TILAPIA 350/550","","Unknown"
"39942","051933399426","No image URL in portal data","","Farmington HOT ITALIAN GROUND SAUSAGE","Farmington","Unknown"
"39939","051933399396","No image URL in portal data","","Farmington MILD ITALIAN SAUSAGE GROUND","Farmington","Unknown"
"85980","077900292736","No image URL in portal data","","APPETITO SAUS ITALIAN MEDIUM","","Unknown"
"51256","053975910331","No image URL in portal data","","DIRUSSO HOT ITALN SAUS LINKS","","Unknown"
"91558","053975911154","No image URL in portal data","","DIRUSSO MED ITLAN SAUG PATTY","","Unknown"
"76666","000024557511","No image URL in portal data","","DIRUSSO SWEET ITALIAN SAUSAG","","Unknown"
"91557","","No image URL in portal data","","DIRUSSO SWT ITALN SAUG PATTY","","Unknown"
"69949","053975914018","No image URL in portal data","","DIRUSSO TURKEY ITAL SAUS 5CT","","Unknown"
"78750","000019871511","No image URL in portal data","","MDN MAMA CLASSIC ITALN MTBLL","","Unknown"
"73061","","No image URL in portal data","","SWAGGERTY BEER BRAT SAUSG","","Unknown"
"73059","","No image URL in portal data","","SWAGGERTY BRAT SAUSAGE","","Unknown"
"73058","","No image URL in portal data","","SWAGGERTY HOT ITALN SAUSG","","Unknown"
"73056","","No image URL in portal data","","SWAGGERTY MILD ITALN SAUSG","","Unknown"
"24575","070575250155","No image URL in portal data","","ON-COR CHICKEN NIBBLERS","","Unknown"
"23595","070575258151","No image URL in portal data","","ON-COR CHICKEN PATTIES","","Unknown"
"77017","037158007162","No image URL in portal data","","LEE SMKD PORK HOCKS 30 LBS","","Unknown"
"77016","037158009746","No image URL in portal data","","LEE SMKD PORK HOCKS TPCW","","Unknown"
"77018","037158009753","No image URL in portal data","","LEE SMKD PORK NECKBONE TP CW","","Unknown"
"77024","037158007155","No image URL in portal data","","LEE SMKD PORK NECKBONES","","Unknown"
"77019","037158009739","No image URL in portal data","","LEE SMKD PORK TAIL TP CW","","Unknown"
"77021","037158009784","No image URL in portal data","","LEE SMKD TURKEY DRUMS TP CW","","Unknown"
"77022","037158009791","No image URL in portal data","","LEE SMKD TURKEY NECKS TP CW","","Unknown"
"77026","037158009678","No image URL in portal data","","LEE SMKD TURKEY TAILS TP CW","","Unknown"
"77023","037158009777","No image URL in portal data","","LEE SMKD TURKEY WINGS TP CW","","Unknown"
"77418","000062790711","No image URL in portal data","","MARC ANG CHKN & BACON TWISTR","","Unknown"
"77422","000062790711","No image URL in portal data","","MARC ANG CHPTL CHKN BRST SKW","","Unknown"
"77420","000062790711","No image URL in portal data","","MARC ANG SWT CHL LM CHKN SKW","","Unknown"
"77421","000062790711","No image URL in portal data","","MARC ANG SWTBBQ CHKN BRST STARKIST","","Unknown"
"77419","000062790711","No image URL in portal data","","MARC ANG TERKY CHKN BRST SKW","","Unknown"
"42965","020814000000","No image URL in portal data","","Pork Hocks Smoked Bulk","","Unknown"
"72260","020813000000","No image URL in portal data","","Pork Hocks Smoked Tray Pack","","Unknown"
"76802","","No image URL in portal data","","PORK HOCKS, SMOKED BULK","","Unknown"
"42975","020815500000","No image URL in portal data","","Pork Neckbone Smoke Cut Bulk","","Unknown"
"72270","020814500000","No image URL in portal data","","Pork Neckbones Smoked TRYPK","","Unknown"
"76444","","No image URL in portal data","","SMOKED PORK HOCKS BULK FRZ","","Unknown"
"76445","","No image URL in portal data","","SMOKED PORK HOCKS TRAY FRZ","","Unknown"
"75569","020812800000","No image URL in portal data","","SMOKED PORK JOWL","","Unknown"
"76446","","No image URL in portal data","","SMOKED PORK NECKBONE BLK FRZ","","Unknown"
"76447","","No image URL in portal data","","SMOKED PORK NECKBONES TP FRZ","","Unknown"
"76448","020811000000","No image URL in portal data","","SMOKED PORK SHANK BULK FRZ","","Unknown"
"74894","020825600000","No image URL in portal data","","SMOKED PORK TAIL TRAY","","Unknown"
"76449","","No image URL in portal data","","SMOKED PORK TAILS BULK FRZ","","Unknown"
"76451","","No image URL in portal data","","SMOKED PORK TAILS TRAY FRZ","","Unknown"
"76452","","No image URL in portal data","","SMOKED TURKEY DRUMS TRAY FRZ","","Unknown"
"75169","020946400000","No image URL in portal data","","SMOKED TURKEY NECKS","","Unknown"
"76453","","No image URL in portal data","","SMOKED TURKEY NECKS TRAY FRZ","","Unknown"
"74824","020930000000","No image URL in portal data","","SMOKED TURKEY TAILS","","Unknown"
"76454","020904500000","No image URL in portal data","","SMOKED TURKEY TAILS BULK FRZ","","Unknown"
"76455","","No image URL in portal data","","SMOKED TURKEY TAILS TRAY FRZ","","Unknown"
"72184","020929100000","No image URL in portal data","","SMOKED TURKEY TAILS TRAY PK","","Unknown"
"76456","","No image URL in portal data","","SMOKED TURKEY WINGS TRAY FRZ","","Unknown"
"76925","","No image URL in portal data","","TRKY NECKS,SMKD BULK FRZ","","Unknown"
"76426","","No image URL in portal data","","TURKEY DRUMS BULK TOMS","","Unknown"
"27730","020903500000","No image URL in portal data","","Turkey Drums Frozen","","Unknown"
"71820","020819000000","No image URL in portal data","","Turkey Drums Smoke Tray Pack","","Unknown"
"76424","","No image URL in portal data","","TURKEY NECKS BULK FRZ","","Unknown"
"27720","020904000000","No image URL in portal data","","Turkey Necks Frozen","","Unknown"
"71810","020820500000","No image URL in portal data","","Turkey Necks Smoked TRYPK","","Unknown"
"71800","020822000000","No image URL in portal data","","Turkey Wing Smoked TRYPK","","Unknown"
"76425","","No image URL in portal data","","TURKEY WINGS BULK FRZ","","Unknown"
"27710","020905500000","No image URL in portal data","","Turkey Wings Frozen","","Unknown"
"67555","000081233311","No image URL in portal data","","APPLES,COSMIC CRISP","","Unknown"
"67773","020350700000","No image URL in portal data","","APPLES,COSMIC CRISP 72/80","","Unknown"
"64739","000081363511","No image URL in portal data","","APPLES,FUJI 3# BAG","","Unknown"
"64500","000080463311","No image URL in portal data","","APPLES,GALA 3# BAG","","Unknown"
"66489","000081363511","No image URL in portal data","","APPLES,GALA 5# BAG","","Unknown"
"66669","000000004174","No image URL in portal data","","APPLES,GALA 72/80","","Unknown"
"67650","000028882911","No image URL in portal data","","APPLES,GOLD DEL 3# BAG","","Unknown"
"66451","000081363511","No image URL in portal data","","APPLES,GOLD DEL 5# BAG","","Unknown"
"64520","020000040219","No image URL in portal data","","APPLES,GOLD DEL 72/80","","Unknown"
"63410","000003338311","No image URL in portal data","","APPLES,GRANNY SM 3# BAG","","Unknown"
"64525","020000041391","No image URL in portal data","","APPLES,GRANNY SM 72/80","","Unknown"
"67105","000088828911","No image URL in portal data","","APPLES,HONEYCRISP 2# BAG","","Unknown"
"66221","000000003283","No image URL in portal data","","APPLES,HONEYCRISP 72/80","","Unknown"
"65100","000081363511","No image URL in portal data","","APPLES,PINK LADY 3# BAG","","Unknown"
"63430","000081867911","No image URL in portal data","","APPLES,RED DEL 3# BAG","","Unknown"
"66410","000083133111","No image URL in portal data","","APPLES,RED DEL 5# BAG","","Unknown"
"67740","020000040158","No image URL in portal data","","APPLES,RED DEL 72/80","","Unknown"
"63830","000081363511","No image URL in portal data","","APPLES,RED DEL 8# BAG","","Unknown"
"67852","000000004538","No image URL in portal data","","BEET ROOT,RED","","Unknown"
"67147","","No image URL in portal data","","HONEYCRISP APPLES","","Unknown"
"66775","000000004417","No image URL in portal data","","PEARS, D'ANJOU BULK","","Unknown"
"66384","000075061711","No image URL in portal data","","BLACKBERRIES 6 OZ","","Unknown"
"74444","000077541711","No image URL in portal data","","BLUEBERRIES  12/6 OZ.","","Unknown"
"61380","000078046511","No image URL in portal data","","BLUEBERRIES, PINT 12CT","","Unknown"
"66385","000075030211","No image URL in portal data","","RASPBERRIES 6 OZ","","Unknown"
"67350","000085092511","No image URL in portal data","","STRAWBERRIES 1# CLAMSHELL","","Unknown"
"67874","","No image URL in portal data","","BULK LEMONS 95 CT","","Unknown"
"67402","","No image URL in portal data","","GRAPEFRUIT,FLORIDA RED","","Unknown"
"66860","000000004494","No image URL in portal data","","GRAPEFRUIT,RED","","Unknown"
"66861","000085245311","No image URL in portal data","","GRAPEFRUIT,RED 12/3LB. CASE","","Unknown"
"64890","000000004030","No image URL in portal data","","KIWI FRUIT","","Unknown"
"67865","","No image URL in portal data","","KIWI FRUIT 99 CT","","Unknown"
"69420","000089973411","No image URL in portal data","","LEMONS, 2# BAGS","","Unknown"
"63540","000000004958","No image URL in portal data","","LEMONS,CHOICE","","Unknown"
"67632","000015789711","No image URL in portal data","","MANDARINS 3# BAG","","Unknown"
"67204","","No image URL in portal data","","MANDARINS 3# BAG SVY","","Unknown"
"67676","000089973411","No image URL in portal data","","MANDARINS 5 LBS BAG","","Unknown"
"67750","000010846311","No image URL in portal data","","ORANGES NAVEL 8# BAGS","","Unknown"
"66475","000079192811","No image URL in portal data","","ORANGES, NAVEL 8/5 LB. CASE","","Unknown"
"67079","000089842911","No image URL in portal data","","ORANGES,BLOOD  9/3LB","","Unknown"
"67081","000086039911","No image URL in portal data","","ORANGES,CARA CARA 9/3LB","","Unknown"
"67401","033383106052","No image URL in portal data","","ORANGES,FLORIDA NAVEL 4LBS","","Unknown"
"67965","","No image URL in portal data","","ORANGES,NAVEL","","Unknown"
"74231","000000004013","No image URL in portal data","","ORANGES,NAVEL","","Unknown"
"67001","000089973411","No image URL in portal data","","ORANGES,NAVEL 3 LB","","Unknown"
"68360","000089842911","No image URL in portal data","","ORANGES,NAVEL 4 LB","","Unknown"
"66044","","No image URL in portal data","","ORANGES,NAVEL BULK 72/88 BIN","","Unknown"
"67982","000085005311","No image URL in portal data","","CANDY SNAP RED GRAPES","","Unknown"
"66900","","No image URL in portal data","","GRAPES,GREEN SDLS CALIFORNIA","","Unknown"
"66629","000078046311","No image URL in portal data","","GRAPES,GREEN SDLS. IMPORTED","","Unknown"
"66830","","No image URL in portal data","","GRAPES,RED SEEDLESS","","Unknown"
"66628","000078046511","No image URL in portal data","","GRAPES,RED SEEDLESS IMPORTED","","Unknown"
"69130","000000004332","No image URL in portal data","","CANTALOUPE 9 CT","","Unknown"
"65630","000000004329","No image URL in portal data","","HONEYDEW MELONS","","Unknown"
"67962","","No image URL in portal data","","MELONS ATHENA BIN","","Unknown"
"65713","","No image URL in portal data","","WATERMELON, SDLS 45 CT BIN","","Unknown"
"66915","","No image URL in portal data","","WATERMELON, SEEDED 45CT BIN","","Unknown"
"68116","","No image URL in portal data","","WATERMELON,CTN 6 CT","","Unknown"
"66010","033383402406","No image URL in portal data","","WATERMELON,SDLS 60CT BIN","","Unknown"
"68060","","No image URL in portal data","","WATERMELON,SDLS 80CT PLT","","Unknown"
"64960","000000094378","No image URL in portal data","","NECTARINES,CALIFORNIA","","Unknown"
"64290","000000094038","No image URL in portal data","","PEACHES, CALIFORNIA","","Unknown"
"66633","000000001042","No image URL in portal data","","PEACHES, IMPORTED TP","","Unknown"
"67583","000000004042","No image URL in portal data","","PLUMS,CALIFORNIA RED","","Unknown"
"65619","","No image URL in portal data","","PLUMS,IMPORTED","","Unknown"
"64015","000000003064","No image URL in portal data","","ALOE VERA LEAVES","","Unknown"
"67739","","No image URL in portal data","","BANANAS-PLANTAINS #1 50LB","","Unknown"
"64040","000072475311","No image URL in portal data","","CACTUS LEAVES/THORNS NOPALES","","Unknown"
"64720","033383402000","No image URL in portal data","","COCONUTS, GROOVY","","Unknown"
"67468","000000003040","No image URL in portal data","","DRAGON FRUIT, RED PITAYA","","Unknown"
"67241","000000004299","No image URL in portal data","","GUAVA,THAI","","Unknown"
"67700","","No image URL in portal data","","PLANTAINS,GASSED YELLOW","","Unknown"
"64027","000000004770","No image URL in portal data","","AVOCADO","","Unknown"
"68132","000071752411","No image URL in portal data","","AVOCADO 5 CT BAGS","","Unknown"
"67122","000007610111","No image URL in portal data","","AVOCADO 60CT","","Unknown"
"67202","","No image URL in portal data","","AVOCADO 60CT SVY","","Unknown"
"69480","081679083457","No image URL in portal data","","AVOCADO, FLORIDA","","Unknown"
"67121","000007610111","No image URL in portal data","","AVOCADOES 48CT","","Unknown"
"67472","000000004229","No image URL in portal data","","BANANAS, BURRO","","Unknown"
"63470","","No image URL in portal data","","BANANAS,COLOR","","Unknown"
"66092","000000004237","No image URL in portal data","","BANANAS,NO GAS","","Unknown"
"65350","000028584611","No image URL in portal data","","BANANAS,TURNER","","Unknown"
"64555","","No image URL in portal data","","CHERRIES,BAGGED","","Unknown"
"66090","000000004306","No image URL in portal data","","LIMES","","Unknown"
"67220","","No image URL in portal data","","LIMES","","Unknown"
"67844","","No image URL in portal data","","LIMES 150 CT","","Unknown"
"67562","","No image URL in portal data","","LIMES 200 CT","","Unknown"
"66523","000081663111","No image URL in portal data","","LIMES, KEY 1 LB. BAG","","Unknown"
"64420","000000094051","No image URL in portal data","","MANGOES","","Unknown"
"64410","000000004959","No image URL in portal data","","MANGOS","","Unknown"
"67403","","No image URL in portal data","","MANGOS,8CT","","Unknown"
"67857","","No image URL in portal data","","MELON,PEPINO","","Unknown"
"66500","000000093112","No image URL in portal data","","PAPAYAS,RED CARIBBEAN","","Unknown"
"67141","","No image URL in portal data","","PINEAPPLE","","Unknown"
"64600","000075030211","No image URL in portal data","","PINEAPPLES","","Unknown"
"66681","000074904111","No image URL in portal data","","PINEAPPLES","","Unknown"
"68137","","No image URL in portal data","","PINEAPPLES 5 CT","","Unknown"
"67818","000085002311","No image URL in portal data","","GREEN ONIONS ICELESS","","Unknown"
"66531","000060580611","No image URL in portal data","","BRUSSEL SPROUTS, 16 OZ BAGS","","Unknown"
"64020","000081309811","No image URL in portal data","","CILANTRO","","Unknown"
"67456","","No image URL in portal data","","CILANTRO,60 CT","","Unknown"
"66446","000000004081","No image URL in portal data","","EGGPLANT","","Unknown"
"68013","021985210031","No image URL in portal data","","GG MINT","","Unknown"
"68014","021985210048","No image URL in portal data","","GG ROSEMARY","","Unknown"
"68015","021985210055","No image URL in portal data","","GG THYME","","Unknown"
"68122","","No image URL in portal data","","TOMATILLO","","Unknown"
"64000","","No image URL in portal data","","TOMATILLOS","","Unknown"
"67240","000000004217","No image URL in portal data","","TOMATILLOS","","Unknown"
"65115","000000008611","No image URL in portal data","","ASPARAGUS,16 OZ","","Unknown"
"74607","000076532111","No image URL in portal data","","BROCC,ICELESS 14 WRAPPED","","Unknown"
"69490","071430803400","No image URL in portal data","","BROCCOLI,ICED 14 COUNT","","Unknown"
"68108","033383702902","No image URL in portal data","","ORGANIC BROCCOLI BAGGED","","Unknown"
"63490","000000004069","No image URL in portal data","","CABBAGE, GREEN","","Unknown"
"67849","","No image URL in portal data","","CABBAGE,RED","","Unknown"
"63500","000085244211","No image URL in portal data","","CARROTS, 2 LB.","","Unknown"
"67458","078783515127","No image URL in portal data","","CARROTS, MICROWAVABLE PETITE","","Unknown"
"64095","000060580611","No image URL in portal data","","CARROTS, MINI 1# BAG","","Unknown"
"67457","078783506101","No image URL in portal data","","CARROTS, SHREDDED","","Unknown"
"67088","000019830611","No image URL in portal data","","ORGANIC BABY CARROTS","","Unknown"
"68110","033383902012","No image URL in portal data","","ORGANIC CELLO CARROTS","","Unknown"
"67260","000088197911","No image URL in portal data","","CAULIFLOWER","","Unknown"
"68109","078783907403","No image URL in portal data","","ORGANIC WRAPPED CAULIFLOWER","","Unknown"
"63510","000008854611","No image URL in portal data","","CELERY,SLEEVE BAGGED","","Unknown"
"66382","000000004590","No image URL in portal data","","CORN, SWEET","","Unknown"
"66683","000088197911","No image URL in portal data","","CORN,SWEET CORN 4PK","","Unknown"
"66381","","No image URL in portal data","","SWEET CORN","","Unknown"
"74300","000000004597","No image URL in portal data","","CUCUMBERS (24 CT.)","","Unknown"
"69460","","No image URL in portal data","","CUCUMBERS, BUSHEL","","Unknown"
"67786","000068492411","No image URL in portal data","","CUCUMBERS, MINI 6 CT","","Unknown"
"66605","000008269211","No image URL in portal data","","CUCUMBERS,SEEDLESS (ENGLISH)","","Unknown"
"66015","000068896211","No image URL in portal data","","GREENS, KALE 1 LB. PKG.","","Unknown"
"66840","000081309811","No image URL in portal data","","GREENS, MUSTARD","","Unknown"
"65200","000081309811","No image URL in portal data","","GREENS, MUSTARD 1 LB. PKG.","","Unknown"
"67400","000081309811","No image URL in portal data","","GREENS, TURNIP","","Unknown"
"66850","000081309811","No image URL in portal data","","GREENS,COLLARD","","Unknown"
"65190","000068896211","No image URL in portal data","","GREENS,COLLARD 1 LB. PKG.","","Unknown"
"67335","000081309811","No image URL in portal data","","GREENS,COLLARD SHREDDED 2 LB","","Unknown"
"65550","000081309811","No image URL in portal data","","GREENS,KALE","","Unknown"
"65210","000068896211","No image URL in portal data","","GREENS,TURNIP 1 LB. PKG.","","Unknown"
"68105","079893409184","No image URL in portal data","","ORGANIC KALE & CARROTS","","Unknown"
"63520","000074069611","No image URL in portal data","","LETTUCE, ICEBERG CELLO 24CT","","Unknown"
"68113","078783904099","No image URL in portal data","","ORGANIC ROMAINE HEARTS 3CT","","Unknown"
"68112","078783907533","No image URL in portal data","","ORGANIC WRAPPED ICEBERG","","Unknown"
"67169","000008854611","No image URL in portal data","","ROMAINE HEARTS, 3 PACK","","Unknown"
"67617","000067828711","No image URL in portal data","","MONTEREY MUSHRM WHITE WHOLE","","Unknown"
"67616","000067828711","No image URL in portal data","","MONTRY MUSHRM SLC BABY BELLA","","Unknown"
"67280","","No image URL in portal data","","MUSHROOMS, 8 OZ","","Unknown"
"67136","","No image URL in portal data","","MUSHROOMS, SLICED WHITE, 8OZ","","Unknown"
"66482","037102676024","No image URL in portal data","","MUSHROOMS,BABY PORTABELLA","","Unknown"
"66121","000085001811","No image URL in portal data","","MUSHROOMS,PORTABELLA CAPS","","Unknown"
"61240","000000003125","No image URL in portal data","","PEPPERS, HABANERO","","Unknown"
"63560","","No image URL in portal data","","PEPPERS, JALAPENO","","Unknown"
"64830","000000004693","No image URL in portal data","","PEPPERS, JALAPENO","","Unknown"
"68118","","No image URL in portal data","","PEPPERS, JALAPENO","","Unknown"
"67230","000000004705","No image URL in portal data","","PEPPERS, POBLANO","","Unknown"
"68119","","No image URL in portal data","","PEPPERS, POBLANO","","Unknown"
"61190","000000004709","No image URL in portal data","","PEPPERS, SERRANO","","Unknown"
"67735","","No image URL in portal data","","PEPPERS, SERRANO","","Unknown"
"68121","","No image URL in portal data","","PEPPERS, SERRANO","","Unknown"
"67238","","No image URL in portal data","","PEPPERS,GREEN SVY","","Unknown"
"66342","033383701516","No image URL in portal data","","PEPPERS,GREEN XXL VOL FILL","","Unknown"
"65709","000000004690","No image URL in portal data","","PEPPERS,HUNGARIAN HOT","","Unknown"
"67582","","No image URL in portal data","","PEPPERS,RED HH","","Unknown"
"66463","000010583911","No image URL in portal data","","PEPPERS,SWEET MINI","","Unknown"
"67581","","No image URL in portal data","","PEPPERS,YELLOW HH","","Unknown"
"64840","000000004689","No image URL in portal data","","PEPPERS,YELLOW HH 20-24CT","","Unknown"
"67480","000000004612","No image URL in portal data","","GINGEROOT","","Unknown"
"67741","","No image URL in portal data","","GINGEROOT","","Unknown"
"67470","000000004626","No image URL in portal data","","JICAMA","","Unknown"
"66960","000000008511","No image URL in portal data","","RADISHES 1 LB. BAG","","Unknown"
"64692","000000004546","No image URL in portal data","","ROOT, BONIATO (BATATA)","","Unknown"
"67890","000000004644","No image URL in portal data","","ROOT, MALANGA BLANCA","","Unknown"
"66047","000000005032","No image URL in portal data","","ROOT, MALANGA COCO","","Unknown"
"66048","000000004794","No image URL in portal data","","ROOT, MALANGA EDDE/TARO","","Unknown"
"66051","000000004939","No image URL in portal data","","ROOT, MALANGA LILA (PLU)","","Unknown"
"67900","000000004821","No image URL in portal data","","ROOT, NAME","","Unknown"
"67910","000000004819","No image URL in portal data","","ROOT, YUCA","","Unknown"
"64700","000000004812","No image URL in portal data","","TURNIPS, BULK","","Unknown"
"80200","","No image URL in portal data","","YUCCA LOOSE","","Unknown"
"66972","071279407074","No image URL in portal data","","CHICKEN CAESAR BOWL","","Unknown"
"67943","","No image URL in portal data","","FRSH EXP ASIAN CHOPPED KIT","","Unknown"
"67942","","No image URL in portal data","","FRSH EXP CAESAR CHOPPED KIT","","Unknown"
"67946","","No image URL in portal data","","FRSH EXP SUNFLWR CHOPPED KIT","","Unknown"
"67948","","No image URL in portal data","","FRSH EXP SUTHWST CHOPPED KIT","","Unknown"
"67939","","No image URL in portal data","","FRSH EXPRESS AMERICAN SALAD","","Unknown"
"67938","","No image URL in portal data","","FRSH EXPRSS CHOPPED SWT KALE","","Unknown"
"67674","071279407357","No image URL in portal data","","GOURMET CAFE CHICKEN CEASAR","","Unknown"
"67675","071279407388","No image URL in portal data","","GOURMET CAFE SANTE FE","","Unknown"
"67077","071279780023","No image URL in portal data","","ORGANIC SPINACH 6/5OZ","","Unknown"
"67076","071279780016","No image URL in portal data","","ORGANIC SPRNG MX 6/5 OZ","","Unknown"
"64099","071430010976","No image URL in portal data","","SALAD MIX,50/50 MIX 6/5.5OZ.","","Unknown"
"67107","071279301006","No image URL in portal data","","SALAD MIX,CAESAR","","Unknown"
"67102","000075064111","No image URL in portal data","","SALAD MIX,ITALIAN BLEND","","Unknown"
"66975","071279407135","No image URL in portal data","","SALAD,GOUR.CAFE SANTA CAFE","","Unknown"
"67099","071430011393","No image URL in portal data","","SALAD,ICEBERG GARDEN","","Unknown"
"67103","000075064111","No image URL in portal data","","SHREDDED LETTUCE","","Unknown"
"67104","000075064111","No image URL in portal data","","SLAW MIX","","Unknown"
"74303","000085680411","No image URL in portal data","","SPINACH 12/8 OZ","","Unknown"
"64691","000000004789","No image URL in portal data","","SQUASH, CALABAZA","","Unknown"
"61480","006000001481","No image URL in portal data","","SQUASH, CHAYOTE","","Unknown"
"64650","000000004782","No image URL in portal data","","SQUASH, YELLOW FANCY","","Unknown"
"67244","","No image URL in portal data","","SQUASH, YELLOW FANCY SVY","","Unknown"
"67733","","No image URL in portal data","","SQUASH,CALABACITA MEXICAN","","Unknown"
"67634","000000004774","No image URL in portal data","","SQUASH,CHAYOTE NEGRO","","Unknown"
"67245","","No image URL in portal data","","SQUASH,ZUCCHINI SVY","","Unknown"
"67490","000000004067","No image URL in portal data","","SQUASH,ZUCCHINI/ITALIAN","","Unknown"
"67433","000092608811","No image URL in portal data","","MICROWAVABLE SINGLE RUSSET","","Unknown"
"67432","085548900418","No image URL in portal data","","MICROWAVABLE SWEET POTATO","","Unknown"
"68111","011110182104","No image URL in portal data","","ORGANIC GOLD POTATOES","","Unknown"
"68106","079893408675","No image URL in portal data","","ORGANIC RED POTATOES","","Unknown"
"68107","078783701117","No image URL in portal data","","ORGANIC RUSSET POTATOES","","Unknown"
"67434","000082608811","No image URL in portal data","","OVERWRAP BAKER POTATO 4 PACK","","Unknown"
"67290","000000004725","No image URL in portal data","","POTATO, BAKER","","Unknown"
"66560","","No image URL in portal data","","POTATOES RUSSET 200/5 LB.BIN","","Unknown"
"66778","","No image URL in portal data","","POTATOES, BIGGINS 125/8","","Unknown"
"66779","000082608911","No image URL in portal data","","POTATOES, BIGGINS 6/8","","Unknown"
"67699","","No image URL in portal data","","POTATOES, BIGGINS 6/8 SVY","","Unknown"
"66954","000082608911","No image URL in portal data","","POTATOES, GOLD 5# BAG","","Unknown"
"67239","","No image URL in portal data","","POTATOES, ID RUSSET 10LB SVY","","Unknown"
"67243","","No image URL in portal data","","POTATOES, ID RUSSET 5LB SVY","","Unknown"
"65310","000085110611","No image URL in portal data","","POTATOES, IDAHO 10# MESH","","Unknown"
"64560","000085641711","No image URL in portal data","","POTATOES, IDAHO 10/5# MESH","","Unknown"
"67590","000082608911","No image URL in portal data","","POTATOES, RED 5LB. BAG","","Unknown"
"67330","000089286711","No image URL in portal data","","POTATOES, RUSSET 5# BAG","","Unknown"
"64330","000089286711","No image URL in portal data","","POTATOES, RUSSET 8# BAG","","Unknown"
"67214","","No image URL in portal data","","POTATOES, RUSSET 8# BAG SVY","","Unknown"
"74311","000081365211","No image URL in portal data","","POTATOES,BIGGINS 100/10LB.","","Unknown"
"67664","033383536002","No image URL in portal data","","POTATOES,IDAHO RUSSETS 3LB","","Unknown"
"65614","000000004073","No image URL in portal data","","POTATOES,RED 50# B-SIZE","","Unknown"
"64360","002491900074","No image URL in portal data","","POTATOES,RUSS.8# BIN","","Unknown"
"74310","000087762911","No image URL in portal data","","POTATOES,RUSSET 10# BAG","","Unknown"
"67211","","No image URL in portal data","","POTATOES,RUSSET 10# BAG SVY","","Unknown"
"66030","","No image URL in portal data","","POTATOES,RUSSET 75/15LB BIN","","Unknown"
"67810","020600427670","No image URL in portal data","","POTATOES,SWEET JUMBO","","Unknown"
"64280","033383570051","No image URL in portal data","","POTATOES,SWEET MEDIUM #1","","Unknown"
"67438","000000003334","No image URL in portal data","","POTATOES,SWEET,JAPANESE","","Unknown"
"64660","","No image URL in portal data","","POTATOES,UNCLASSIFIED 50 LB.","","Unknown"
"69570","033383531328","No image URL in portal data","","POTATOES,UNCLASSIFIED 50 LB.","","Unknown"
"67205","","No image URL in portal data","","RUSSET POTATO 10/5LB SVY","","Unknown"
"67958","","No image URL in portal data","","SBY TS AMCHOP GRLC PARM SHP","","Unknown"
"67952","","No image URL in portal data","","SBY TS BRWN BTTR GRNDHRB SHP","","Unknown"
"67954","","No image URL in portal data","","SBY TS HNYGLD RUBY SEN SHP","","Unknown"
"67956","","No image URL in portal data","","SBY TS HNYGLD RUBYSN 3LB SHP","","Unknown"
"67953","","No image URL in portal data","","SBY TS STM HNYGLD RBYSEN SHP","","Unknown"
"67894","000000067894","No image URL in portal data","","SEED POTATOES, KENNEBEC","","Unknown"
"67895","000000067895","No image URL in portal data","","SEED POTATOES, PONTIAC","","Unknown"
"67898","000000067898","No image URL in portal data","","ONION SETS, WHITE","","Unknown"
"64053","000000003172","No image URL in portal data","","ONION SETS, YELLOW","","Unknown"
"67899","000000067899","No image URL in portal data","","ONION SETS, YELLOW","","Unknown"
"66920","000000004093","No image URL in portal data","","ONION, JUMBO YELLOW","","Unknown"
"64610","000085316611","No image URL in portal data","","ONION, WHITE 2# BAG","","Unknown"
"65300","000000004663","No image URL in portal data","","ONION,JUMBO WHITE","","Unknown"
"64103","000085316611","No image URL in portal data","","ONION,RED MEDIUM 2 LB. BAG","","Unknown"
"64045","000085682511","No image URL in portal data","","ONION,SWEET 24/2LB.","","Unknown"
"67448","000085316611","No image URL in portal data","","ONIONS, YELLOW  24-2LB","","Unknown"
"67129","000000004082","No image URL in portal data","","ONIONS,RED 25 BULK","","Unknown"
"67660","000000004166","No image URL in portal data","","ONIONS,SWEET CTN.","","Unknown"
"67179","000085955511","No image URL in portal data","","ONIONS,VIDALIA 2LB BAG","","Unknown"
"65780","000000004159","No image URL in portal data","","ONIONS,VIDALIA JUMBO","","Unknown"
"63460","000088361611","No image URL in portal data","","ONIONS,YELLOW MED. 16/3LB.","","Unknown"
"68114","033383900018","No image URL in portal data","","ORGANIC YELLOW ONIONS","","Unknown"
"67124","000088203611","No image URL in portal data","","MEDLEY TOMATOES","","Unknown"
"68057","","No image URL in portal data","","NATURE SWEET CHERUBS SHP","","Unknown"
"63570","","No image URL in portal data","","TOMATO,V-RIPE 5X6","","Unknown"
"64710","000000004064","No image URL in portal data","","TOMATO,V-RIPE XL 5X6 & LGR.","","Unknown"
"66485","000085441911","No image URL in portal data","","TOMATOES,3PK CLAMSHELL 10 OZ","","Unknown"
"64024","000000004800","No image URL in portal data","","TOMATOES,4X5 V-RIPE","","Unknown"
"65020","000075030211","No image URL in portal data","","TOMATOES,GRAPE","","Unknown"
"65025","000000004806","No image URL in portal data","","TOMATOES,GREEN","","Unknown"
"68012","","No image URL in portal data","","TOMATOES,GREEN","","Unknown"
"65623","000000094799","No image URL in portal data","","TOMATOES,HOTHOUSE 28CT&LGR.","","Unknown"
"66395","000000004664","No image URL in portal data","","TOMATOES,ON-THE-VINE","","Unknown"
"67710","000000004087","No image URL in portal data","","TOMATOES,ROMA","","Unknown"
"67712","","No image URL in portal data","","TOMATOES,ROMA SURVEY ONLY","","Unknown"
"66553","","No image URL in portal data","","TOMATOES,VR XL BREAKER","","Unknown"
"67858","","No image URL in portal data","","TAMARILLO,RED","","Unknown"
"67513","077661170663","No image URL in portal data","","AVOCADO RANCH DIP","","Unknown"
"67619","000073231311","No image URL in portal data","","BABY SHARK APPLE BANANA","","Unknown"
"67621","000073231311","No image URL in portal data","","BLUES CLUES APPLE BAN MANGO","","Unknown"
"74338","071464309503","No image URL in portal data","","BOLTHOUSE AMAZING MANGO","","Unknown"
"74308","071464280406","No image URL in portal data","","BOLTHOUSE BERRY BOOST","","Unknown"
"66966","071464301507","No image URL in portal data","","BOLTHOUSE BLUE GOODNESS SMOO","","Unknown"
"74309","071464240400","No image URL in portal data","","BOLTHOUSE GREEN GOODNESS","","Unknown"
"74312","071464300500","No image URL in portal data","","BOLTHOUSE PERF.PROTEIN MOCHA","","Unknown"
"67058","071464306502","No image URL in portal data","","BOLTHOUSE PROTEIN PLUS CHOCO","","Unknown"
"74313","071464260408","No image URL in portal data","","BOLTHOUSE PROTN VAN CHAI TEA","","Unknown"
"74314","071464270407","No image URL in portal data","","BOLTHOUSE STRAWBERRY/BANANA","","Unknown"
"67318","000072213311","No image URL in portal data","","CARAMEL APPLE, PEANUT","","Unknown"
"67573","","No image URL in portal data","","CARAMEL DIP NO HFCS SHP","","Unknown"
"67547","070200556089","No image URL in portal data","","CARAMEL DIP TUB NO HFCS","","Unknown"
"67439","077661158449","No image URL in portal data","","CHOCOLATE DIP","","Unknown"
"66046","020485000000","No image URL in portal data","","CULANTRO/RECAO","","Unknown"
"67511","077661170649","No image URL in portal data","","DILLY DIP","","Unknown"
"68036","000078735911","No image URL in portal data","","FG GOLDEN FIGS","","Unknown"
"67281","000078735911","No image URL in portal data","","FG MISSION FIGS","","Unknown"
"67976","000007189411","No image URL in portal data","","GARLAND CHIMICHURRI JAR","","Unknown"
"67977","000007189411","No image URL in portal data","","GARLAND GARLIC PASTE 8Z JAR","","Unknown"
"67973","000007189411","No image URL in portal data","","GARLAND GARLIC PASTE JAR","","Unknown"
"67971","000007189411","No image URL in portal data","","GARLAND MINCED GARLIC","","Unknown"
"67979","000007189411","No image URL in portal data","","GARLAND MINCED GARLIC 8Z JAR","","Unknown"
"67972","000007189411","No image URL in portal data","","GARLAND MINCED GARLIC SQZ","","Unknown"
"67974","000007189411","No image URL in portal data","","GARLAND MINICED GARLIC JAR","","Unknown"
"67978","000007189411","No image URL in portal data","","GARLAND SOFRITO 8 Z JAR","","Unknown"
"67975","000007189411","No image URL in portal data","","GARLAND SOFRITO JAR","","Unknown"
"67533","072878279543","No image URL in portal data","","HERDEZ CHIPOTLE SALSA","","Unknown"
"66019","000061611211","No image URL in portal data","","HERDEZ MILD GUACAMOLE","","Unknown"
"67207","072878865722","No image URL in portal data","","HERDEZ MILD GUACAMOLE","","Unknown"
"67209","072878871235","No image URL in portal data","","HERDEZ MILD GUACAMOLE MINI'S","","Unknown"
"67532","072878279536","No image URL in portal data","","HERDEZ SALSA MEDIUM","","Unknown"
"67531","072878279529","No image URL in portal data","","HERDEZ SALSA MILD","","Unknown"
"66021","000061611211","No image URL in portal data","","HERDEZ SPICY GUACAMOLE","","Unknown"
"67208","072878865760","No image URL in portal data","","HERDEZ SPICY GUACAMOLE","","Unknown"
"67509","077661170731","No image URL in portal data","","HOMESTYLE RANCH DIP","","Unknown"
"69578","077661004449","No image URL in portal data","","LITEHOUSE BLEU CHEESE CRUMB","","Unknown"
"66426","077661003169","No image URL in portal data","","LITEHOUSE BLEU CHEESE DRSSNG","","Unknown"
"67883","","No image URL in portal data","","LITEHOUSE CRML 6 SNK PK SHP","","Unknown"
"67226","077661136768","No image URL in portal data","","LITEHOUSE FETA CRUMBLES","","Unknown"
"67310","077661111567","No image URL in portal data","","LITEHOUSE LOWFAT CARAMEL DIP","","Unknown"
"67309","077661111390","No image URL in portal data","","LITEHOUSE ORIG CARAMEL DIP","","Unknown"
"67308","","No image URL in portal data","","LITEHOUSE ORIG CARAMEL SHP","","Unknown"
"67312","077661111581","No image URL in portal data","","LITEHOUSE ORIG CARML SLEEVE","","Unknown"
"67512","077661170656","No image URL in portal data","","LITEHOUSE SOUTHWST RANCH DIP","","Unknown"
"67793","070200002531","No image URL in portal data","","MRZT TUBETTE CARAMEL DIP","","Unknown"
"67487","074329123405","No image URL in portal data","","OH SNAP CARROT CUTIES","","Unknown"
"67489","074329123412","No image URL in portal data","","OH SNAP COOL BEANS","","Unknown"
"67506","074329123382","No image URL in portal data","","OH SNAP DILLY BITES","","Unknown"
"67504","074329123375","No image URL in portal data","","OH SNAP HOTTIE WHOLE PICKLE","","Unknown"
"67507","074329123399","No image URL in portal data","","OH SNAP HOTTIES BITES","","Unknown"
"67508","074329123252","No image URL in portal data","","OH SNAP SASSY BITES","","Unknown"
"67503","074329123368","No image URL in portal data","","OHSNAP GONE DILLY WHL PICKLE","","Unknown"
"67754","","No image URL in portal data","","PAW PATROL APPLE BLUEBERRY","","Unknown"
"67426","000000067426","No image URL in portal data","","PAW PATROL DISPLAY BIN","","Unknown"
"68158","","No image URL in portal data","","PEANUTS,VALENCIA GREEN JUMBO","","Unknown"
"67709","","No image URL in portal data","","PISTACHIOS, FLAV KERNEL SHP","","Unknown"
"67678","","No image URL in portal data","","PISTACHIOS,MIX SCRP KRNL SHP","","Unknown"
"67896","000000067896","No image URL in portal data","","SEED POTATOES, YUKON","","Unknown"
"67514","077661170670","No image URL in portal data","","SPINACH PARMESAN DIP","","Unknown"
"67622","000073231311","No image URL in portal data","","SPONGE BOB SWEET APPLE","","Unknown"
"68125","","No image URL in portal data","","SW CHILI ON/ITL HERB GRL SHP","","Unknown"
"68123","070969007051","No image URL in portal data","","SW CHILI ONION CRUNCH","","Unknown"
"91458","070969004197","No image URL in portal data","","SW EASY ONION JAR 16 OZ","","Unknown"
"67541","070969004173","No image URL in portal data","","SW EASY ONION JAR 9.5 OZ","","Unknown"
"67542","","No image URL in portal data","","SW EASY ONION SQZ BTL SHP","","Unknown"
"68133","070969004395","No image URL in portal data","","SW FRESH DICED GARLIC","","Unknown"
"68127","070969007082","No image URL in portal data","","SW GARLIC & GINGER FUSION","","Unknown"
"64540","070969001110","No image URL in portal data","","SW GARLIC, MINCED JAR 32 OZ","","Unknown"
"74372","","No image URL in portal data","","SW GARLIC,MINCED 4.5 OZ SHP","","Unknown"
"67755","","No image URL in portal data","","SW GARLIC,MINCED 8 OZ SHP","","Unknown"
"64061","000074574811","No image URL in portal data","","SW GARLIC,MINCED JAR 4.5 OZ","","Unknown"
"66200","000072135511","No image URL in portal data","","SW GARLIC,MINCED JAR 8 OZ","","Unknown"
"67539","070969000045","No image URL in portal data","","SW GINGER,MINCED JAR 4 OZ","","Unknown"
"68124","070969007037","No image URL in portal data","","SW ITALN HERB & GARLIC","","Unknown"
"68128","070969004371","No image URL in portal data","","SW PEELED GARLIC BAG","","Unknown"
"67540","070969000403","No image URL in portal data","","SW PESTO JAR 6.7 OZ","","Unknown"
"67701","000061611211","No image URL in portal data","","WHOLLY GUAC CHUNKY MINI","","Unknown"
"66995","000061611211","No image URL in portal data","","WHOLLY GUAC CLASSIC MINI","","Unknown"
"66996","000061611211","No image URL in portal data","","WHOLLY GUAC SPICY MINI","","Unknown"
"67817","","No image URL in portal data","","APPLE CHIPS MIXED SHP","","Unknown"
"63900","018195702005","No image URL in portal data","","APPLE CHIPS,CARAMEL","","Unknown"
"63850","018195701008","No image URL in portal data","","APPLE CHIPS,CINNAMON","","Unknown"
"66190","018195700001","No image URL in portal data","","APPLE CHIPS,ORIGINAL","","Unknown"
"67388","041409904339","No image URL in portal data","","APPLE CRISPY DISPLAY CASE","","Unknown"
"69872","041409000017","No image URL in portal data","","APPLE, RED CANDY KIT","","Unknown"
"67420","041409002127","No image URL in portal data","","BANANA SMOOTHIE MIX","","Unknown"
"67444","041409013826","No image URL in portal data","","BLUEBERRY MUFFIN MIX","","Unknown"
"67959","","No image URL in portal data","","CHIQUITA BANANA BREAD MIX","","Unknown"
"67795","041409002240","No image URL in portal data","","CNRD BACON & CHIVE POT SEASG","","Unknown"
"67796","041409002400","No image URL in portal data","","CNRD POTATO TOPPING SEASONG","","Unknown"
"67794","041409002233","No image URL in portal data","","CNRD ROASTED POTATO SEASONG","","Unknown"
"69652","041409017343","No image URL in portal data","","CONCORD BANANA PUDDING PIE","","Unknown"
"67391","041409000055","No image URL in portal data","","CONCORD LEMON JUICE","","Unknown"
"67393","","No image URL in portal data","","CONCORD LEMON/LIME SHP","","Unknown"
"67392","041409000062","No image URL in portal data","","CONCORD LIME JUICE","","Unknown"
"67482","041756090068","No image URL in portal data","","DUTCH FARMS CHOCOLATE MELT WAFER","","Unknown"
"67483","","No image URL in portal data","","DUTCH FARMS CHOCOLATE MELT WAFER SHP","","Unknown"
"68018","","No image URL in portal data","","FG ASSORTD FRUIT & NUT SHP","","Unknown"
"67267","000078735911","No image URL in portal data","","FG AUTHENTIC WONTON STRIPS","","Unknown"
"69131","","No image URL in portal data","","FG CHIQUITA BAN BRD MIX SHP","","Unknown"
"67326","000078735911","No image URL in portal data","","FG CRANBERRIES","","Unknown"
"67327","","No image URL in portal data","","FG CRANBERRIES SHP","","Unknown"
"67368","000078735911","No image URL in portal data","","FG CRANBERRIES/GLAZED WALNUT","","Unknown"
"67264","000078735911","No image URL in portal data","","FG CRISPY JALAPENO","","Unknown"
"64916","","No image URL in portal data","","FG CRISPY ONION ASST SHP","","Unknown"
"67328","000078735911","No image URL in portal data","","FG CROUTONS BUTTER & GARLIC","","Unknown"
"67345","000078735911","No image URL in portal data","","FG CROUTONS CLASSIC CAESAR","","Unknown"
"67369","000078735911","No image URL in portal data","","FG DRIED BLUEBRY/CRANBERRIES","","Unknown"
"67262","000078735911","No image URL in portal data","","FG GRLC PEPP CRISPY ONIONS","","Unknown"
"67371","000078735911","No image URL in portal data","","FG HONEY ROAST PECAN PIECES","","Unknown"
"67367","000078735911","No image URL in portal data","","FG HR ROASTED WALNUT PIECES","","Unknown"
"67366","000078735911","No image URL in portal data","","FG HR SLICED ALMOND/CRANBRY","","Unknown"
"68023","","No image URL in portal data","","FG MEAL TOPPER SHP","","Unknown"
"67935","","No image URL in portal data","","FG MILD/SPICY GUACAMOLE SHP","","Unknown"
"67266","000078735911","No image URL in portal data","","FG TRI-COLOR TORTILLA STRIPS","","Unknown"
"67932","","No image URL in portal data","","FRESH GOURMET GREENS SEASNNG","","Unknown"
"46315","041409002028","No image URL in portal data","","FRESH GOURMET HOLLANDAISE SC","","Unknown"
"67933","041409014069","No image URL in portal data","","FRESH GOURMET HOT HNY GLAZE","","Unknown"
"67981","","No image URL in portal data","","FRSH GRMT LEMON LIME JCE SHP","","Unknown"
"67873","","No image URL in portal data","","HF 10 OZ CAJUN HOT NUTS","","Unknown"
"67868","081864201048","No image URL in portal data","","HF 6 OZ SALTED PEANUTS","","Unknown"
"67963","081864224108","No image URL in portal data","","HF SPICY DILL PEANUTS","","Unknown"
"67705","078264093205","No image URL in portal data","","HINES CASHEWS ROAST SEA SALT","","Unknown"
"74565","078264067084","No image URL in portal data","","HINES HALVES & PIECE WALNUT","","Unknown"
"66554","000000066554","No image URL in portal data","","HINES NUT DISPLAY UNIT","","Unknown"
"67651","078264056088","No image URL in portal data","","HINES PECAN HALVES","","Unknown"
"67703","078264056200","No image URL in portal data","","HINES PECANS","","Unknown"
"67715","078264023127","No image URL in portal data","","HINES RAW SPANISH PEANUTS","","Unknown"
"67653","078264047086","No image URL in portal data","","HINES ROASTD & SALT ALMOND","","Unknown"
"67649","078264039081","No image URL in portal data","","HINES ROASTD & SALT MIX NUTS","","Unknown"
"67702","078264039203","No image URL in portal data","","HINES RSTD SALTED MIXED NUTS","","Unknown"
"67656","078264048083","No image URL in portal data","","HINES SLICED ALMONDS","","Unknown"
"67658","078264046089","No image URL in portal data","","HINES SLIVERED ALMONDS","","Unknown"
"67704","078264067206","No image URL in portal data","","HINES WALNUTS HALVES PIECES","","Unknown"
"66411","000000004943","No image URL in portal data","","HINES WALNUTS,BULK IN-SHELL","","Unknown"
"65430","000009756511","No image URL in portal data","","HINES WALNUTS,IN-SHELL BAG","","Unknown"
"67598","","No image URL in portal data","","HOLIDAY SHIPPER","","Unknown"
"67843","081864000566","No image URL in portal data","","HPFARM VALNC RAW MESH PEANUT","","Unknown"
"67842","081864253801","No image URL in portal data","","HPFARM VALNC RAW PNUT MESHBG","","Unknown"
"67994","041409014076","No image URL in portal data","","LEMON POUND CAKE MIX","","Unknown"
"67279","","No image URL in portal data","","OLV GRDN GRLC/ROM CRTN SHP","","Unknown"
"67278","086631783321","No image URL in portal data","","OLV GRDN GRLC/ROMANO CROUTON","","Unknown"
"67421","041409002110","No image URL in portal data","","ORANGE SMOOTHIE MIX","","Unknown"
"67572","018195708007","No image URL in portal data","","PINK LADY CHIP","","Unknown"
"67571","","No image URL in portal data","","PINK LADY CHIP SHP","","Unknown"
"67886","","No image URL in portal data","","PISTACHIO PUB&TAJIN KRNL SHP","","Unknown"
"67395","034325041097","No image URL in portal data","","PISTACHIOS, NO SALT","","Unknown"
"67394","034325047648","No image URL in portal data","","PISTACHIOS, ROASTED & SALTED","","Unknown"
"67706","","No image URL in portal data","","PISTACHIOS, SALTED SHP","","Unknown"
"67720","","No image URL in portal data","","SBY BI DISNEY FRUIT CRSP SHP","","Unknown"
"67559","","No image URL in portal data","","SEASONED ALMOND SHP","","Unknown"
"52258","018195704009","No image URL in portal data","","SENECA GRANNY SM APPLE CHIPS","","Unknown"
"65700","041409017312","No image URL in portal data","","STRAWBERRY PIE GLAZE","","Unknown"
"67422","041409002165","No image URL in portal data","","STRAWBERRY SMOOTHIE MIX","","Unknown"
"67543","041756070060","No image URL in portal data","","WHITE CHOCOLATE MELT WAFER","","Unknown"
"66881","078951500115","No image URL in portal data","","APPLES,CARAMEL 3 PK","","Unknown"
"66909","035107111830","No image URL in portal data","","APPLES,CARAMEL, NO NUTS 3PK","","Unknown"
"67321","035107704810","No image URL in portal data","","CANDY APPLE SPOOKY SPRINKLES","","Unknown"
"67325","035107604813","No image URL in portal data","","CANDY APPLE WACKY SPRINKLES","","Unknown"
"67923","000071752411","No image URL in portal data","","CANTALOUPE CHUNKS","","Unknown"
"67447","024000507864","No image URL in portal data","","DEL MONTE CHERRY MIXED FRUIT CUP","","Unknown"
"67377","024000507994","No image URL in portal data","","DEL MONTE CITRUS SALAD","","Unknown"
"62040","000008469311","No image URL in portal data","","DEL MONTE FRESH CUT WATERMELON","","Unknown"
"67374","024000507857","No image URL in portal data","","DEL MONTE RED GRAPEFRUIT","","Unknown"
"67373","024000507932","No image URL in portal data","","DEL MONTE RED GRAPEFRUIT NSA","","Unknown"
"67376","024000507871","No image URL in portal data","","DEL MONTE YELLOW CLING PEACH CHUNKS","","Unknown"
"67992","000000067992","No image URL in portal data","","HAPPY APPLES DISPLAY FLAT","","Unknown"
"67926","000071752511","No image URL in portal data","","PINEAPPLE CHUNK","","Unknown"
"67889","079453777296","No image URL in portal data","","RESERS CITRUS SALAD NSA","","Unknown"
"67887","079453766474","No image URL in portal data","","RESERS RED GRPFRUIT LT SYRUP","","Unknown"
"67888","079453766481","No image URL in portal data","","RESERS RED GRPFRUIT NSA","","Unknown"
"67990","035107114817","No image URL in portal data","","SIMPLY CARAMEL APPLE","","Unknown"
"67989","035107701833","No image URL in portal data","","SPOOKY FALL SPRNKL APPL 3CT","","Unknown"
"67988","035107601836","No image URL in portal data","","WACKY RAINBW SPRNKL APPL 3CT","","Unknown"
"67928","000071752411","No image URL in portal data","","DICED GREEN PEPPERS","","Unknown"
"67927","000071752411","No image URL in portal data","","ONIONS, DICED RED","","Unknown"
"67919","000071752411","No image URL in portal data","","ONIONS, DICED YELLOW","","Unknown"
"65704","071242091033","No image URL in portal data","","BLUEBERRY GLAZE 1LB. WICKS","","Unknown"
"67275","072878188814","No image URL in portal data","","HERDEZ AVOCADO TOMTLLO SALSA","","Unknown"
"66400","071071720012","No image URL in portal data","","HORSERADISH, FRESH GROUND","","Unknown"
"99533","077661022122","No image URL in portal data","","LH BALSAMIC VINGARETTE","","Unknown"
"68047","077661153246","No image URL in portal data","","LH ITALIAN VINAIGRETTE","","Unknown"
"69879","077661029138","No image URL in portal data","","LH JALAPENO RANCH DRESSING","","Unknown"
"68048","077661158876","No image URL in portal data","","LH RASPBERRY VINAIGRETTE","","Unknown"
"67789","077661174845","No image URL in portal data","","LITEHOUSE BUFFALO RNCH SAUCE","","Unknown"
"67627","077661171523","No image URL in portal data","","LITEHOUSE CAESAR","","Unknown"
"66428","077661014134","No image URL in portal data","","LITEHOUSE COLESLAW DRESSING","","Unknown"
"67629","077661171769","No image URL in portal data","","LITEHOUSE CREAM CHEESE DIP","","Unknown"
"41179","077661103609","No image URL in portal data","","LITEHOUSE DRSNG SESAME GINGR","","Unknown"
"67788","077661174838","No image URL in portal data","","LITEHOUSE FRY SAUCE","","Unknown"
"67628","077661171547","No image URL in portal data","","LITEHOUSE GARLIC RANCH","","Unknown"
"66427","077661048139","No image URL in portal data","","LITEHOUSE HOMESTYLE RANCH","","Unknown"
"67463","077661115244","No image URL in portal data","","LITEHOUSE POPPYSEED DRESSING","","Unknown"
"67787","077661174821","No image URL in portal data","","LITEHOUSE TACO RANCH SAUCE","","Unknown"
"67695","077661015131","No image URL in portal data","","LITHOUSE HONEY MUSTARD","","Unknown"
"67449","000075576311","No image URL in portal data","","MAKOTO GINGER DRESSING","","Unknown"
"67450","000075576311","No image URL in portal data","","MAKOTO TERIYAKI SAUCE","","Unknown"
"67451","000075576311","No image URL in portal data","","MAKOTO YUM YUM SAUCE","","Unknown"
"65702","071242091026","No image URL in portal data","","PEACH GLAZE 1LB. WICKS","","Unknown"
"65701","071242091019","No image URL in portal data","","STRAWBERRY GLAZE 1LB. WICKS","","Unknown"
"65703","071242091224","No image URL in portal data","","STRAWBERRY SF GLAZE (WICKS)","","Unknown"
"67964","000007189411","No image URL in portal data","","GARLAND GARLIC ARG 30 LBS","","Unknown"
"67968","000007189411","No image URL in portal data","","GARLAND GARLIC SLV 3 CT","","Unknown"
"67969","000007189411","No image URL in portal data","","GARLAND GARLIC SLV 5 CT","","Unknown"
"66794","074574108998","No image URL in portal data","","SW GARLIC PEELED 1LB","","Unknown"
"67716","070969003367","No image URL in portal data","","SW GARLIC SLV 3CT","","Unknown"
"66095","000072135511","No image URL in portal data","","SW GARLIC SLV 5CT","","Unknown"
"65640","000000004608","No image URL in portal data","","SW GARLIC,BULK LOOSE","","Unknown"
"67902","000079042911","No image URL in portal data","","BANANA CHIPS","","Unknown"
"67913","000079042911","No image URL in portal data","","VN CHOCO NUT TRAIL MIX","","Unknown"
"67911","000079042911","No image URL in portal data","","VN FIRE CRACKER SNACK MIX","","Unknown"
"67909","000079042911","No image URL in portal data","","VN HEAT FLAME SNACK MIX","","Unknown"
"67903","000079042911","No image URL in portal data","","VN PRETZELS YOGURT COVERED","","Unknown"
"67908","000000067908","No image URL in portal data","","VN RACK MINI DOLLAR","","Unknown"
"67907","000079042911","No image URL in portal data","","VN SALTED SEASAME STICKS","","Unknown"
"67906","000079042911","No image URL in portal data","","VN TOFFEE ALMONDS","","Unknown"
"67905","000079042911","No image URL in portal data","","VN TOFFEE CASHEWS","","Unknown"
"67904","000079042911","No image URL in portal data","","VN TOFFEE PEANUTS","","Unknown"
"66596","","No image URL in portal data","","OLD ENGLISH FRUIT & PEEL MIX","","Unknown"
"68011","","No image URL in portal data","","PARADISE HOLIDAY FRUIT SHP","","Unknown"
"68002","070327016435","No image URL in portal data","","PARADISE O ENGLSH FRUIT&PEEL","","Unknown"
"67654","078264093083","No image URL in portal data","","HINES ROASTD SALT CASHEWS","","Unknown"
"68087","034325059191","No image URL in portal data","","SETTON FARMS BERRY NUT BLEND","","Unknown"
"68089","","No image URL in portal data","","SETTON FARMS NUT BLEND SHP","","Unknown"
"68086","034325052345","No image URL in portal data","","SETTON FARMS PISTA NUT BLEND","","Unknown"
"68088","034325059139","No image URL in portal data","","SETTON FARMS SWTSLT NUT BLND","","Unknown"
"68046","041694009740","No image URL in portal data","","NB 2# WILD BIRD FOOD BIN","","Unknown"
"32244","000000032244","No image URL in portal data","","1014S SHALLOW ROSE FOAM TRAY","","Unknown"
"39060","000072172611","No image URL in portal data","","12-S WHITE TRAYS","","Unknown"
"33721","069199537001","No image URL in portal data","","20S WHITE TRAY","","Unknown"
"32241","000000032241","No image URL in portal data","","25HS YELLOW FOAM TRAY","","Unknown"
"56098","000010787111","No image URL in portal data","","9X12 PCH STEAK PAPER 1000CT","","Unknown"
"91491","000073839311","No image URL in portal data","","BLACK FOAM TRAY 1525S KB P","","Unknown"
"97081","000000097081","No image URL in portal data","","BLACK FOAM TRAY 8P","","Unknown"
"98178","000000098178","No image URL in portal data","","BLACK FOAM TRAY 9 LIVES KB P","","Unknown"
"98191","000000098191","No image URL in portal data","","BLACK HEAVY FOAM TRAY 8H","","Unknown"
"32229","000074685711","No image URL in portal data","","CKF 8P WHITE FOAM TRAY","","Unknown"
"84629","000072172611","No image URL in portal data","","CKF BLACK #2 FOAM TRAY","","Unknown"
"91492","000073839311","No image URL in portal data","","CKF BLACK FOAM TRAY 10S","","Unknown"
"91493","000073839311","No image URL in portal data","","CKF BLACK FOAM TRAY 3-4S","","Unknown"
"91494","000073839211","No image URL in portal data","","CKF BLACK FOAM TRAY 4PR","","Unknown"
"88842","000000088842","No image URL in portal data","","CKF BLACK FOAM TRAY 9 LIVES","","Unknown"
"39630","000072172611","No image URL in portal data","","CKF WHITE #2 FOAM","","Unknown"
"72723","000000072723","No image URL in portal data","","CKF WHITE FOAM TRAY 1.5","","Unknown"
"91484","000073839311","No image URL in portal data","","CKF WHITE FOAM TRAY 10S","","Unknown"
"91485","000073839311","No image URL in portal data","","CKF WHITE FOAM TRAY 12S","","Unknown"
"91486","000073839311","No image URL in portal data","","CKF WHITE FOAM TRAY 20S","","Unknown"
"91479","000073839311","No image URL in portal data","","CKF WHITE FOAM TRAY 2S","","Unknown"
"91483","000073839311","No image URL in portal data","","CKF WHITE FOAM TRAY 7S","","Unknown"
"96982","000000096982","No image URL in portal data","","DELI CUP LIDS","","Unknown"
"96983","000000096983","No image URL in portal data","","DELI CUPS 16 OZ","","Unknown"
"96984","000000096984","No image URL in portal data","","DELI CUPS 32 OZ","","Unknown"
"89298","000067293511","No image URL in portal data","","IP CONTAINR CLR SQ HINGD 16Z","","Unknown"
"39280","000000039280","No image URL in portal data","","MEAT SOAKER PADS","","Unknown"
"72724","000000072724","No image URL in portal data","","NPX DRILOC 40GM MEAT PAD","","Unknown"
"78831","000073839211","No image URL in portal data","","NPX WHT FOAM MEAT TRAY 16S","","Unknown"
"97121","000000097121","No image URL in portal data","","TRAY MEAT WHT 25D FOAM","","Unknown"
"89333","000000089333","No image URL in portal data","","VB LID PORTION OF 2Z CUP CLR","","Unknown"
"89332","000000089332","No image URL in portal data","","VB PORTION CUP 2 OZ CLEAR","","Unknown"
"91488","000073839311","No image URL in portal data","","WHITE FOAM TRAY 10K KW P","","Unknown"
"91487","000073839311","No image URL in portal data","","WHITE FOAM TRAY 1525S KW P","","Unknown"
"96991","000000096991","No image URL in portal data","","WHITE FOAM TRAY 15P","","Unknown"
"91477","000073839211","No image URL in portal data","","WHITE FOAM TRAY 20K KW P","","Unknown"
"95901","000000095901","No image URL in portal data","","WHITE FOAM TRAY 20K/809P","","Unknown"
"91478","000073839311","No image URL in portal data","","WHITE FOAM TRAY 4 RW P","","Unknown"
"91482","000073839311","No image URL in portal data","","WHITE FOAM TRAY 4L KW P","","Unknown"
"98181","000000098181","No image URL in portal data","","WHITE FOAM TRAY 8L RW P","","Unknown"
"91497","000073839211","No image URL in portal data","","WHITE FOAM TRAY 9LT RW P","","Unknown"
"91481","000073839311","No image URL in portal data","","WHITE FORM TRAY 3-4S","","Unknown"
"98184","000000098184","No image URL in portal data","","WHITE HEAVY FOAM TRAY 9 LIVES","","Unknown"
"39540","000000039540","No image URL in portal data","","""00PS"" DAMAGED PROD LBL 1RL","","Unknown"
"52197","000100700558","No image URL in portal data","","""FOR STORE USE ONLY"" LABEL","","Unknown"
"78710","000000078710","No image URL in portal data","","$.50 DSCOUNT LBL PRODUCE 1RL","","Unknown"
"39510","000000039510","No image URL in portal data","","$.89 / LB. LABEL 1ROLL","","Unknown"
"39710","000000039710","No image URL in portal data","","$.99 / LB. LABEL 1ROLL","","Unknown"
"39530","000000039530","No image URL in portal data","","$0.20 OFF FMLY PK LBL 1ROLL","","Unknown"
"4045","","No image URL in portal data","","$0.50 DISCOUNT LABEL PRODUCE","","Unknown"
"4047","","No image URL in portal data","","$1 DISCOUNT LABEL MEAT 1ROLL","","Unknown"
"73859","000000073859","No image URL in portal data","","$1 DISCOUNT LABEL MEAT 1ROLL","","Unknown"
"78711","000000078711","No image URL in portal data","","$1 DISCOUNT LBL PRODUCE 1RL","","Unknown"
"4046","","No image URL in portal data","","$1.00 DISCOUNT LABEL PRODUCE","","Unknown"
"39440","000000039440","No image URL in portal data","","1/4 PORK LOIN LABEL 1ROLL","","Unknown"
"49324","000100710885","No image URL in portal data","","3 MEAL DEAL! LABELS","","Unknown"
"15992","000000015992","No image URL in portal data","","30% OFF LABEL 1000CT","","Unknown"
"729","000000000729","No image URL in portal data","","BIG 5 POUNDER LABELS 500 CT","","Unknown"
"39340","010000393408","No image URL in portal data","","BONELESS LABEL 1ROLL","","Unknown"
"39430","000000039430","No image URL in portal data","","CENTER CUT LABEL 1ROLL","","Unknown"
"78667","000000078667","No image URL in portal data","","CHECKLN LBL WHITE 1135CT/RLL","","Unknown"
"78747","000000078747","No image URL in portal data","","CHECKLN LBL WHITE 500 CT","","Unknown"
"39380","000000039380","No image URL in portal data","","COUNTRY STYLE LABEL 1ROLL","","Unknown"
"39400","000000039400","No image URL in portal data","","FAMILY PACK LABEL LRG 1ROLL","","Unknown"
"99794","000000099794","No image URL in portal data","","FAMPK SAVE BILINGL 4RL/500CT","","Unknown"
"39330","000000039330","No image URL in portal data","","FINE FOR BBQ LABEL 1ROLL","","Unknown"
"99801","000000099801","No image URL in portal data","","GRD BEEF 73%LEAN LABL 4 RL","","Unknown"
"44905","000085544511","No image URL in portal data","","GRD BEEF 80%LEAN 1000CT LABL","","Unknown"
"99811","000000099811","No image URL in portal data","","GRD CHUCK 80% LEAN LABEL 4RL","","Unknown"
"44912","000085544511","No image URL in portal data","","GRD PORK 72%LEAN 1000CT LABL","","Unknown"
"44913","000085544511","No image URL in portal data","","GRD PORK 80%LEAN 1000CT LABL","","Unknown"
"32457","051933324572","No image URL in portal data","","GRND CHCK 85%LEAN LBL 4 RL","","Unknown"
"39320","010000393200","No image URL in portal data","","GROUND CHUCK LABEL 1ROLL","","Unknown"
"87242","000000087242","No image URL in portal data","","HOLD RECALLED PRODUCT","","Unknown"
"90003","000000090003","No image URL in portal data","","LABEL $5 2 IN 4 ROLL 500 CT","","Unknown"
"4518","000000045180","No image URL in portal data","","MOVING PADS FOR BANANAS","","Unknown"
"90093","000000090093","No image URL in portal data","","OMNI HOBART QUANTUM BLNK LBL","","Unknown"
"89383","000000089383","No image URL in portal data","","OMNI PRODUCE DEPARTMNT LABEL","","Unknown"
"87233","000010095522","No image URL in portal data","","ON HLD PRODT DO NOT SHP LBL","","Unknown"
"4519","000000004519","No image URL in portal data","","PALLET LABEL WHITE","","Unknown"
"73858","000000073858","No image URL in portal data","","PALLET LABEL WHITE","","Unknown"
"4525","","No image URL in portal data","","PALLET LABEL YELLOW","","Unknown"
"4521","","No image URL in portal data","","PALLET LABEL YELLOW BAR","","Unknown"
"33763","000000033763","No image URL in portal data","","PICK 5 MIX & MATCH","","Unknown"
"88663","000000088663","No image URL in portal data","","PICK 5 MIX & MATCH LABEL 4RL","","Unknown"
"4522","","No image URL in portal data","","PICK SLOT LABEL","","Unknown"
"39474","000019019211","No image URL in portal data","","PRODUCE COOL LABEL KIT-135SH","","Unknown"
"39260","000000039260","No image URL in portal data","","REDUCED QUICK SALE LBL 1ROLL","","Unknown"
"15915","000000015915","No image URL in portal data","","SHELF LABELS ORANGE BAR 4 RL","","Unknown"
"15905","000000015905","No image URL in portal data","","SHELF LABELS WHITE 4 RL","","Unknown"
"95831","000000095831","No image URL in portal data","","SHELF LABELS YELLOW 4RL","","Unknown"
"95851","000000095851","No image URL in portal data","","SHELF LBL YLLW ORNG BAR 4RL","","Unknown"
"39390","000000039390","No image URL in portal data","","SPECIAL PRICE LABEL 1ROLL","","Unknown"
"97126","000000097126","No image URL in portal data","","THERMAL 2""X1.25 LABEL ORANGE","","Unknown"
"39360","000000039360","No image URL in portal data","","THICK SLICED LABEL 1ROLL","","Unknown"
"39370","000000039370","No image URL in portal data","","THIN SLICED LABEL 1ROLL","","Unknown"
"56088","003265200017","No image URL in portal data","","THN SLICED-REBANADA FIN 1RL","","Unknown"
"39669","001000396698","No image URL in portal data","","TOLEDO325 2 4 W SH LABEL","","Unknown"
"56122","000100791594","No image URL in portal data","","USDA CHOICE LABELS 500 CT","","Unknown"
"39470","000000039470","No image URL in portal data","","USDA CHOICE RED,WHT&BLUE LBL","","Unknown"
"88672","000000088672","No image URL in portal data","","USDA INSPECTED MEAT 2X2","","Unknown"
"39679","005887612278","No image URL in portal data","","BAG NET 12X27 CLEAR CUSTOM","","Unknown"
"4094","000076293511","No image URL in portal data","","CLEAR PRODUCE BAGS","","Unknown"
"84523","000076293511","No image URL in portal data","","GREEN PRODUCE BAGS","","Unknown"
"91507","000010678311","No image URL in portal data","","MEAT FILM 15 INCH","","Unknown"
"91508","000010678311","No image URL in portal data","","MEAT WRAP FILM 18 INCH","","Unknown"
"91511","000010678311","No image URL in portal data","","MEAT WRAP FILM 21 INCH","","Unknown"
"92264","000000092264","No image URL in portal data","","PRESTRETCH FILM 15"" 30G","","Unknown"
"72722","000000072722","No image URL in portal data","","PRESTRETCH WRAP 15"" 33G","","Unknown"
"91509","000010678311","No image URL in portal data","","PRODUCE FILM 17""","","Unknown"
"37245","000000037245","No image URL in portal data","","ABSORBANT REFILL","","Unknown"
"65793","000071495811","No image URL in portal data","","BIOHAZARD CLEANUP KIT","","Unknown"
"29920","000079249311","No image URL in portal data","","BLOCK WHITENER 4 PK","","Unknown"
"47012","000076293511","No image URL in portal data","","CAN LINER CLEAR 55 GAL","","Unknown"
"18827","000922115752","No image URL in portal data","","CHLOR CLEANER SPRAY BOTTLE","","Unknown"
"1002","073310193755","No image URL in portal data","","COMPACT BATH TISS 36-1000SHT","","Unknown"
"29830","000065710036","No image URL in portal data","","DRAIN TREATMENT","","Unknown"
"29840","001027000066","No image URL in portal data","","ECOLAB ANTIBACT HAND SOAP","","Unknown"
"98291","000000098291","No image URL in portal data","","FLOOR STRIPPER PAIL","","Unknown"
"54211","000079249311","No image URL in portal data","","GARBAGE & WASTE GRANULES","","Unknown"
"960","000000000960","No image URL in portal data","","HAWK FRYER CLEANER/DEGREASER","","Unknown"
"4095","000076293511","No image URL in portal data","","HYBRID PE GLOVES LATEX FREE","","Unknown"
"18129","000079249311","No image URL in portal data","","KAY FOAM LOTION SOAP","","Unknown"
"69625","000010792511","No image URL in portal data","","KAY FOOD GRADE LUBRICANT","","Unknown"
"18823","000011105022","No image URL in portal data","","KAY GRAFFITI REMOVER","","Unknown"
"2752","000000002752","No image URL in portal data","","KAY MP DISINFECTANT CLEANER","","Unknown"
"33717","000079249311","No image URL in portal data","","MARKETGUARD 121","","Unknown"
"21337","000079249311","No image URL in portal data","","MARKETGUARD 75","","Unknown"
"49356","000020792511","No image URL in portal data","","MS & GLASS CLEANER W/PEROXID","","Unknown"
"18824","000922115691","No image URL in portal data","","MS&GLASS CLEANER W/PX BOTTLE","","Unknown"
"73026","000000073026","No image URL in portal data","","NEUTRAL FLOOR CLEANER","","Unknown"
"37250","000076617611","No image URL in portal data","","PROCLAIM FLOOR COATING","","Unknown"
"78666","000000078666","No image URL in portal data","","PRODUCE MAXX 2.5 GAL","","Unknown"
"30372","073852515732","No image URL in portal data","","PURELL WIPE STATION QP","","Unknown"
"30373","073852510256","No image URL in portal data","","PURELL WIPES","","Unknown"
"99721","000000099721","No image URL in portal data","","QT-10 TEST STRIPS","","Unknown"
"29820","000000001105","No image URL in portal data","","QUAT RINSE SANITIZER","","Unknown"
"69565","025469154613","No image URL in portal data","","RETAIL FRZR COOLR CLEANR GAL","","Unknown"
"37260","000076617611","No image URL in portal data","","RIPSAW FLOOR STRIPPER","","Unknown"
"18113","076617609516","No image URL in portal data","","SANICARE TBX DISNFCT CLEANER","","Unknown"
"18826","000922115714","No image URL in portal data","","SANITIZER SPRAY BOTTLE","","Unknown"
"20623","000075004511","No image URL in portal data","","SCOTWOOD ICE MELT 20# BAG","","Unknown"
"1001","073310264806","No image URL in portal data","","SOFPULL NAT TOWELS 6-1000FT","","Unknown"
"56107","000075372711","No image URL in portal data","","SPARTN TB CIDE QUAT II 12PK","","Unknown"
"37255","000000037255","No image URL in portal data","","SPILL STATION KIT","","Unknown"
"98281","000000098281","No image URL in portal data","","TERRA GLAZE FLR COATING","","Unknown"
"39080","000076293611","No image URL in portal data","","TRASH CAN LINERS","","Unknown"
"99111","000000099111","No image URL in portal data","","VB BLUE NITRILE GLOVE L","","Unknown"
"99101","000000099101","No image URL in portal data","","VB BLUE NITRILE GLOVE M","","Unknown"
"99091","000000099091","No image URL in portal data","","VB BLUE NITRILE GLOVE S","","Unknown"
"99121","000000099121","No image URL in portal data","","VB BLUE NITRILE GLOVE XL","","Unknown"
"98271","000000098271","No image URL in portal data","","VB FLOOR CLEANER GAL","","Unknown"
"99079","000000099079","No image URL in portal data","","VB GLOVES LATEX FREE L","","Unknown"
"99071","000000099071","No image URL in portal data","","VB GLOVES LATEX FREE M","","Unknown"
"99063","000000099063","No image URL in portal data","","VB GLOVES LATEX FREE S","","Unknown"
"99081","000000099081","No image URL in portal data","","VB GLOVES LATEX FREE XL","","Unknown"
"48261","000072735111","No image URL in portal data","","WHITE 18"" BEARD GUARDS 100CT","","Unknown"
"39677","000072735111","No image URL in portal data","","WHITE 24"" HAIRNETS","","Unknown"
"72725","000000072725","No image URL in portal data","","XLP CAN LINER 38X58 CLR1.5ML","","Unknown"
"4014","","No image URL in portal data","","BANANA BAGS","","Unknown"
"78818","000000078818","No image URL in portal data","","BANANA BAGS 48X46X96 130CT","","Unknown"
"4013","000000048672","No image URL in portal data","","BLUE BANANA BAGS","","Unknown"
"78817","","No image URL in portal data","","BLUE PALLET BAG 48X46X72","","Unknown"
"4012","","No image URL in portal data","","BLUE PLASTIC SHEETING","","Unknown"
"78816","000000078816","No image URL in portal data","","BLUE PLASTIC SHEETING 61X72","","Unknown"
"72726","076358380002","No image URL in portal data","","WHT PLASTIC APRON 28X46","","Unknown"
"49323","000180055586","No image URL in portal data","","30INX50IN MT CASE LINER SHTS","","Unknown"
"39690","000000039690","No image URL in portal data","","BAILING WIRE GAUGE 14 FT","","Unknown"
"37265","000000037265","No image URL in portal data","","BLACK CASE LINER","","Unknown"
"37275","000000037275","No image URL in portal data","","GREEN CASE LINER","","Unknown"
"59047","000000059047","No image URL in portal data","","PIG GREY FLOORMAT 3 X 100 FT","","Unknown"
"49326","000000049326","No image URL in portal data","","POP UP SAFETY CONE 30"" 12PK","","Unknown"
"99739","000000099739","No image URL in portal data","","RED BANANA TAPE 3/8 180 YD","","Unknown"
"87202","072610096506","No image URL in portal data","","RED BANANA TAPE BR8361","","Unknown"
"37285","000000037285","No image URL in portal data","","RED CASE LINER","","Unknown"
"50175","000072735111","No image URL in portal data","","TWINE 24 PLY 1530 FT CONE","","Unknown"
"38935","000000038935","No image URL in portal data","","TWIST-EASE 4"" TIES","","Unknown"
"57358","000007615411","No image URL in portal data","","ZORBA LEAK LIZARD STRPS 100'","","Unknown"
"39810","085691100000","No image URL in portal data","","ICL THERMAL PAPER","","Unknown"
"3447","000076293511","No image URL in portal data","","BAKERY BAG 12 X 20","","Unknown"
"2751","000000002751","No image URL in portal data","","GRND CHCK 85%LEAN 1000CT LBL","","Unknown"
