filename,url
10000_075725100007.jpg,https://raw.githubusercontent.com/SAL-Wholesale/Images/main/10000_075725100007.jpg
10010_075725100106.jpg,https://raw.githubusercontent.com/SAL-Wholesale/Images/main/10010_075725100106.jpg
10030_075725512619.jpg,https://raw.githubusercontent.com/SAL-Wholesale/Images/main/10030_075725512619.jpg
10040_075725511940.jpg,https://raw.githubusercontent.com/SAL-Wholesale/Images/main/10040_075725511940.jpg
10060_075725512022.jpg,https://raw.githubusercontent.com/SAL-Wholesale/Images/main/10060_075725512022.jpg
10067_000061126911.png,https://raw.githubusercontent.com/SAL-Wholesale/Images/main/10067_000061126911.png
10070_075725512817.jpg,https://raw.githubusercontent.com/SAL-Wholesale/Images/main/10070_075725512817.jpg
10080_075725512718.jpg,https://raw.githubusercontent.com/SAL-Wholesale/Images/main/10080_075725512718.jpg
1008_000083870611.jpg,https://raw.githubusercontent.com/SAL-Wholesale/Images/main/1008_000083870611.jpg
10090_075725390101.jpg,https://raw.githubusercontent.com/SAL-Wholesale/Images/main/10090_075725390101.jpg
10100_075725514965.jpg,https://raw.githubusercontent.com/SAL-Wholesale/Images/main/10100_075725514965.jpg
10110_075725101103.jpg,https://raw.githubusercontent.com/SAL-Wholesale/Images/main/10110_075725101103.jpg
10120_075725101202.jpg,https://raw.githubusercontent.com/SAL-Wholesale/Images/main/10120_075725101202.jpg
10130_075725518024.jpg,https://raw.githubusercontent.com/SAL-Wholesale/Images/main/10130_075725518024.jpg
10140_075725516013.jpg,https://raw.githubusercontent.com/SAL-Wholesale/Images/main/10140_075725516013.jpg
10160_075725514613.jpg,https://raw.githubusercontent.com/SAL-Wholesale/Images/main/10160_075725514613.jpg
10170_075725515610.jpg,https://raw.githubusercontent.com/SAL-Wholesale/Images/main/10170_075725515610.jpg
10180_075725515511.jpg,https://raw.githubusercontent.com/SAL-Wholesale/Images/main/10180_075725515511.jpg
1018_023402087158.jpg,https://raw.githubusercontent.com/SAL-Wholesale/Images/main/1018_023402087158.jpg
10200_075725517133.jpg,https://raw.githubusercontent.com/SAL-Wholesale/Images/main/10200_075725517133.jpg
10204_051933102040.jpg,https://raw.githubusercontent.com/SAL-Wholesale/Images/main/10204_051933102040.jpg
10210_075725517560.jpg,https://raw.githubusercontent.com/SAL-Wholesale/Images/main/10210_075725517560.jpg
10220_075725517751.jpg,https://raw.githubusercontent.com/SAL-Wholesale/Images/main/10220_075725517751.jpg
10230_000006333411.jpg,https://raw.githubusercontent.com/SAL-Wholesale/Images/main/10230_000006333411.jpg
10240_075725102407.jpg,https://raw.githubusercontent.com/SAL-Wholesale/Images/main/10240_075725102407.jpg
10260_075725102605.jpg,https://raw.githubusercontent.com/SAL-Wholesale/Images/main/10260_075725102605.jpg
10270_075725102704.jpg,https://raw.githubusercontent.com/SAL-Wholesale/Images/main/10270_075725102704.jpg
10290_051933346642.jpg,https://raw.githubusercontent.com/SAL-Wholesale/Images/main/10290_051933346642.jpg
10300_051933346611.jpg,https://raw.githubusercontent.com/SAL-Wholesale/Images/main/10300_051933346611.jpg
10320_NOUPC.jpg,https://raw.githubusercontent.com/SAL-Wholesale/Images/main/10320_NOUPC.jpg
10362_075725103626.jpg,https://raw.githubusercontent.com/SAL-Wholesale/Images/main/10362_075725103626.jpg
10364_051500048160.jpg,https://raw.githubusercontent.com/SAL-Wholesale/Images/main/10364_051500048160.jpg
10370_051933103702.jpg,https://raw.githubusercontent.com/SAL-Wholesale/Images/main/10370_051933103702.jpg
10383_044700064412.jpg,https://raw.githubusercontent.com/SAL-Wholesale/Images/main/10383_044700064412.jpg
10430_051933104303.jpg,https://raw.githubusercontent.com/SAL-Wholesale/Images/main/10430_051933104303.jpg
10450_051933104501.jpg,https://raw.githubusercontent.com/SAL-Wholesale/Images/main/10450_051933104501.jpg
10470_000072956411.jpg,https://raw.githubusercontent.com/SAL-Wholesale/Images/main/10470_000072956411.jpg
10510_075725105101.jpg,https://raw.githubusercontent.com/SAL-Wholesale/Images/main/10510_075725105101.jpg
10512_075725105125.jpg,https://raw.githubusercontent.com/SAL-Wholesale/Images/main/10512_075725105125.jpg
10514_051933105140.jpg,https://raw.githubusercontent.com/SAL-Wholesale/Images/main/10514_051933105140.jpg
10528_029700131418.jpg,https://raw.githubusercontent.com/SAL-Wholesale/Images/main/10528_029700131418.jpg
10529_029700131470.jpg,https://raw.githubusercontent.com/SAL-Wholesale/Images/main/10529_029700131470.jpg
10620_051933371880.jpg,https://raw.githubusercontent.com/SAL-Wholesale/Images/main/10620_051933371880.jpg
10730_051933107304.jpg,https://raw.githubusercontent.com/SAL-Wholesale/Images/main/10730_051933107304.jpg
10750_051933502802.jpg,https://raw.githubusercontent.com/SAL-Wholesale/Images/main/10750_051933502802.jpg
10780_071735081091.jpg,https://raw.githubusercontent.com/SAL-Wholesale/Images/main/10780_071735081091.jpg
10799_080000514202.jpg,https://raw.githubusercontent.com/SAL-Wholesale/Images/main/10799_080000514202.jpg
10812_013300152010.jpg,https://raw.githubusercontent.com/SAL-Wholesale/Images/main/10812_013300152010.jpg
10879_000079166911.jpg,https://raw.githubusercontent.com/SAL-Wholesale/Images/main/10879_000079166911.jpg
10917_000089793111.jpg,https://raw.githubusercontent.com/SAL-Wholesale/Images/main/10917_000089793111.jpg
10920_000089793111.jpg,https://raw.githubusercontent.com/SAL-Wholesale/Images/main/10920_000089793111.jpg
10930_072928015107.jpg,https://raw.githubusercontent.com/SAL-Wholesale/Images/main/10930_072928015107.jpg
10949_023545002971.jpg,https://raw.githubusercontent.com/SAL-Wholesale/Images/main/10949_023545002971.jpg
10950_051933109506.jpg,https://raw.githubusercontent.com/SAL-Wholesale/Images/main/10950_051933109506.jpg
10960_051933501201.jpg,https://raw.githubusercontent.com/SAL-Wholesale/Images/main/10960_051933501201.jpg
10970_051933501218.jpg,https://raw.githubusercontent.com/SAL-Wholesale/Images/main/10970_051933501218.jpg
11000_051933110007.jpg,https://raw.githubusercontent.com/SAL-Wholesale/Images/main/11000_051933110007.jpg
11136_011111611337.png,https://raw.githubusercontent.com/SAL-Wholesale/Images/main/11136_011111611337.png
11140_071735081022.jpg,https://raw.githubusercontent.com/SAL-Wholesale/Images/main/11140_071735081022.jpg
11198_034000560028.png,https://raw.githubusercontent.com/SAL-Wholesale/Images/main/11198_034000560028.png
11257_090478500034.png,https://raw.githubusercontent.com/SAL-Wholesale/Images/main/11257_090478500034.png
11263_000061126911.png,https://raw.githubusercontent.com/SAL-Wholesale/Images/main/11263_000061126911.png
11279_022400393759.png,https://raw.githubusercontent.com/SAL-Wholesale/Images/main/11279_022400393759.png
11288_022400393650.png,https://raw.githubusercontent.com/SAL-Wholesale/Images/main/11288_022400393650.png
11289_022400005218.jpg,https://raw.githubusercontent.com/SAL-Wholesale/Images/main/11289_022400005218.jpg
11310_000000746811.jpg,https://raw.githubusercontent.com/SAL-Wholesale/Images/main/11310_000000746811.jpg
11318_071007075384.jpg,https://raw.githubusercontent.com/SAL-Wholesale/Images/main/11318_071007075384.jpg
11320_000000746811.jpg,https://raw.githubusercontent.com/SAL-Wholesale/Images/main/11320_000000746811.jpg
11328_071007079085.jpg,https://raw.githubusercontent.com/SAL-Wholesale/Images/main/11328_071007079085.jpg
11338_000075843811.jpg,https://raw.githubusercontent.com/SAL-Wholesale/Images/main/11338_000075843811.jpg
11370_051933113701.jpg,https://raw.githubusercontent.com/SAL-Wholesale/Images/main/11370_051933113701.jpg
11390_051933113909.jpg,https://raw.githubusercontent.com/SAL-Wholesale/Images/main/11390_051933113909.jpg
11430_070118005006.jpg,https://raw.githubusercontent.com/SAL-Wholesale/Images/main/11430_070118005006.jpg
11465_000061126911.jpg,https://raw.githubusercontent.com/SAL-Wholesale/Images/main/11465_000061126911.jpg
11482_051933114821.jpg,https://raw.githubusercontent.com/SAL-Wholesale/Images/main/11482_051933114821.jpg
11582_075725115827.jpg,https://raw.githubusercontent.com/SAL-Wholesale/Images/main/11582_075725115827.jpg
11587_041000022906.jpg,https://raw.githubusercontent.com/SAL-Wholesale/Images/main/11587_041000022906.jpg
11589_023700014054.jpg,https://raw.githubusercontent.com/SAL-Wholesale/Images/main/11589_023700014054.jpg
11592_023700014931.jpg,https://raw.githubusercontent.com/SAL-Wholesale/Images/main/11592_023700014931.jpg
11632_000007102111.jpg,https://raw.githubusercontent.com/SAL-Wholesale/Images/main/11632_000007102111.jpg
11640_075725116404.jpg,https://raw.githubusercontent.com/SAL-Wholesale/Images/main/11640_075725116404.jpg
11688_051933359222.jpg,https://raw.githubusercontent.com/SAL-Wholesale/Images/main/11688_051933359222.jpg
1168_070501451052.jpg,https://raw.githubusercontent.com/SAL-Wholesale/Images/main/1168_070501451052.jpg
11718_051933359192.jpg,https://raw.githubusercontent.com/SAL-Wholesale/Images/main/11718_051933359192.jpg
11740_000017572511.jpg,https://raw.githubusercontent.com/SAL-Wholesale/Images/main/11740_000017572511.jpg
11752_075725117524.jpg,https://raw.githubusercontent.com/SAL-Wholesale/Images/main/11752_075725117524.jpg
117_000030766111.jpg,https://raw.githubusercontent.com/SAL-Wholesale/Images/main/117_000030766111.jpg
11910_075725119108.jpg,https://raw.githubusercontent.com/SAL-Wholesale/Images/main/11910_075725119108.jpg
11930_075725119306.jpg,https://raw.githubusercontent.com/SAL-Wholesale/Images/main/11930_075725119306.jpg
11940_075725119405.jpg,https://raw.githubusercontent.com/SAL-Wholesale/Images/main/11940_075725119405.jpg
1194_041116011184.jpg,https://raw.githubusercontent.com/SAL-Wholesale/Images/main/1194_041116011184.jpg
11952_075725119528.jpg,https://raw.githubusercontent.com/SAL-Wholesale/Images/main/11952_075725119528.jpg
11997_051933119970.jpg,https://raw.githubusercontent.com/SAL-Wholesale/Images/main/11997_051933119970.jpg
12040_000006520111.jpg,https://raw.githubusercontent.com/SAL-Wholesale/Images/main/12040_000006520111.jpg
12074_000087073911.png,https://raw.githubusercontent.com/SAL-Wholesale/Images/main/12074_000087073911.png
12095_075669175024.jpg,https://raw.githubusercontent.com/SAL-Wholesale/Images/main/12095_075669175024.jpg
12099_075669100620.jpg,https://raw.githubusercontent.com/SAL-Wholesale/Images/main/12099_075669100620.jpg
12103_075669176632.jpg,https://raw.githubusercontent.com/SAL-Wholesale/Images/main/12103_075669176632.jpg
12109_021882002647.jpg,https://raw.githubusercontent.com/SAL-Wholesale/Images/main/12109_021882002647.jpg
12119_000074622811.png,https://raw.githubusercontent.com/SAL-Wholesale/Images/main/12119_000074622811.png
12128_098493131509.jpg,https://raw.githubusercontent.com/SAL-Wholesale/Images/main/12128_098493131509.jpg
12265_043000955475.jpg,https://raw.githubusercontent.com/SAL-Wholesale/Images/main/12265_043000955475.jpg
12270_NOUPC.jpg,https://raw.githubusercontent.com/SAL-Wholesale/Images/main/12270_NOUPC.jpg
12280_NOUPC.jpg,https://raw.githubusercontent.com/SAL-Wholesale/Images/main/12280_NOUPC.jpg
12287_072545062621.jpg,https://raw.githubusercontent.com/SAL-Wholesale/Images/main/12287_072545062621.jpg
122_000031254711.jpg,https://raw.githubusercontent.com/SAL-Wholesale/Images/main/122_000031254711.jpg
1230_051933112308.jpg,https://raw.githubusercontent.com/SAL-Wholesale/Images/main/1230_051933112308.jpg
12320_051933123205.jpg,https://raw.githubusercontent.com/SAL-Wholesale/Images/main/12320_051933123205.jpg
12400_051933502543.jpg,https://raw.githubusercontent.com/SAL-Wholesale/Images/main/12400_051933502543.jpg
12410_041756008001.jpg,https://raw.githubusercontent.com/SAL-Wholesale/Images/main/12410_041756008001.jpg
12452_075725124522.jpg,https://raw.githubusercontent.com/SAL-Wholesale/Images/main/12452_075725124522.jpg
12460_051933124608.jpg,https://raw.githubusercontent.com/SAL-Wholesale/Images/main/12460_051933124608.jpg
12502_075725125024.jpg,https://raw.githubusercontent.com/SAL-Wholesale/Images/main/12502_075725125024.jpg
1269_034000560431.jpg,https://raw.githubusercontent.com/SAL-Wholesale/Images/main/1269_034000560431.jpg
12750_051933500495.jpg,https://raw.githubusercontent.com/SAL-Wholesale/Images/main/12750_051933500495.jpg
12760_051933500501.jpg,https://raw.githubusercontent.com/SAL-Wholesale/Images/main/12760_051933500501.jpg
12775_041458105565.jpg,https://raw.githubusercontent.com/SAL-Wholesale/Images/main/12775_041458105565.jpg
12840_051933128408.jpg,https://raw.githubusercontent.com/SAL-Wholesale/Images/main/12840_051933128408.jpg
12850_051933128507.jpg,https://raw.githubusercontent.com/SAL-Wholesale/Images/main/12850_051933128507.jpg
12860_047800000779.png,https://raw.githubusercontent.com/SAL-Wholesale/Images/main/12860_047800000779.png
12861_000000686711.jpg,https://raw.githubusercontent.com/SAL-Wholesale/Images/main/12861_000000686711.jpg
12890_071735080278.jpg,https://raw.githubusercontent.com/SAL-Wholesale/Images/main/12890_071735080278.jpg
12910_075725129107.jpg,https://raw.githubusercontent.com/SAL-Wholesale/Images/main/12910_075725129107.jpg
13020_051933130203.jpg,https://raw.githubusercontent.com/SAL-Wholesale/Images/main/13020_051933130203.jpg
13030_051933344853.jpg,https://raw.githubusercontent.com/SAL-Wholesale/Images/main/13030_051933344853.jpg
13042_051933130425.jpg,https://raw.githubusercontent.com/SAL-Wholesale/Images/main/13042_051933130425.jpg
1304_037466056258.png,https://raw.githubusercontent.com/SAL-Wholesale/Images/main/1304_037466056258.png
13052_051933130524.jpg,https://raw.githubusercontent.com/SAL-Wholesale/Images/main/13052_051933130524.jpg
13060_051933131859.jpg,https://raw.githubusercontent.com/SAL-Wholesale/Images/main/13060_051933131859.jpg
13080_070957730107.jpg,https://raw.githubusercontent.com/SAL-Wholesale/Images/main/13080_070957730107.jpg
13100_051933131002.jpg,https://raw.githubusercontent.com/SAL-Wholesale/Images/main/13100_051933131002.jpg
13118_055270851449.jpg,https://raw.githubusercontent.com/SAL-Wholesale/Images/main/13118_055270851449.jpg
13119_055270851333.jpg,https://raw.githubusercontent.com/SAL-Wholesale/Images/main/13119_055270851333.jpg
13128_055270839515.jpg,https://raw.githubusercontent.com/SAL-Wholesale/Images/main/13128_055270839515.jpg
13129_055270961254.jpg,https://raw.githubusercontent.com/SAL-Wholesale/Images/main/13129_055270961254.jpg
13130_051933131309.jpg,https://raw.githubusercontent.com/SAL-Wholesale/Images/main/13130_051933131309.jpg
13134_055270839119.jpg,https://raw.githubusercontent.com/SAL-Wholesale/Images/main/13134_055270839119.jpg
13149_055270953594.jpg,https://raw.githubusercontent.com/SAL-Wholesale/Images/main/13149_055270953594.jpg
13150_051933131507.jpg,https://raw.githubusercontent.com/SAL-Wholesale/Images/main/13150_051933131507.jpg
13170_000004114911.jpg,https://raw.githubusercontent.com/SAL-Wholesale/Images/main/13170_000004114911.jpg
13180_051933131804.jpg,https://raw.githubusercontent.com/SAL-Wholesale/Images/main/13180_051933131804.jpg
13240_051933132405.jpg,https://raw.githubusercontent.com/SAL-Wholesale/Images/main/13240_051933132405.jpg
13245_075500000027.jpg,https://raw.githubusercontent.com/SAL-Wholesale/Images/main/13245_075500000027.jpg
13298_041789006210.jpg,https://raw.githubusercontent.com/SAL-Wholesale/Images/main/13298_041789006210.jpg
13299_041789006227.jpg,https://raw.githubusercontent.com/SAL-Wholesale/Images/main/13299_041789006227.jpg
13303_041789006272.jpg,https://raw.githubusercontent.com/SAL-Wholesale/Images/main/13303_041789006272.jpg
13314_011206223247.jpg,https://raw.githubusercontent.com/SAL-Wholesale/Images/main/13314_011206223247.jpg
13348_050000575770.png,https://raw.githubusercontent.com/SAL-Wholesale/Images/main/13348_050000575770.png
13350_051933500570.jpg,https://raw.githubusercontent.com/SAL-Wholesale/Images/main/13350_051933500570.jpg
13360_051933500587.jpg,https://raw.githubusercontent.com/SAL-Wholesale/Images/main/13360_051933500587.jpg
13400_051933134003.jpg,https://raw.githubusercontent.com/SAL-Wholesale/Images/main/13400_051933134003.jpg
13412_034000490059.jpg,https://raw.githubusercontent.com/SAL-Wholesale/Images/main/13412_034000490059.jpg
13462_034000290055.jpg,https://raw.githubusercontent.com/SAL-Wholesale/Images/main/13462_034000290055.jpg
13482_051933134829.jpg,https://raw.githubusercontent.com/SAL-Wholesale/Images/main/13482_051933134829.jpg
13491_051933134911.jpg,https://raw.githubusercontent.com/SAL-Wholesale/Images/main/13491_051933134911.jpg
134_000003014911.jpg,https://raw.githubusercontent.com/SAL-Wholesale/Images/main/134_000003014911.jpg
13502_034000296057.png,https://raw.githubusercontent.com/SAL-Wholesale/Images/main/13502_034000296057.png
13568_000061126911.jpg,https://raw.githubusercontent.com/SAL-Wholesale/Images/main/13568_000061126911.jpg
13571_000006112711.png,https://raw.githubusercontent.com/SAL-Wholesale/Images/main/13571_000006112711.png
13590_051933135901.jpg,https://raw.githubusercontent.com/SAL-Wholesale/Images/main/13590_051933135901.jpg
1359_011284003434.png,https://raw.githubusercontent.com/SAL-Wholesale/Images/main/1359_011284003434.png
13612_051933136120.jpg,https://raw.githubusercontent.com/SAL-Wholesale/Images/main/13612_051933136120.jpg
13734_027000442128.png,https://raw.githubusercontent.com/SAL-Wholesale/Images/main/13734_027000442128.png
13774_090478231792.jpg,https://raw.githubusercontent.com/SAL-Wholesale/Images/main/13774_090478231792.jpg
13799_011284003014.png,https://raw.githubusercontent.com/SAL-Wholesale/Images/main/13799_011284003014.png
13800_011284003021.png,https://raw.githubusercontent.com/SAL-Wholesale/Images/main/13800_011284003021.png
13832_000000686711.jpg,https://raw.githubusercontent.com/SAL-Wholesale/Images/main/13832_000000686711.jpg
13901_050000445691.jpg,https://raw.githubusercontent.com/SAL-Wholesale/Images/main/13901_050000445691.jpg
13903_050000225224.jpg,https://raw.githubusercontent.com/SAL-Wholesale/Images/main/13903_050000225224.jpg
13908_050000295074.jpg,https://raw.githubusercontent.com/SAL-Wholesale/Images/main/13908_050000295074.jpg
13921_019200025225.jpg,https://raw.githubusercontent.com/SAL-Wholesale/Images/main/13921_019200025225.jpg
13941_073390009342.jpg,https://raw.githubusercontent.com/SAL-Wholesale/Images/main/13941_073390009342.jpg
13949_076397032009.jpg,https://raw.githubusercontent.com/SAL-Wholesale/Images/main/13949_076397032009.jpg
13950_000071525611.jpg,https://raw.githubusercontent.com/SAL-Wholesale/Images/main/13950_000071525611.jpg
13952_076397031002.jpg,https://raw.githubusercontent.com/SAL-Wholesale/Images/main/13952_076397031002.jpg
13980_000071525711.jpg,https://raw.githubusercontent.com/SAL-Wholesale/Images/main/13980_000071525711.jpg
14056_051000025494.jpg,https://raw.githubusercontent.com/SAL-Wholesale/Images/main/14056_051000025494.jpg
14057_051000027948.jpg,https://raw.githubusercontent.com/SAL-Wholesale/Images/main/14057_051000027948.jpg
14058_034000140589.jpg,https://raw.githubusercontent.com/SAL-Wholesale/Images/main/14058_034000140589.jpg
14059_034000214907.png,https://raw.githubusercontent.com/SAL-Wholesale/Images/main/14059_034000214907.png
14072_051933140721.jpg,https://raw.githubusercontent.com/SAL-Wholesale/Images/main/14072_051933140721.jpg
14079_000081939311.jpg,https://raw.githubusercontent.com/SAL-Wholesale/Images/main/14079_000081939311.jpg
14083_034000114702.jpg,https://raw.githubusercontent.com/SAL-Wholesale/Images/main/14083_034000114702.jpg
14084_010700021526.jpg,https://raw.githubusercontent.com/SAL-Wholesale/Images/main/14084_010700021526.jpg
14088_000081939311.jpg,https://raw.githubusercontent.com/SAL-Wholesale/Images/main/14088_000081939311.jpg
14089_000081939311.jpg,https://raw.githubusercontent.com/SAL-Wholesale/Images/main/14089_000081939311.jpg
14098_000081939311.jpg,https://raw.githubusercontent.com/SAL-Wholesale/Images/main/14098_000081939311.jpg
14149_027568025542.jpg,https://raw.githubusercontent.com/SAL-Wholesale/Images/main/14149_027568025542.jpg
14202_051933142022.jpg,https://raw.githubusercontent.com/SAL-Wholesale/Images/main/14202_051933142022.jpg
14309_038000845246.jpg,https://raw.githubusercontent.com/SAL-Wholesale/Images/main/14309_038000845246.jpg
14347_076406061907.jpg,https://raw.githubusercontent.com/SAL-Wholesale/Images/main/14347_076406061907.jpg
14373_051933500181.jpg,https://raw.githubusercontent.com/SAL-Wholesale/Images/main/14373_051933500181.jpg
14404_051933144040.jpg,https://raw.githubusercontent.com/SAL-Wholesale/Images/main/14404_051933144040.jpg
14464_NOUPC.jpg,https://raw.githubusercontent.com/SAL-Wholesale/Images/main/14464_NOUPC.jpg
1446_038000138416.png,https://raw.githubusercontent.com/SAL-Wholesale/Images/main/1446_038000138416.png
1448_038000138577.png,https://raw.githubusercontent.com/SAL-Wholesale/Images/main/1448_038000138577.png
14629_026200162362.jpg,https://raw.githubusercontent.com/SAL-Wholesale/Images/main/14629_026200162362.jpg
14658_048001354500.jpg,https://raw.githubusercontent.com/SAL-Wholesale/Images/main/14658_048001354500.jpg
14730_051933147300.jpg,https://raw.githubusercontent.com/SAL-Wholesale/Images/main/14730_051933147300.jpg
14749_017800184403.jpg,https://raw.githubusercontent.com/SAL-Wholesale/Images/main/14749_017800184403.jpg
14752_051933155022.jpg,https://raw.githubusercontent.com/SAL-Wholesale/Images/main/14752_051933155022.jpg
14759_051933147591.jpg,https://raw.githubusercontent.com/SAL-Wholesale/Images/main/14759_051933147591.jpg
14842_027000419229.jpg,https://raw.githubusercontent.com/SAL-Wholesale/Images/main/14842_027000419229.jpg
14926_050000829897.jpg,https://raw.githubusercontent.com/SAL-Wholesale/Images/main/14926_050000829897.jpg
14949_072820330834.jpg,https://raw.githubusercontent.com/SAL-Wholesale/Images/main/14949_072820330834.jpg
14951_072820140457.jpg,https://raw.githubusercontent.com/SAL-Wholesale/Images/main/14951_072820140457.jpg
14956_072820360183.jpg,https://raw.githubusercontent.com/SAL-Wholesale/Images/main/14956_072820360183.jpg
15071_051933150713.jpg,https://raw.githubusercontent.com/SAL-Wholesale/Images/main/15071_051933150713.jpg
15084_051933150843.jpg,https://raw.githubusercontent.com/SAL-Wholesale/Images/main/15084_051933150843.jpg
15120_051933151208.jpg,https://raw.githubusercontent.com/SAL-Wholesale/Images/main/15120_051933151208.jpg
15151_051933151512.jpg,https://raw.githubusercontent.com/SAL-Wholesale/Images/main/15151_051933151512.jpg
15183_046675013501.jpg,https://raw.githubusercontent.com/SAL-Wholesale/Images/main/15183_046675013501.jpg
15219_051000012517.jpg,https://raw.githubusercontent.com/SAL-Wholesale/Images/main/15219_051000012517.jpg
15222_051000000118.jpg,https://raw.githubusercontent.com/SAL-Wholesale/Images/main/15222_051000000118.jpg
15416_016000124998.jpg,https://raw.githubusercontent.com/SAL-Wholesale/Images/main/15416_016000124998.jpg
15417_016000121850.jpg,https://raw.githubusercontent.com/SAL-Wholesale/Images/main/15417_016000121850.jpg
15418_000066507211.jpg,https://raw.githubusercontent.com/SAL-Wholesale/Images/main/15418_000066507211.jpg
15424_000066507211.jpg,https://raw.githubusercontent.com/SAL-Wholesale/Images/main/15424_000066507211.jpg
15426_000066507211.jpg,https://raw.githubusercontent.com/SAL-Wholesale/Images/main/15426_000066507211.jpg
15427_000066507211.jpg,https://raw.githubusercontent.com/SAL-Wholesale/Images/main/15427_000066507211.jpg
15477_000089530111.png,https://raw.githubusercontent.com/SAL-Wholesale/Images/main/15477_000089530111.png
15478_000089530111.jpg,https://raw.githubusercontent.com/SAL-Wholesale/Images/main/15478_000089530111.jpg
15501_000081939311.png,https://raw.githubusercontent.com/SAL-Wholesale/Images/main/15501_000081939311.png
15513_051933155138.jpg,https://raw.githubusercontent.com/SAL-Wholesale/Images/main/15513_051933155138.jpg
15514_051933155145.jpg,https://raw.githubusercontent.com/SAL-Wholesale/Images/main/15514_051933155145.jpg
15537_041376103254.jpg,https://raw.githubusercontent.com/SAL-Wholesale/Images/main/15537_041376103254.jpg
15541_051000253019.jpg,https://raw.githubusercontent.com/SAL-Wholesale/Images/main/15541_051000253019.jpg
15547_051000012616.jpg,https://raw.githubusercontent.com/SAL-Wholesale/Images/main/15547_051000012616.jpg
15548_051000010315.png,https://raw.githubusercontent.com/SAL-Wholesale/Images/main/15548_051000010315.png
15583_029243000011.png,https://raw.githubusercontent.com/SAL-Wholesale/Images/main/15583_029243000011.png
15620_051933156203.jpg,https://raw.githubusercontent.com/SAL-Wholesale/Images/main/15620_051933156203.jpg
15630_051933156302.jpg,https://raw.githubusercontent.com/SAL-Wholesale/Images/main/15630_051933156302.jpg
15710_075725157100.jpg,https://raw.githubusercontent.com/SAL-Wholesale/Images/main/15710_075725157100.jpg
15732_075725157322.jpg,https://raw.githubusercontent.com/SAL-Wholesale/Images/main/15732_075725157322.jpg
15735_041789007071.jpg,https://raw.githubusercontent.com/SAL-Wholesale/Images/main/15735_041789007071.jpg
15764_000073639311.png,https://raw.githubusercontent.com/SAL-Wholesale/Images/main/15764_000073639311.png
15766_000073639311.jpg,https://raw.githubusercontent.com/SAL-Wholesale/Images/main/15766_000073639311.jpg
15768_000073639411.jpg,https://raw.githubusercontent.com/SAL-Wholesale/Images/main/15768_000073639411.jpg
15829_016000147331.jpg,https://raw.githubusercontent.com/SAL-Wholesale/Images/main/15829_016000147331.jpg
15869_072730735583.jpg,https://raw.githubusercontent.com/SAL-Wholesale/Images/main/15869_072730735583.jpg
15883_072392324026.jpg,https://raw.githubusercontent.com/SAL-Wholesale/Images/main/15883_072392324026.jpg
15885_072392324040.png,https://raw.githubusercontent.com/SAL-Wholesale/Images/main/15885_072392324040.png
15966_075669121014.jpg,https://raw.githubusercontent.com/SAL-Wholesale/Images/main/15966_075669121014.jpg
15967_033844002084.jpg,https://raw.githubusercontent.com/SAL-Wholesale/Images/main/15967_033844002084.jpg
15968_033844000158.jpg,https://raw.githubusercontent.com/SAL-Wholesale/Images/main/15968_033844000158.jpg
15969_033844002060.jpg,https://raw.githubusercontent.com/SAL-Wholesale/Images/main/15969_033844002060.jpg
15974_033844002183.jpg,https://raw.githubusercontent.com/SAL-Wholesale/Images/main/15974_033844002183.jpg
15976_033844000073.jpg,https://raw.githubusercontent.com/SAL-Wholesale/Images/main/15976_033844000073.jpg
15977_033844002008.jpg,https://raw.githubusercontent.com/SAL-Wholesale/Images/main/15977_033844002008.jpg
15978_033844002237.jpg,https://raw.githubusercontent.com/SAL-Wholesale/Images/main/15978_033844002237.jpg
15982_033844000110.jpg,https://raw.githubusercontent.com/SAL-Wholesale/Images/main/15982_033844000110.jpg
15986_033844002244.jpg,https://raw.githubusercontent.com/SAL-Wholesale/Images/main/15986_033844002244.jpg
15988_022000279774.jpg,https://raw.githubusercontent.com/SAL-Wholesale/Images/main/15988_022000279774.jpg
15989_022000279705.jpg,https://raw.githubusercontent.com/SAL-Wholesale/Images/main/15989_022000279705.jpg
16000_075725160001.jpg,https://raw.githubusercontent.com/SAL-Wholesale/Images/main/16000_075725160001.jpg
16020_075725160209.jpg,https://raw.githubusercontent.com/SAL-Wholesale/Images/main/16020_075725160209.jpg
16034_051933160347.jpg,https://raw.githubusercontent.com/SAL-Wholesale/Images/main/16034_051933160347.jpg
16035_051933160354.jpg,https://raw.githubusercontent.com/SAL-Wholesale/Images/main/16035_051933160354.jpg
16036_051933160361.jpg,https://raw.githubusercontent.com/SAL-Wholesale/Images/main/16036_051933160361.jpg
16037_051933160378.jpg,https://raw.githubusercontent.com/SAL-Wholesale/Images/main/16037_051933160378.jpg
16051_000071785411.png,https://raw.githubusercontent.com/SAL-Wholesale/Images/main/16051_000071785411.png
16052_000071785411.jpg,https://raw.githubusercontent.com/SAL-Wholesale/Images/main/16052_000071785411.jpg
16054_000071785411.png,https://raw.githubusercontent.com/SAL-Wholesale/Images/main/16054_000071785411.png
16055_000071785411.jpg,https://raw.githubusercontent.com/SAL-Wholesale/Images/main/16055_000071785411.jpg
16056_000071785411.jpg,https://raw.githubusercontent.com/SAL-Wholesale/Images/main/16056_000071785411.jpg
16060_076400004009.jpg,https://raw.githubusercontent.com/SAL-Wholesale/Images/main/16060_076400004009.jpg
16062_NOUPC.jpg,https://raw.githubusercontent.com/SAL-Wholesale/Images/main/16062_NOUPC.jpg
16080_075725160803.jpg,https://raw.githubusercontent.com/SAL-Wholesale/Images/main/16080_075725160803.jpg
16090_075725160902.jpg,https://raw.githubusercontent.com/SAL-Wholesale/Images/main/16090_075725160902.jpg
16180_079263167010.jpg,https://raw.githubusercontent.com/SAL-Wholesale/Images/main/16180_079263167010.jpg
16182_051933161825.jpg,https://raw.githubusercontent.com/SAL-Wholesale/Images/main/16182_051933161825.jpg
16190_079263167027.jpg,https://raw.githubusercontent.com/SAL-Wholesale/Images/main/16190_079263167027.jpg
16200_051933162006.jpg,https://raw.githubusercontent.com/SAL-Wholesale/Images/main/16200_051933162006.jpg
16210_043000953693.jpg,https://raw.githubusercontent.com/SAL-Wholesale/Images/main/16210_043000953693.jpg
16217_023700014108.jpg,https://raw.githubusercontent.com/SAL-Wholesale/Images/main/16217_023700014108.jpg
16218_023700014139.png,https://raw.githubusercontent.com/SAL-Wholesale/Images/main/16218_023700014139.png
16228_037000764656.jpg,https://raw.githubusercontent.com/SAL-Wholesale/Images/main/16228_037000764656.jpg
1622_073390013325.jpg,https://raw.githubusercontent.com/SAL-Wholesale/Images/main/1622_073390013325.jpg
16230_051933162303.jpg,https://raw.githubusercontent.com/SAL-Wholesale/Images/main/16230_051933162303.jpg
16270_075725517041.jpg,https://raw.githubusercontent.com/SAL-Wholesale/Images/main/16270_075725517041.jpg
16289_027331000615.jpg,https://raw.githubusercontent.com/SAL-Wholesale/Images/main/16289_027331000615.jpg
16298_028042001632.jpg,https://raw.githubusercontent.com/SAL-Wholesale/Images/main/16298_028042001632.jpg
16299_028042001625.png,https://raw.githubusercontent.com/SAL-Wholesale/Images/main/16299_028042001625.png
16314_000075670211.jpg,https://raw.githubusercontent.com/SAL-Wholesale/Images/main/16314_000075670211.jpg
16317_000007205811.jpg,https://raw.githubusercontent.com/SAL-Wholesale/Images/main/16317_000007205811.jpg
16319_000007205811.jpg,https://raw.githubusercontent.com/SAL-Wholesale/Images/main/16319_000007205811.jpg
16335_028042001922.png,https://raw.githubusercontent.com/SAL-Wholesale/Images/main/16335_028042001922.png
16353_023700014092.jpg,https://raw.githubusercontent.com/SAL-Wholesale/Images/main/16353_023700014092.jpg
16370_051933163706.jpg,https://raw.githubusercontent.com/SAL-Wholesale/Images/main/16370_051933163706.jpg
16398_000067480611.jpg,https://raw.githubusercontent.com/SAL-Wholesale/Images/main/16398_000067480611.jpg
16401_000067480611.png,https://raw.githubusercontent.com/SAL-Wholesale/Images/main/16401_000067480611.png
16419_038000222733.jpg,https://raw.githubusercontent.com/SAL-Wholesale/Images/main/16419_038000222733.jpg
16423_038000222634.jpg,https://raw.githubusercontent.com/SAL-Wholesale/Images/main/16423_038000222634.jpg
16450_051933164505.jpg,https://raw.githubusercontent.com/SAL-Wholesale/Images/main/16450_051933164505.jpg
16470_079263167065.jpg,https://raw.githubusercontent.com/SAL-Wholesale/Images/main/16470_079263167065.jpg
16525_079821000438.png,https://raw.githubusercontent.com/SAL-Wholesale/Images/main/16525_079821000438.png
16626_041376106569.jpg,https://raw.githubusercontent.com/SAL-Wholesale/Images/main/16626_041376106569.jpg
16672_026200144412.jpg,https://raw.githubusercontent.com/SAL-Wholesale/Images/main/16672_026200144412.jpg
16685_044300120822.jpg,https://raw.githubusercontent.com/SAL-Wholesale/Images/main/16685_044300120822.jpg
16782_048400000107.png,https://raw.githubusercontent.com/SAL-Wholesale/Images/main/16782_048400000107.png
16824_070640006632.jpg,https://raw.githubusercontent.com/SAL-Wholesale/Images/main/16824_070640006632.jpg
16828_000019029811.jpg,https://raw.githubusercontent.com/SAL-Wholesale/Images/main/16828_000019029811.jpg
16835_051933500297.jpg,https://raw.githubusercontent.com/SAL-Wholesale/Images/main/16835_051933500297.jpg
16849_031000009021.jpg,https://raw.githubusercontent.com/SAL-Wholesale/Images/main/16849_031000009021.jpg
16855_051933168558.jpg,https://raw.githubusercontent.com/SAL-Wholesale/Images/main/16855_051933168558.jpg
16880_075725168809.jpg,https://raw.githubusercontent.com/SAL-Wholesale/Images/main/16880_075725168809.jpg
16885_051933168855.jpg,https://raw.githubusercontent.com/SAL-Wholesale/Images/main/16885_051933168855.jpg
16890_075725168908.jpg,https://raw.githubusercontent.com/SAL-Wholesale/Images/main/16890_075725168908.jpg
16920_075725169202.jpg,https://raw.githubusercontent.com/SAL-Wholesale/Images/main/16920_075725169202.jpg
16932_075725169325.jpg,https://raw.githubusercontent.com/SAL-Wholesale/Images/main/16932_075725169325.jpg
17017_087684000953.jpg,https://raw.githubusercontent.com/SAL-Wholesale/Images/main/17017_087684000953.jpg
17028_070847029014.png,https://raw.githubusercontent.com/SAL-Wholesale/Images/main/17028_070847029014.png
17036_034000002030.jpg,https://raw.githubusercontent.com/SAL-Wholesale/Images/main/17036_034000002030.jpg
17037_034000000357.jpg,https://raw.githubusercontent.com/SAL-Wholesale/Images/main/17037_034000000357.jpg
17116_041387322170.jpg,https://raw.githubusercontent.com/SAL-Wholesale/Images/main/17116_041387322170.jpg
17117_041387111170.jpg,https://raw.githubusercontent.com/SAL-Wholesale/Images/main/17117_041387111170.jpg
17118_041387311181.jpg,https://raw.githubusercontent.com/SAL-Wholesale/Images/main/17118_041387311181.jpg
17119_041387091168.jpg,https://raw.githubusercontent.com/SAL-Wholesale/Images/main/17119_041387091168.jpg
1711_041000022869.jpg,https://raw.githubusercontent.com/SAL-Wholesale/Images/main/1711_041000022869.jpg
17181_000085998711.png,https://raw.githubusercontent.com/SAL-Wholesale/Images/main/17181_000085998711.png
17222_023700014153.png,https://raw.githubusercontent.com/SAL-Wholesale/Images/main/17222_023700014153.png
17240_075300001187.jpg,https://raw.githubusercontent.com/SAL-Wholesale/Images/main/17240_075300001187.jpg
17280_051933172807.jpg,https://raw.githubusercontent.com/SAL-Wholesale/Images/main/17280_051933172807.jpg
17412_044000031138.jpg,https://raw.githubusercontent.com/SAL-Wholesale/Images/main/17412_044000031138.jpg
17414_021000658862.jpg,https://raw.githubusercontent.com/SAL-Wholesale/Images/main/17414_021000658862.jpg
17415_021000658930.jpg,https://raw.githubusercontent.com/SAL-Wholesale/Images/main/17415_021000658930.jpg
17445_000070897111.png,https://raw.githubusercontent.com/SAL-Wholesale/Images/main/17445_000070897111.png
1744_046675013129.jpg,https://raw.githubusercontent.com/SAL-Wholesale/Images/main/1744_046675013129.jpg
17478_039400018803.jpg,https://raw.githubusercontent.com/SAL-Wholesale/Images/main/17478_039400018803.jpg
17488_024100440702.jpg,https://raw.githubusercontent.com/SAL-Wholesale/Images/main/17488_024100440702.jpg
17502_042400188971.jpg,https://raw.githubusercontent.com/SAL-Wholesale/Images/main/17502_042400188971.jpg
17503_042400189060.jpg,https://raw.githubusercontent.com/SAL-Wholesale/Images/main/17503_042400189060.jpg
17504_042400244998.jpg,https://raw.githubusercontent.com/SAL-Wholesale/Images/main/17504_042400244998.jpg
17506_042400318651.jpg,https://raw.githubusercontent.com/SAL-Wholesale/Images/main/17506_042400318651.jpg
17507_042400318644.jpg,https://raw.githubusercontent.com/SAL-Wholesale/Images/main/17507_042400318644.jpg
17526_054000476181.jpg,https://raw.githubusercontent.com/SAL-Wholesale/Images/main/17526_054000476181.jpg
1752_044276043163.jpg,https://raw.githubusercontent.com/SAL-Wholesale/Images/main/1752_044276043163.jpg
17533_071100005783.jpg,https://raw.githubusercontent.com/SAL-Wholesale/Images/main/17533_071100005783.jpg
17578_000006112711.png,https://raw.githubusercontent.com/SAL-Wholesale/Images/main/17578_000006112711.png
17579_000006112711.jpg,https://raw.githubusercontent.com/SAL-Wholesale/Images/main/17579_000006112711.jpg
17654_073800003618.png,https://raw.githubusercontent.com/SAL-Wholesale/Images/main/17654_073800003618.png
17655_051933176553.jpg,https://raw.githubusercontent.com/SAL-Wholesale/Images/main/17655_051933176553.jpg
17670_051933176706.jpg,https://raw.githubusercontent.com/SAL-Wholesale/Images/main/17670_051933176706.jpg
17682_018000426980.jpg,https://raw.githubusercontent.com/SAL-Wholesale/Images/main/17682_018000426980.jpg
17692_031000007362.jpg,https://raw.githubusercontent.com/SAL-Wholesale/Images/main/17692_031000007362.jpg
17693_031000809218.jpg,https://raw.githubusercontent.com/SAL-Wholesale/Images/main/17693_031000809218.jpg
17695_051933502130.jpg,https://raw.githubusercontent.com/SAL-Wholesale/Images/main/17695_051933502130.jpg
17700_051933346635.jpg,https://raw.githubusercontent.com/SAL-Wholesale/Images/main/17700_051933346635.jpg
17745_010700858436.jpg,https://raw.githubusercontent.com/SAL-Wholesale/Images/main/17745_010700858436.jpg
17761_071421106152.jpg,https://raw.githubusercontent.com/SAL-Wholesale/Images/main/17761_071421106152.jpg
17762_071421012712.jpg,https://raw.githubusercontent.com/SAL-Wholesale/Images/main/17762_071421012712.jpg
17765_073800001089.png,https://raw.githubusercontent.com/SAL-Wholesale/Images/main/17765_073800001089.png
17767_073800001072.jpg,https://raw.githubusercontent.com/SAL-Wholesale/Images/main/17767_073800001072.jpg
17800_051933178007.jpg,https://raw.githubusercontent.com/SAL-Wholesale/Images/main/17800_051933178007.jpg
17805_048001219892.jpg,https://raw.githubusercontent.com/SAL-Wholesale/Images/main/17805_048001219892.jpg
17820_051933178205.jpg,https://raw.githubusercontent.com/SAL-Wholesale/Images/main/17820_051933178205.jpg
17830_051933178304.jpg,https://raw.githubusercontent.com/SAL-Wholesale/Images/main/17830_051933178304.jpg
17840_051933178403.jpg,https://raw.githubusercontent.com/SAL-Wholesale/Images/main/17840_051933178403.jpg
17855_072250010832.jpg,https://raw.githubusercontent.com/SAL-Wholesale/Images/main/17855_072250010832.jpg
18075_031000101039.jpg,https://raw.githubusercontent.com/SAL-Wholesale/Images/main/18075_031000101039.jpg
18089_044600015934.jpg,https://raw.githubusercontent.com/SAL-Wholesale/Images/main/18089_044600015934.jpg
18093_054000100604.jpg,https://raw.githubusercontent.com/SAL-Wholesale/Images/main/18093_054000100604.jpg
18095_041789001215.jpg,https://raw.githubusercontent.com/SAL-Wholesale/Images/main/18095_041789001215.jpg
18096_NOUPC.jpg,https://raw.githubusercontent.com/SAL-Wholesale/Images/main/18096_NOUPC.jpg
18097_041789001253.jpg,https://raw.githubusercontent.com/SAL-Wholesale/Images/main/18097_041789001253.jpg
18098_000066507311.png,https://raw.githubusercontent.com/SAL-Wholesale/Images/main/18098_000066507311.png
18106_019200741866.jpg,https://raw.githubusercontent.com/SAL-Wholesale/Images/main/18106_019200741866.jpg
18153_021000658831.jpg,https://raw.githubusercontent.com/SAL-Wholesale/Images/main/18153_021000658831.jpg
18169_017082876317.jpg,https://raw.githubusercontent.com/SAL-Wholesale/Images/main/18169_017082876317.jpg
1816_077400127132.jpg,https://raw.githubusercontent.com/SAL-Wholesale/Images/main/1816_077400127132.jpg
18171_017082876355.jpg,https://raw.githubusercontent.com/SAL-Wholesale/Images/main/18171_017082876355.jpg
18172_017082882554.png,https://raw.githubusercontent.com/SAL-Wholesale/Images/main/18172_017082882554.png
18173_017082876331.jpg,https://raw.githubusercontent.com/SAL-Wholesale/Images/main/18173_017082876331.jpg
1817_077400127231.jpg,https://raw.githubusercontent.com/SAL-Wholesale/Images/main/1817_077400127231.jpg
18181_044600320632.jpg,https://raw.githubusercontent.com/SAL-Wholesale/Images/main/18181_044600320632.jpg
1818_077400127330.jpg,https://raw.githubusercontent.com/SAL-Wholesale/Images/main/1818_077400127330.jpg
1821_077400127538.jpg,https://raw.githubusercontent.com/SAL-Wholesale/Images/main/1821_077400127538.jpg
18250_090208201040.jpg,https://raw.githubusercontent.com/SAL-Wholesale/Images/main/18250_090208201040.jpg
18260_092659014057.jpg,https://raw.githubusercontent.com/SAL-Wholesale/Images/main/18260_092659014057.jpg
18280_051933055445.jpg,https://raw.githubusercontent.com/SAL-Wholesale/Images/main/18280_051933055445.jpg
18300_7220724620.png,https://raw.githubusercontent.com/SAL-Wholesale/Images/main/18300_7220724620.png
18355_051933141254.jpg,https://raw.githubusercontent.com/SAL-Wholesale/Images/main/18355_051933141254.jpg
18365_051933141452.jpg,https://raw.githubusercontent.com/SAL-Wholesale/Images/main/18365_051933141452.jpg
18375_051933141551.jpg,https://raw.githubusercontent.com/SAL-Wholesale/Images/main/18375_051933141551.jpg
1837_044700064207.jpg,https://raw.githubusercontent.com/SAL-Wholesale/Images/main/1837_044700064207.jpg
18385_051933141650.jpg,https://raw.githubusercontent.com/SAL-Wholesale/Images/main/18385_051933141650.jpg
18415_040697712046.jpg,https://raw.githubusercontent.com/SAL-Wholesale/Images/main/18415_040697712046.jpg
18425_040697712077.png,https://raw.githubusercontent.com/SAL-Wholesale/Images/main/18425_040697712077.png
18440_051933184404.jpg,https://raw.githubusercontent.com/SAL-Wholesale/Images/main/18440_051933184404.jpg
1844_054500193274.png,https://raw.githubusercontent.com/SAL-Wholesale/Images/main/1844_054500193274.png
184_097928120613.png,https://raw.githubusercontent.com/SAL-Wholesale/Images/main/184_097928120613.png
18597_076410093017.png,https://raw.githubusercontent.com/SAL-Wholesale/Images/main/18597_076410093017.png
18625_051933186255.jpg,https://raw.githubusercontent.com/SAL-Wholesale/Images/main/18625_051933186255.jpg
18628_015900001217.jpg,https://raw.githubusercontent.com/SAL-Wholesale/Images/main/18628_015900001217.jpg
18629_015900001200.jpg,https://raw.githubusercontent.com/SAL-Wholesale/Images/main/18629_015900001200.jpg
18630_060383008055.jpg,https://raw.githubusercontent.com/SAL-Wholesale/Images/main/18630_060383008055.jpg
18658_013300605905.jpg,https://raw.githubusercontent.com/SAL-Wholesale/Images/main/18658_013300605905.jpg
18664_013300761502.png,https://raw.githubusercontent.com/SAL-Wholesale/Images/main/18664_013300761502.png
18693_075725186933.jpg,https://raw.githubusercontent.com/SAL-Wholesale/Images/main/18693_075725186933.jpg
18717_000069224411.png,https://raw.githubusercontent.com/SAL-Wholesale/Images/main/18717_000069224411.png
18718_000069224411.png,https://raw.githubusercontent.com/SAL-Wholesale/Images/main/18718_000069224411.png
18740_075725422062.jpg,https://raw.githubusercontent.com/SAL-Wholesale/Images/main/18740_075725422062.jpg
18751_000074300311.jpg,https://raw.githubusercontent.com/SAL-Wholesale/Images/main/18751_000074300311.jpg
18752_000064420911.jpg,https://raw.githubusercontent.com/SAL-Wholesale/Images/main/18752_000064420911.jpg
18756_071007018688.png,https://raw.githubusercontent.com/SAL-Wholesale/Images/main/18756_071007018688.png
18757_071007010941.jpg,https://raw.githubusercontent.com/SAL-Wholesale/Images/main/18757_071007010941.jpg
18758_000082785411.jpg,https://raw.githubusercontent.com/SAL-Wholesale/Images/main/18758_000082785411.jpg
18759_000082785411.png,https://raw.githubusercontent.com/SAL-Wholesale/Images/main/18759_000082785411.png
18761_000082785411.png,https://raw.githubusercontent.com/SAL-Wholesale/Images/main/18761_000082785411.png
18779_051933539891.jpg,https://raw.githubusercontent.com/SAL-Wholesale/Images/main/18779_051933539891.jpg
18800_051933181007.jpg,https://raw.githubusercontent.com/SAL-Wholesale/Images/main/18800_051933181007.jpg
18810_051933188105.jpg,https://raw.githubusercontent.com/SAL-Wholesale/Images/main/18810_051933188105.jpg
1884_044700008577.jpg,https://raw.githubusercontent.com/SAL-Wholesale/Images/main/1884_044700008577.jpg
1887_044700006795.jpg,https://raw.githubusercontent.com/SAL-Wholesale/Images/main/1887_044700006795.jpg
1888_044700006740.jpg,https://raw.githubusercontent.com/SAL-Wholesale/Images/main/1888_044700006740.jpg
1891_044700361139.jpg,https://raw.githubusercontent.com/SAL-Wholesale/Images/main/1891_044700361139.jpg
18941_044300120839.jpg,https://raw.githubusercontent.com/SAL-Wholesale/Images/main/18941_044300120839.jpg
18943_044300120853.jpg,https://raw.githubusercontent.com/SAL-Wholesale/Images/main/18943_044300120853.jpg
18990_051933189904.jpg,https://raw.githubusercontent.com/SAL-Wholesale/Images/main/18990_051933189904.jpg
19017_073800004431.jpg,https://raw.githubusercontent.com/SAL-Wholesale/Images/main/19017_073800004431.jpg
19018_073800007807.png,https://raw.githubusercontent.com/SAL-Wholesale/Images/main/19018_073800007807.png
19043_000088949711.jpg,https://raw.githubusercontent.com/SAL-Wholesale/Images/main/19043_000088949711.jpg
19044_000088949711.jpg,https://raw.githubusercontent.com/SAL-Wholesale/Images/main/19044_000088949711.jpg
19050_051933190511.jpg,https://raw.githubusercontent.com/SAL-Wholesale/Images/main/19050_051933190511.jpg
19080_077438555037.jpg,https://raw.githubusercontent.com/SAL-Wholesale/Images/main/19080_077438555037.jpg
19090_070801693121.jpg,https://raw.githubusercontent.com/SAL-Wholesale/Images/main/19090_070801693121.jpg
190_039400016137.png,https://raw.githubusercontent.com/SAL-Wholesale/Images/main/190_039400016137.png
19110_053000006381.jpg,https://raw.githubusercontent.com/SAL-Wholesale/Images/main/19110_053000006381.jpg
19125_051933191259.jpg,https://raw.githubusercontent.com/SAL-Wholesale/Images/main/19125_051933191259.jpg
19145_051933191457.jpg,https://raw.githubusercontent.com/SAL-Wholesale/Images/main/19145_051933191457.jpg
19155_051933191556.jpg,https://raw.githubusercontent.com/SAL-Wholesale/Images/main/19155_051933191556.jpg
19161_000069224411.jpg,https://raw.githubusercontent.com/SAL-Wholesale/Images/main/19161_000069224411.jpg
19175_051933191754.jpg,https://raw.githubusercontent.com/SAL-Wholesale/Images/main/19175_051933191754.jpg
19199_075069002005.jpg,https://raw.githubusercontent.com/SAL-Wholesale/Images/main/19199_075069002005.jpg
19219_015900002269.jpg,https://raw.githubusercontent.com/SAL-Wholesale/Images/main/19219_015900002269.jpg
19220_051933501942.jpg,https://raw.githubusercontent.com/SAL-Wholesale/Images/main/19220_051933501942.jpg
19281_035000530585.jpg,https://raw.githubusercontent.com/SAL-Wholesale/Images/main/19281_035000530585.jpg
19282_035000973542.jpg,https://raw.githubusercontent.com/SAL-Wholesale/Images/main/19282_035000973542.jpg
19290_000081547311.jpg,https://raw.githubusercontent.com/SAL-Wholesale/Images/main/19290_000081547311.jpg
19348_000066507311.jpg,https://raw.githubusercontent.com/SAL-Wholesale/Images/main/19348_000066507311.jpg
19400_051933502062.jpg,https://raw.githubusercontent.com/SAL-Wholesale/Images/main/19400_051933502062.jpg
19480_051933502079.jpg,https://raw.githubusercontent.com/SAL-Wholesale/Images/main/19480_051933502079.jpg
19490_051933194908.jpg,https://raw.githubusercontent.com/SAL-Wholesale/Images/main/19490_051933194908.jpg
19500_051933195004.jpg,https://raw.githubusercontent.com/SAL-Wholesale/Images/main/19500_051933195004.jpg
19552_000064420911.jpg,https://raw.githubusercontent.com/SAL-Wholesale/Images/main/19552_000064420911.jpg
19620_077900115738.jpg,https://raw.githubusercontent.com/SAL-Wholesale/Images/main/19620_077900115738.jpg
19644_022000285942.png,https://raw.githubusercontent.com/SAL-Wholesale/Images/main/19644_022000285942.png
19646_022000285966.jpg,https://raw.githubusercontent.com/SAL-Wholesale/Images/main/19646_022000285966.jpg
19647_022000120304.jpg,https://raw.githubusercontent.com/SAL-Wholesale/Images/main/19647_022000120304.jpg
19701_072392328208.jpg,https://raw.githubusercontent.com/SAL-Wholesale/Images/main/19701_072392328208.jpg
19740_039400182351.png,https://raw.githubusercontent.com/SAL-Wholesale/Images/main/19740_039400182351.png
19759_000061126911.png,https://raw.githubusercontent.com/SAL-Wholesale/Images/main/19759_000061126911.png
19762_000061126911.png,https://raw.githubusercontent.com/SAL-Wholesale/Images/main/19762_000061126911.png
197_075669176076.png,https://raw.githubusercontent.com/SAL-Wholesale/Images/main/197_075669176076.png
19810_012800183173.jpg,https://raw.githubusercontent.com/SAL-Wholesale/Images/main/19810_012800183173.jpg
19890_012800181766.jpg,https://raw.githubusercontent.com/SAL-Wholesale/Images/main/19890_012800181766.jpg
19897_000083418311.jpg,https://raw.githubusercontent.com/SAL-Wholesale/Images/main/19897_000083418311.jpg
198_075669112111.jpg,https://raw.githubusercontent.com/SAL-Wholesale/Images/main/198_075669112111.jpg
19910_051933502086.jpg,https://raw.githubusercontent.com/SAL-Wholesale/Images/main/19910_051933502086.jpg
19915_076397032504.jpg,https://raw.githubusercontent.com/SAL-Wholesale/Images/main/19915_076397032504.jpg
19920_051933502123.jpg,https://raw.githubusercontent.com/SAL-Wholesale/Images/main/19920_051933502123.jpg
19940_051933502147.jpg,https://raw.githubusercontent.com/SAL-Wholesale/Images/main/19940_051933502147.jpg
199_075669110834.jpg,https://raw.githubusercontent.com/SAL-Wholesale/Images/main/199_075669110834.jpg
20040_018000855162.jpg,https://raw.githubusercontent.com/SAL-Wholesale/Images/main/20040_018000855162.jpg
20068_000085998711.png,https://raw.githubusercontent.com/SAL-Wholesale/Images/main/20068_000085998711.png
20069_000069224411.png,https://raw.githubusercontent.com/SAL-Wholesale/Images/main/20069_000069224411.png
20072_000085998711.png,https://raw.githubusercontent.com/SAL-Wholesale/Images/main/20072_000085998711.png
20073_000069224411.png,https://raw.githubusercontent.com/SAL-Wholesale/Images/main/20073_000069224411.png
20081_095045000078.jpg,https://raw.githubusercontent.com/SAL-Wholesale/Images/main/20081_095045000078.jpg
20082_073390008192.jpg,https://raw.githubusercontent.com/SAL-Wholesale/Images/main/20082_073390008192.jpg
20085_000087218111.jpg,https://raw.githubusercontent.com/SAL-Wholesale/Images/main/20085_000087218111.jpg
20086_041116255007.png,https://raw.githubusercontent.com/SAL-Wholesale/Images/main/20086_041116255007.png
20087_000076839611.jpg,https://raw.githubusercontent.com/SAL-Wholesale/Images/main/20087_000076839611.jpg
20089_073390014056.jpg,https://raw.githubusercontent.com/SAL-Wholesale/Images/main/20089_073390014056.jpg
20093_070462006599.jpg,https://raw.githubusercontent.com/SAL-Wholesale/Images/main/20093_070462006599.jpg
20112_040000001621.jpg,https://raw.githubusercontent.com/SAL-Wholesale/Images/main/20112_040000001621.jpg
20113_040000002376.jpg,https://raw.githubusercontent.com/SAL-Wholesale/Images/main/20113_040000002376.jpg
20115_079200235444.jpg,https://raw.githubusercontent.com/SAL-Wholesale/Images/main/20115_079200235444.jpg
20119_000008517611.jpg,https://raw.githubusercontent.com/SAL-Wholesale/Images/main/20119_000008517611.jpg
20125_022000008381.jpg,https://raw.githubusercontent.com/SAL-Wholesale/Images/main/20125_022000008381.jpg
2016_070893028221.jpg,https://raw.githubusercontent.com/SAL-Wholesale/Images/main/2016_070893028221.jpg
2017_080000495242.jpg,https://raw.githubusercontent.com/SAL-Wholesale/Images/main/2017_080000495242.jpg
2018_080000513083.jpg,https://raw.githubusercontent.com/SAL-Wholesale/Images/main/2018_080000513083.jpg
2019_080000513090.jpg,https://raw.githubusercontent.com/SAL-Wholesale/Images/main/2019_080000513090.jpg
2028_000074370911.png,https://raw.githubusercontent.com/SAL-Wholesale/Images/main/2028_000074370911.png
20340_055440000714.jpg,https://raw.githubusercontent.com/SAL-Wholesale/Images/main/20340_055440000714.jpg
2034_050200500015.png,https://raw.githubusercontent.com/SAL-Wholesale/Images/main/2034_050200500015.png
2035_050200500008.jpg,https://raw.githubusercontent.com/SAL-Wholesale/Images/main/2035_050200500008.jpg
2036_013300172018.jpg,https://raw.githubusercontent.com/SAL-Wholesale/Images/main/2036_013300172018.jpg
203_000068208211.jpg,https://raw.githubusercontent.com/SAL-Wholesale/Images/main/203_000068208211.jpg
20450_000007554411.jpg,https://raw.githubusercontent.com/SAL-Wholesale/Images/main/20450_000007554411.jpg
2045_070847811176.png,https://raw.githubusercontent.com/SAL-Wholesale/Images/main/2045_070847811176.png
2046_070847013242.jpg,https://raw.githubusercontent.com/SAL-Wholesale/Images/main/2046_070847013242.jpg
20471_031000113056.jpg,https://raw.githubusercontent.com/SAL-Wholesale/Images/main/20471_031000113056.jpg
20570_031000101022.jpg,https://raw.githubusercontent.com/SAL-Wholesale/Images/main/20570_031000101022.jpg
2057_000000643711.jpg,https://raw.githubusercontent.com/SAL-Wholesale/Images/main/2057_000000643711.jpg
20580_031000101015.jpg,https://raw.githubusercontent.com/SAL-Wholesale/Images/main/20580_031000101015.jpg
20631_074584062013.jpg,https://raw.githubusercontent.com/SAL-Wholesale/Images/main/20631_074584062013.jpg
20632_074584062020.jpg,https://raw.githubusercontent.com/SAL-Wholesale/Images/main/20632_074584062020.jpg
20633_074584062006.jpg,https://raw.githubusercontent.com/SAL-Wholesale/Images/main/20633_074584062006.jpg
20634_074584400204.jpg,https://raw.githubusercontent.com/SAL-Wholesale/Images/main/20634_074584400204.jpg
20638_095188010057.jpg,https://raw.githubusercontent.com/SAL-Wholesale/Images/main/20638_095188010057.jpg
20639_095188013669.png,https://raw.githubusercontent.com/SAL-Wholesale/Images/main/20639_095188013669.png
20641_095188012990.jpg,https://raw.githubusercontent.com/SAL-Wholesale/Images/main/20641_095188012990.jpg
20642_095188031298.jpg,https://raw.githubusercontent.com/SAL-Wholesale/Images/main/20642_095188031298.jpg
20643_095188061295.png,https://raw.githubusercontent.com/SAL-Wholesale/Images/main/20643_095188061295.png
20644_000061126911.png,https://raw.githubusercontent.com/SAL-Wholesale/Images/main/20644_000061126911.png
20645_000061126911.jpg,https://raw.githubusercontent.com/SAL-Wholesale/Images/main/20645_000061126911.jpg
20648_011284003113.png,https://raw.githubusercontent.com/SAL-Wholesale/Images/main/20648_011284003113.png
20652_076020001426.png,https://raw.githubusercontent.com/SAL-Wholesale/Images/main/20652_076020001426.png
20654_041458117049.jpg,https://raw.githubusercontent.com/SAL-Wholesale/Images/main/20654_041458117049.jpg
20655_041458117056.jpg,https://raw.githubusercontent.com/SAL-Wholesale/Images/main/20655_041458117056.jpg
20656_000081005611.jpg,https://raw.githubusercontent.com/SAL-Wholesale/Images/main/20656_000081005611.jpg
20659_000081005611.jpg,https://raw.githubusercontent.com/SAL-Wholesale/Images/main/20659_000081005611.jpg
20662_000081005611.jpg,https://raw.githubusercontent.com/SAL-Wholesale/Images/main/20662_000081005611.jpg
20663_000081005611.jpg,https://raw.githubusercontent.com/SAL-Wholesale/Images/main/20663_000081005611.jpg
20664_000081005611.jpg,https://raw.githubusercontent.com/SAL-Wholesale/Images/main/20664_000081005611.jpg
20673_015900000487.jpg,https://raw.githubusercontent.com/SAL-Wholesale/Images/main/20673_015900000487.jpg
20677_099900722730.jpg,https://raw.githubusercontent.com/SAL-Wholesale/Images/main/20677_099900722730.jpg
20678_031000809478.jpg,https://raw.githubusercontent.com/SAL-Wholesale/Images/main/20678_031000809478.jpg
20684_077900471322.jpg,https://raw.githubusercontent.com/SAL-Wholesale/Images/main/20684_077900471322.jpg
2068_000088439411.png,https://raw.githubusercontent.com/SAL-Wholesale/Images/main/2068_000088439411.png
20692_077400226330.jpg,https://raw.githubusercontent.com/SAL-Wholesale/Images/main/20692_077400226330.jpg
20693_077400226378.jpg,https://raw.githubusercontent.com/SAL-Wholesale/Images/main/20693_077400226378.jpg
2069_000088439411.jpg,https://raw.githubusercontent.com/SAL-Wholesale/Images/main/2069_000088439411.jpg
2071_000088439411.jpg,https://raw.githubusercontent.com/SAL-Wholesale/Images/main/2071_000088439411.jpg
20725_086631313375.jpg,https://raw.githubusercontent.com/SAL-Wholesale/Images/main/20725_086631313375.jpg
20734_031000809430.jpg,https://raw.githubusercontent.com/SAL-Wholesale/Images/main/20734_031000809430.jpg
20743_034000402113.jpg,https://raw.githubusercontent.com/SAL-Wholesale/Images/main/20743_034000402113.jpg
2078_075669117529.jpg,https://raw.githubusercontent.com/SAL-Wholesale/Images/main/2078_075669117529.jpg
20794_041419420058.jpg,https://raw.githubusercontent.com/SAL-Wholesale/Images/main/20794_041419420058.jpg
20795_041419420065.jpg,https://raw.githubusercontent.com/SAL-Wholesale/Images/main/20795_041419420065.jpg
20819_015900190799.jpg,https://raw.githubusercontent.com/SAL-Wholesale/Images/main/20819_015900190799.jpg
20826_000064420911.jpg,https://raw.githubusercontent.com/SAL-Wholesale/Images/main/20826_000064420911.jpg
20827_000064420911.jpg,https://raw.githubusercontent.com/SAL-Wholesale/Images/main/20827_000064420911.jpg
20878_011284003168.jpg,https://raw.githubusercontent.com/SAL-Wholesale/Images/main/20878_011284003168.jpg
20883_000064420911.jpg,https://raw.githubusercontent.com/SAL-Wholesale/Images/main/20883_000064420911.jpg
20884_000064420911.jpg,https://raw.githubusercontent.com/SAL-Wholesale/Images/main/20884_000064420911.jpg
20886_000064420911.jpg,https://raw.githubusercontent.com/SAL-Wholesale/Images/main/20886_000064420911.jpg
20900_072878810982.jpg,https://raw.githubusercontent.com/SAL-Wholesale/Images/main/20900_072878810982.jpg
20901_072878811002.jpg,https://raw.githubusercontent.com/SAL-Wholesale/Images/main/20901_072878811002.jpg
20911_015900190744.jpg,https://raw.githubusercontent.com/SAL-Wholesale/Images/main/20911_015900190744.jpg
20931_031000113476.jpg,https://raw.githubusercontent.com/SAL-Wholesale/Images/main/20931_031000113476.jpg
2101_072878434836.jpg,https://raw.githubusercontent.com/SAL-Wholesale/Images/main/2101_072878434836.jpg
21020_072883715517.jpg,https://raw.githubusercontent.com/SAL-Wholesale/Images/main/21020_072883715517.jpg
21065_000088949711.jpg,https://raw.githubusercontent.com/SAL-Wholesale/Images/main/21065_000088949711.jpg
21075_000088949711.jpg,https://raw.githubusercontent.com/SAL-Wholesale/Images/main/21075_000088949711.jpg
21095_000088949711.jpg,https://raw.githubusercontent.com/SAL-Wholesale/Images/main/21095_000088949711.jpg
21121_029988361200.jpg,https://raw.githubusercontent.com/SAL-Wholesale/Images/main/21121_029988361200.jpg
21140_075725215206.jpg,https://raw.githubusercontent.com/SAL-Wholesale/Images/main/21140_075725215206.jpg
21169_072320133881.jpg,https://raw.githubusercontent.com/SAL-Wholesale/Images/main/21169_072320133881.jpg
21184_011115871324.jpg,https://raw.githubusercontent.com/SAL-Wholesale/Images/main/21184_011115871324.jpg
21189_051000015419.jpg,https://raw.githubusercontent.com/SAL-Wholesale/Images/main/21189_051000015419.jpg
21207_077900502095.png,https://raw.githubusercontent.com/SAL-Wholesale/Images/main/21207_077900502095.png
21231_012005000589.jpg,https://raw.githubusercontent.com/SAL-Wholesale/Images/main/21231_012005000589.jpg
21266_071072019221.jpg,https://raw.githubusercontent.com/SAL-Wholesale/Images/main/21266_071072019221.jpg
2127_036078051019.jpg,https://raw.githubusercontent.com/SAL-Wholesale/Images/main/2127_036078051019.jpg
21286_016000170032.jpg,https://raw.githubusercontent.com/SAL-Wholesale/Images/main/21286_016000170032.jpg
21287_016000171022.png,https://raw.githubusercontent.com/SAL-Wholesale/Images/main/21287_016000171022.png
21288_016000171046.jpg,https://raw.githubusercontent.com/SAL-Wholesale/Images/main/21288_016000171046.jpg
2128_036078051057.jpg,https://raw.githubusercontent.com/SAL-Wholesale/Images/main/2128_036078051057.jpg
21297_068062023481.jpg,https://raw.githubusercontent.com/SAL-Wholesale/Images/main/21297_068062023481.jpg
21315_072730233119.jpg,https://raw.githubusercontent.com/SAL-Wholesale/Images/main/21315_072730233119.jpg
21348_015900235544.jpg,https://raw.githubusercontent.com/SAL-Wholesale/Images/main/21348_015900235544.jpg
21395_053859070663.jpg,https://raw.githubusercontent.com/SAL-Wholesale/Images/main/21395_053859070663.jpg
21415_000067475211.jpg,https://raw.githubusercontent.com/SAL-Wholesale/Images/main/21415_000067475211.jpg
21425_000067475211.jpg,https://raw.githubusercontent.com/SAL-Wholesale/Images/main/21425_000067475211.jpg
21435_000067475211.jpg,https://raw.githubusercontent.com/SAL-Wholesale/Images/main/21435_000067475211.jpg
21465_038200000902.jpg,https://raw.githubusercontent.com/SAL-Wholesale/Images/main/21465_038200000902.jpg
21500_052100371603.jpg,https://raw.githubusercontent.com/SAL-Wholesale/Images/main/21500_052100371603.jpg
21631_051933501584.jpg,https://raw.githubusercontent.com/SAL-Wholesale/Images/main/21631_051933501584.jpg
21777_041116005190.png,https://raw.githubusercontent.com/SAL-Wholesale/Images/main/21777_041116005190.png
21867_022000008992.jpg,https://raw.githubusercontent.com/SAL-Wholesale/Images/main/21867_022000008992.jpg
21945_073621020092.png,https://raw.githubusercontent.com/SAL-Wholesale/Images/main/21945_073621020092.png
21965_010700024404.jpg,https://raw.githubusercontent.com/SAL-Wholesale/Images/main/21965_010700024404.jpg
22121_050000696598.jpg,https://raw.githubusercontent.com/SAL-Wholesale/Images/main/22121_050000696598.jpg
22299_020307585055.jpg,https://raw.githubusercontent.com/SAL-Wholesale/Images/main/22299_020307585055.jpg
22347_070800822683.jpg,https://raw.githubusercontent.com/SAL-Wholesale/Images/main/22347_070800822683.jpg
22355_026200461724.jpg,https://raw.githubusercontent.com/SAL-Wholesale/Images/main/22355_026200461724.jpg
22360_097928112137.jpg,https://raw.githubusercontent.com/SAL-Wholesale/Images/main/22360_097928112137.jpg
22518_NOUPC.jpg,https://raw.githubusercontent.com/SAL-Wholesale/Images/main/22518_NOUPC.jpg
22565_076406062300.jpg,https://raw.githubusercontent.com/SAL-Wholesale/Images/main/22565_076406062300.jpg
22567_059642002019.jpg,https://raw.githubusercontent.com/SAL-Wholesale/Images/main/22567_059642002019.jpg
22575_076406063307.jpg,https://raw.githubusercontent.com/SAL-Wholesale/Images/main/22575_076406063307.jpg
22674_000080717711.png,https://raw.githubusercontent.com/SAL-Wholesale/Images/main/22674_000080717711.png
22769_000088831311.jpg,https://raw.githubusercontent.com/SAL-Wholesale/Images/main/22769_000088831311.jpg
22772_000078533211.jpg,https://raw.githubusercontent.com/SAL-Wholesale/Images/main/22772_000078533211.jpg
22776_095188021299.jpg,https://raw.githubusercontent.com/SAL-Wholesale/Images/main/22776_095188021299.jpg
22777_095188007606.png,https://raw.githubusercontent.com/SAL-Wholesale/Images/main/22777_095188007606.png
22778_095188005824.jpg,https://raw.githubusercontent.com/SAL-Wholesale/Images/main/22778_095188005824.jpg
22781_015900000517.jpg,https://raw.githubusercontent.com/SAL-Wholesale/Images/main/22781_015900000517.jpg
22800_051933228009.jpg,https://raw.githubusercontent.com/SAL-Wholesale/Images/main/22800_051933228009.jpg
22808_030000573242.jpg,https://raw.githubusercontent.com/SAL-Wholesale/Images/main/22808_030000573242.jpg
22809_030000573259.jpg,https://raw.githubusercontent.com/SAL-Wholesale/Images/main/22809_030000573259.jpg
22818_016000125933.jpg,https://raw.githubusercontent.com/SAL-Wholesale/Images/main/22818_016000125933.jpg
22824_042400188988.jpg,https://raw.githubusercontent.com/SAL-Wholesale/Images/main/22824_042400188988.jpg
22844_000088491211.jpg,https://raw.githubusercontent.com/SAL-Wholesale/Images/main/22844_000088491211.jpg
22892_000084653811.png,https://raw.githubusercontent.com/SAL-Wholesale/Images/main/22892_000084653811.png
23230_051933232303.jpg,https://raw.githubusercontent.com/SAL-Wholesale/Images/main/23230_051933232303.jpg
23245_051933344877.jpg,https://raw.githubusercontent.com/SAL-Wholesale/Images/main/23245_051933344877.jpg
23257_073390014049.png,https://raw.githubusercontent.com/SAL-Wholesale/Images/main/23257_073390014049.png
23285_051933232853.jpg,https://raw.githubusercontent.com/SAL-Wholesale/Images/main/23285_051933232853.jpg
23295_051933232952.jpg,https://raw.githubusercontent.com/SAL-Wholesale/Images/main/23295_051933232952.jpg
23300_000075614511.jpg,https://raw.githubusercontent.com/SAL-Wholesale/Images/main/23300_000075614511.jpg
23305_051933233058.jpg,https://raw.githubusercontent.com/SAL-Wholesale/Images/main/23305_051933233058.jpg
23335_051933233355.jpg,https://raw.githubusercontent.com/SAL-Wholesale/Images/main/23335_051933233355.jpg
23345_051933233454.jpg,https://raw.githubusercontent.com/SAL-Wholesale/Images/main/23345_051933233454.jpg
23355_051933233553.jpg,https://raw.githubusercontent.com/SAL-Wholesale/Images/main/23355_051933233553.jpg
23395_051933233959.jpg,https://raw.githubusercontent.com/SAL-Wholesale/Images/main/23395_051933233959.jpg
23400_051933234000.jpg,https://raw.githubusercontent.com/SAL-Wholesale/Images/main/23400_051933234000.jpg
23440_046100037713.png,https://raw.githubusercontent.com/SAL-Wholesale/Images/main/23440_046100037713.png
23482_072320111766.jpg,https://raw.githubusercontent.com/SAL-Wholesale/Images/main/23482_072320111766.jpg
23620_021131501112.jpg,https://raw.githubusercontent.com/SAL-Wholesale/Images/main/23620_021131501112.jpg
23840_031000126001.jpg,https://raw.githubusercontent.com/SAL-Wholesale/Images/main/23840_031000126001.jpg
23900_077683003918.jpg,https://raw.githubusercontent.com/SAL-Wholesale/Images/main/23900_077683003918.jpg
23910_054043001203.jpg,https://raw.githubusercontent.com/SAL-Wholesale/Images/main/23910_054043001203.jpg
23935_051933239357.jpg,https://raw.githubusercontent.com/SAL-Wholesale/Images/main/23935_051933239357.jpg
24120_013130006125.jpg,https://raw.githubusercontent.com/SAL-Wholesale/Images/main/24120_013130006125.jpg
24885_051933248854.jpg,https://raw.githubusercontent.com/SAL-Wholesale/Images/main/24885_051933248854.jpg
24931_012800330355.jpg,https://raw.githubusercontent.com/SAL-Wholesale/Images/main/24931_012800330355.jpg
24945_051933249455.jpg,https://raw.githubusercontent.com/SAL-Wholesale/Images/main/24945_051933249455.jpg
24957_046135738883.jpg,https://raw.githubusercontent.com/SAL-Wholesale/Images/main/24957_046135738883.jpg
24958_046135792847.jpg,https://raw.githubusercontent.com/SAL-Wholesale/Images/main/24958_046135792847.jpg
25005_000071785411.jpg,https://raw.githubusercontent.com/SAL-Wholesale/Images/main/25005_000071785411.jpg
25014_015900063963.jpg,https://raw.githubusercontent.com/SAL-Wholesale/Images/main/25014_015900063963.jpg
25020_051933250208.jpg,https://raw.githubusercontent.com/SAL-Wholesale/Images/main/25020_051933250208.jpg
25021_000069224311.png,https://raw.githubusercontent.com/SAL-Wholesale/Images/main/25021_000069224311.png
25033_000085998711.png,https://raw.githubusercontent.com/SAL-Wholesale/Images/main/25033_000085998711.png
25036_037297914475.jpg,https://raw.githubusercontent.com/SAL-Wholesale/Images/main/25036_037297914475.jpg
25037_035000969682.jpg,https://raw.githubusercontent.com/SAL-Wholesale/Images/main/25037_035000969682.jpg
25045_071615901020.png,https://raw.githubusercontent.com/SAL-Wholesale/Images/main/25045_071615901020.png
25365_031000307448.jpg,https://raw.githubusercontent.com/SAL-Wholesale/Images/main/25365_031000307448.jpg
25645_027568051954.png,https://raw.githubusercontent.com/SAL-Wholesale/Images/main/25645_027568051954.png
25710_027568031109.png,https://raw.githubusercontent.com/SAL-Wholesale/Images/main/25710_027568031109.png
25775_075200007005.png,https://raw.githubusercontent.com/SAL-Wholesale/Images/main/25775_075200007005.png
257_015000076733.jpg,https://raw.githubusercontent.com/SAL-Wholesale/Images/main/257_015000076733.jpg
25873_051933370838.jpg,https://raw.githubusercontent.com/SAL-Wholesale/Images/main/25873_051933370838.jpg
25892_051933258921.jpg,https://raw.githubusercontent.com/SAL-Wholesale/Images/main/25892_051933258921.jpg
25905_041789007019.jpg,https://raw.githubusercontent.com/SAL-Wholesale/Images/main/25905_041789007019.jpg
25970_051933259706.jpg,https://raw.githubusercontent.com/SAL-Wholesale/Images/main/25970_051933259706.jpg
26110_031000184643.jpg,https://raw.githubusercontent.com/SAL-Wholesale/Images/main/26110_031000184643.jpg
26180_071287452011.jpg,https://raw.githubusercontent.com/SAL-Wholesale/Images/main/26180_071287452011.jpg
26245_051933262454.jpg,https://raw.githubusercontent.com/SAL-Wholesale/Images/main/26245_051933262454.jpg
26435_064144102358.jpg,https://raw.githubusercontent.com/SAL-Wholesale/Images/main/26435_064144102358.jpg
2645_037000976189.jpg,https://raw.githubusercontent.com/SAL-Wholesale/Images/main/2645_037000976189.jpg
265_015000076719.jpg,https://raw.githubusercontent.com/SAL-Wholesale/Images/main/265_015000076719.jpg
26702_051933267022.jpg,https://raw.githubusercontent.com/SAL-Wholesale/Images/main/26702_051933267022.jpg
27020_076406021901.jpg,https://raw.githubusercontent.com/SAL-Wholesale/Images/main/27020_076406021901.jpg
2714_017929000202.jpg,https://raw.githubusercontent.com/SAL-Wholesale/Images/main/2714_017929000202.jpg
2715_073390055172.jpg,https://raw.githubusercontent.com/SAL-Wholesale/Images/main/2715_073390055172.jpg
27203_075669109517.png,https://raw.githubusercontent.com/SAL-Wholesale/Images/main/27203_075669109517.png
27235_027000500088.jpg,https://raw.githubusercontent.com/SAL-Wholesale/Images/main/27235_027000500088.jpg
2726_031000126100.jpg,https://raw.githubusercontent.com/SAL-Wholesale/Images/main/2726_031000126100.jpg
27287_040000004325.jpg,https://raw.githubusercontent.com/SAL-Wholesale/Images/main/27287_040000004325.jpg
2728_031000126124.jpg,https://raw.githubusercontent.com/SAL-Wholesale/Images/main/2728_031000126124.jpg
27297_040000004318.jpg,https://raw.githubusercontent.com/SAL-Wholesale/Images/main/27297_040000004318.jpg
2729_031000126131.jpg,https://raw.githubusercontent.com/SAL-Wholesale/Images/main/2729_031000126131.jpg
27317_040000006039.jpg,https://raw.githubusercontent.com/SAL-Wholesale/Images/main/27317_040000006039.jpg
2732_031000126148.jpg,https://raw.githubusercontent.com/SAL-Wholesale/Images/main/2732_031000126148.jpg
2736_027568025788.jpg,https://raw.githubusercontent.com/SAL-Wholesale/Images/main/2736_027568025788.jpg
27447_017082000392.jpg,https://raw.githubusercontent.com/SAL-Wholesale/Images/main/27447_017082000392.jpg
2772_070328005230.jpg,https://raw.githubusercontent.com/SAL-Wholesale/Images/main/2772_070328005230.jpg
2776_038629100252.jpg,https://raw.githubusercontent.com/SAL-Wholesale/Images/main/2776_038629100252.jpg
2779_038629001283.jpg,https://raw.githubusercontent.com/SAL-Wholesale/Images/main/2779_038629001283.jpg
2781_038629002938.png,https://raw.githubusercontent.com/SAL-Wholesale/Images/main/2781_038629002938.png
27880_075725477406.jpg,https://raw.githubusercontent.com/SAL-Wholesale/Images/main/27880_075725477406.jpg
28040_051933280403.jpg,https://raw.githubusercontent.com/SAL-Wholesale/Images/main/28040_051933280403.jpg
2804_000063314811.png,https://raw.githubusercontent.com/SAL-Wholesale/Images/main/2804_000063314811.png
28110_051933281103.jpg,https://raw.githubusercontent.com/SAL-Wholesale/Images/main/28110_051933281103.jpg
28130_051933281301.jpg,https://raw.githubusercontent.com/SAL-Wholesale/Images/main/28130_051933281301.jpg
28145_051933281455.jpg,https://raw.githubusercontent.com/SAL-Wholesale/Images/main/28145_051933281455.jpg
28150_051933281509.jpg,https://raw.githubusercontent.com/SAL-Wholesale/Images/main/28150_051933281509.jpg
28180_051933281806.jpg,https://raw.githubusercontent.com/SAL-Wholesale/Images/main/28180_051933281806.jpg
28185_038000001208.jpg,https://raw.githubusercontent.com/SAL-Wholesale/Images/main/28185_038000001208.jpg
28220_030000061190.jpg,https://raw.githubusercontent.com/SAL-Wholesale/Images/main/28220_030000061190.jpg
28235_051933502109.jpg,https://raw.githubusercontent.com/SAL-Wholesale/Images/main/28235_051933502109.jpg
28245_051933282452.jpg,https://raw.githubusercontent.com/SAL-Wholesale/Images/main/28245_051933282452.jpg
28250_051933282506.jpg,https://raw.githubusercontent.com/SAL-Wholesale/Images/main/28250_051933282506.jpg
28395_051933502413.jpg,https://raw.githubusercontent.com/SAL-Wholesale/Images/main/28395_051933502413.jpg
28402_033844012007.jpg,https://raw.githubusercontent.com/SAL-Wholesale/Images/main/28402_033844012007.jpg
28403_033844012014.jpg,https://raw.githubusercontent.com/SAL-Wholesale/Images/main/28403_033844012014.jpg
28404_033844012021.jpg,https://raw.githubusercontent.com/SAL-Wholesale/Images/main/28404_033844012021.jpg
28560_091038211704.jpg,https://raw.githubusercontent.com/SAL-Wholesale/Images/main/28560_091038211704.jpg
28626_023545202296.png,https://raw.githubusercontent.com/SAL-Wholesale/Images/main/28626_023545202296.png
28638_055270832950.jpg,https://raw.githubusercontent.com/SAL-Wholesale/Images/main/28638_055270832950.jpg
28812_015171010239.jpg,https://raw.githubusercontent.com/SAL-Wholesale/Images/main/28812_015171010239.jpg
28815_000081896911.jpg,https://raw.githubusercontent.com/SAL-Wholesale/Images/main/28815_000081896911.jpg
28825_072981001055.jpg,https://raw.githubusercontent.com/SAL-Wholesale/Images/main/28825_072981001055.jpg
28835_051933720008.jpg,https://raw.githubusercontent.com/SAL-Wholesale/Images/main/28835_051933720008.jpg
28840_075669106950.jpg,https://raw.githubusercontent.com/SAL-Wholesale/Images/main/28840_075669106950.jpg
28845_051933720206.jpg,https://raw.githubusercontent.com/SAL-Wholesale/Images/main/28845_051933720206.jpg
28872_016000513792.png,https://raw.githubusercontent.com/SAL-Wholesale/Images/main/28872_016000513792.png
28875_016000368309.jpg,https://raw.githubusercontent.com/SAL-Wholesale/Images/main/28875_016000368309.jpg
28905_051933725805.jpg,https://raw.githubusercontent.com/SAL-Wholesale/Images/main/28905_051933725805.jpg
28930_051933720404.jpg,https://raw.githubusercontent.com/SAL-Wholesale/Images/main/28930_051933720404.jpg
28975_051933289758.jpg,https://raw.githubusercontent.com/SAL-Wholesale/Images/main/28975_051933289758.jpg
28995_051933500686.jpg,https://raw.githubusercontent.com/SAL-Wholesale/Images/main/28995_051933500686.jpg
29025_051933500693.jpg,https://raw.githubusercontent.com/SAL-Wholesale/Images/main/29025_051933500693.jpg
29035_051933500679.jpg,https://raw.githubusercontent.com/SAL-Wholesale/Images/main/29035_051933500679.jpg
29075_051933500709.jpg,https://raw.githubusercontent.com/SAL-Wholesale/Images/main/29075_051933500709.jpg
29135_000088491211.jpg,https://raw.githubusercontent.com/SAL-Wholesale/Images/main/29135_000088491211.jpg
29170_099900100255.jpg,https://raw.githubusercontent.com/SAL-Wholesale/Images/main/29170_099900100255.jpg
29338_027331006167.jpg,https://raw.githubusercontent.com/SAL-Wholesale/Images/main/29338_027331006167.jpg
29511_000084653811.png,https://raw.githubusercontent.com/SAL-Wholesale/Images/main/29511_000084653811.png
29527_000084653811.jpg,https://raw.githubusercontent.com/SAL-Wholesale/Images/main/29527_000084653811.jpg
29538_000084653811.jpg,https://raw.githubusercontent.com/SAL-Wholesale/Images/main/29538_000084653811.jpg
29574_000084653811.png,https://raw.githubusercontent.com/SAL-Wholesale/Images/main/29574_000084653811.png
29595_027568035053.png,https://raw.githubusercontent.com/SAL-Wholesale/Images/main/29595_027568035053.png
29605_027568018049.jpg,https://raw.githubusercontent.com/SAL-Wholesale/Images/main/29605_027568018049.jpg
29615_027568018070.jpg,https://raw.githubusercontent.com/SAL-Wholesale/Images/main/29615_027568018070.jpg
29745_075457427007.jpg,https://raw.githubusercontent.com/SAL-Wholesale/Images/main/29745_075457427007.jpg
29761_071041000243.png,https://raw.githubusercontent.com/SAL-Wholesale/Images/main/29761_071041000243.png
29950_051933299504.jpg,https://raw.githubusercontent.com/SAL-Wholesale/Images/main/29950_051933299504.jpg
29968_021131905521.jpg,https://raw.githubusercontent.com/SAL-Wholesale/Images/main/29968_021131905521.jpg
29970_021131506629.jpg,https://raw.githubusercontent.com/SAL-Wholesale/Images/main/29970_021131506629.jpg
30012_051933300125.jpg,https://raw.githubusercontent.com/SAL-Wholesale/Images/main/30012_051933300125.jpg
30138_079200049065.jpg,https://raw.githubusercontent.com/SAL-Wholesale/Images/main/30138_079200049065.jpg
30172_075725301725.jpg,https://raw.githubusercontent.com/SAL-Wholesale/Images/main/30172_075725301725.jpg
30184_014200202447.jpg,https://raw.githubusercontent.com/SAL-Wholesale/Images/main/30184_014200202447.jpg
30196_073460003362.jpg,https://raw.githubusercontent.com/SAL-Wholesale/Images/main/30196_073460003362.jpg
30209_051933054714.jpg,https://raw.githubusercontent.com/SAL-Wholesale/Images/main/30209_051933054714.jpg
30211_051933344099.jpg,https://raw.githubusercontent.com/SAL-Wholesale/Images/main/30211_051933344099.jpg
30212_051933360242.jpg,https://raw.githubusercontent.com/SAL-Wholesale/Images/main/30212_051933360242.jpg
30271_034000001637.jpg,https://raw.githubusercontent.com/SAL-Wholesale/Images/main/30271_034000001637.jpg
30289_051933302891.jpg,https://raw.githubusercontent.com/SAL-Wholesale/Images/main/30289_051933302891.jpg
30293_075725302807.jpg,https://raw.githubusercontent.com/SAL-Wholesale/Images/main/30293_075725302807.jpg
30303_051933303034.jpg,https://raw.githubusercontent.com/SAL-Wholesale/Images/main/30303_051933303034.jpg
30305_051933303058.jpg,https://raw.githubusercontent.com/SAL-Wholesale/Images/main/30305_051933303058.jpg
30307_051933303072.jpg,https://raw.githubusercontent.com/SAL-Wholesale/Images/main/30307_051933303072.jpg
30320_075725515115.jpg,https://raw.githubusercontent.com/SAL-Wholesale/Images/main/30320_075725515115.jpg
30330_075725303309.jpg,https://raw.githubusercontent.com/SAL-Wholesale/Images/main/30330_075725303309.jpg
30349_079100520060.jpg,https://raw.githubusercontent.com/SAL-Wholesale/Images/main/30349_079100520060.jpg
30350_075725818018.jpg,https://raw.githubusercontent.com/SAL-Wholesale/Images/main/30350_075725818018.jpg
30351_079100520213.jpg,https://raw.githubusercontent.com/SAL-Wholesale/Images/main/30351_079100520213.jpg
30352_079100520008.jpg,https://raw.githubusercontent.com/SAL-Wholesale/Images/main/30352_079100520008.jpg
30353_079100520251.jpg,https://raw.githubusercontent.com/SAL-Wholesale/Images/main/30353_079100520251.jpg
30360_000051633311.jpg,https://raw.githubusercontent.com/SAL-Wholesale/Images/main/30360_000051633311.jpg
30377_051933303775.jpg,https://raw.githubusercontent.com/SAL-Wholesale/Images/main/30377_051933303775.jpg
30382_051933303829.jpg,https://raw.githubusercontent.com/SAL-Wholesale/Images/main/30382_051933303829.jpg
30389_051933303898.jpg,https://raw.githubusercontent.com/SAL-Wholesale/Images/main/30389_051933303898.jpg
30430_071998000013.jpg,https://raw.githubusercontent.com/SAL-Wholesale/Images/main/30430_071998000013.jpg
30478_037000958604.jpg,https://raw.githubusercontent.com/SAL-Wholesale/Images/main/30478_037000958604.jpg
30479_037000930358.jpg,https://raw.githubusercontent.com/SAL-Wholesale/Images/main/30479_037000930358.jpg
30497_076410400228.jpg,https://raw.githubusercontent.com/SAL-Wholesale/Images/main/30497_076410400228.jpg
30498_076410901190.png,https://raw.githubusercontent.com/SAL-Wholesale/Images/main/30498_076410901190.png
30546_051933305465.jpg,https://raw.githubusercontent.com/SAL-Wholesale/Images/main/30546_051933305465.jpg
30547_051933305472.jpg,https://raw.githubusercontent.com/SAL-Wholesale/Images/main/30547_051933305472.jpg
30548_051933305489.jpg,https://raw.githubusercontent.com/SAL-Wholesale/Images/main/30548_051933305489.jpg
30549_051933305496.jpg,https://raw.githubusercontent.com/SAL-Wholesale/Images/main/30549_051933305496.jpg
30565_033844006501.jpg,https://raw.githubusercontent.com/SAL-Wholesale/Images/main/30565_033844006501.jpg
30571_051933305717.jpg,https://raw.githubusercontent.com/SAL-Wholesale/Images/main/30571_051933305717.jpg
30588_051933305885.jpg,https://raw.githubusercontent.com/SAL-Wholesale/Images/main/30588_051933305885.jpg
30589_051933305892.jpg,https://raw.githubusercontent.com/SAL-Wholesale/Images/main/30589_051933305892.jpg
30591_051933305915.jpg,https://raw.githubusercontent.com/SAL-Wholesale/Images/main/30591_051933305915.jpg
30593_051933305939.jpg,https://raw.githubusercontent.com/SAL-Wholesale/Images/main/30593_051933305939.jpg
30610_071710004374.jpg,https://raw.githubusercontent.com/SAL-Wholesale/Images/main/30610_071710004374.jpg
30611_051933306110.jpg,https://raw.githubusercontent.com/SAL-Wholesale/Images/main/30611_051933306110.jpg
30612_051933306127.jpg,https://raw.githubusercontent.com/SAL-Wholesale/Images/main/30612_051933306127.jpg
30636_051933306363.jpg,https://raw.githubusercontent.com/SAL-Wholesale/Images/main/30636_051933306363.jpg
30637_051933306370.jpg,https://raw.githubusercontent.com/SAL-Wholesale/Images/main/30637_051933306370.jpg
30638_051933306387.jpg,https://raw.githubusercontent.com/SAL-Wholesale/Images/main/30638_051933306387.jpg
30643_051933306431.jpg,https://raw.githubusercontent.com/SAL-Wholesale/Images/main/30643_051933306431.jpg
30644_051933306448.jpg,https://raw.githubusercontent.com/SAL-Wholesale/Images/main/30644_051933306448.jpg
30645_051933306455.jpg,https://raw.githubusercontent.com/SAL-Wholesale/Images/main/30645_051933306455.jpg
30650_000051933311.jpg,https://raw.githubusercontent.com/SAL-Wholesale/Images/main/30650_000051933311.jpg
30654_000064928111.png,https://raw.githubusercontent.com/SAL-Wholesale/Images/main/30654_000064928111.png
30657_000064928111.jpg,https://raw.githubusercontent.com/SAL-Wholesale/Images/main/30657_000064928111.jpg
30670_075725306706.jpg,https://raw.githubusercontent.com/SAL-Wholesale/Images/main/30670_075725306706.jpg
30672_051933306721.jpg,https://raw.githubusercontent.com/SAL-Wholesale/Images/main/30672_051933306721.jpg
30673_051933306738.jpg,https://raw.githubusercontent.com/SAL-Wholesale/Images/main/30673_051933306738.jpg
30680_075725306805.jpg,https://raw.githubusercontent.com/SAL-Wholesale/Images/main/30680_075725306805.jpg
30684_094514429150.jpg,https://raw.githubusercontent.com/SAL-Wholesale/Images/main/30684_094514429150.jpg
30690_075725306904.jpg,https://raw.githubusercontent.com/SAL-Wholesale/Images/main/30690_075725306904.jpg
30710_075725307109.jpg,https://raw.githubusercontent.com/SAL-Wholesale/Images/main/30710_075725307109.jpg
30711_051933307117.jpg,https://raw.githubusercontent.com/SAL-Wholesale/Images/main/30711_051933307117.jpg
30719_051933307193.jpg,https://raw.githubusercontent.com/SAL-Wholesale/Images/main/30719_051933307193.jpg
30720_075725307208.jpg,https://raw.githubusercontent.com/SAL-Wholesale/Images/main/30720_075725307208.jpg
30721_051933307216.jpg,https://raw.githubusercontent.com/SAL-Wholesale/Images/main/30721_051933307216.jpg
30733_051933307339.jpg,https://raw.githubusercontent.com/SAL-Wholesale/Images/main/30733_051933307339.jpg
30734_051933307346.jpg,https://raw.githubusercontent.com/SAL-Wholesale/Images/main/30734_051933307346.jpg
30786_051933307865.jpg,https://raw.githubusercontent.com/SAL-Wholesale/Images/main/30786_051933307865.jpg
30787_051933307872.jpg,https://raw.githubusercontent.com/SAL-Wholesale/Images/main/30787_051933307872.jpg
30788_051933307889.jpg,https://raw.githubusercontent.com/SAL-Wholesale/Images/main/30788_051933307889.jpg
30789_074584075204.jpg,https://raw.githubusercontent.com/SAL-Wholesale/Images/main/30789_074584075204.jpg
30818_073124018008.png,https://raw.githubusercontent.com/SAL-Wholesale/Images/main/30818_073124018008.png
30830_051933308305.jpg,https://raw.githubusercontent.com/SAL-Wholesale/Images/main/30830_051933308305.jpg
30840_072806001420.jpg,https://raw.githubusercontent.com/SAL-Wholesale/Images/main/30840_072806001420.jpg
30867_070490003362.jpg,https://raw.githubusercontent.com/SAL-Wholesale/Images/main/30867_070490003362.jpg
30905_051933309050.jpg,https://raw.githubusercontent.com/SAL-Wholesale/Images/main/30905_051933309050.jpg
30920_075669101801.jpg,https://raw.githubusercontent.com/SAL-Wholesale/Images/main/30920_075669101801.jpg
30930_075669102204.jpg,https://raw.githubusercontent.com/SAL-Wholesale/Images/main/30930_075669102204.jpg
30943_051933309432.jpg,https://raw.githubusercontent.com/SAL-Wholesale/Images/main/30943_051933309432.jpg
30957_072477984268.jpg,https://raw.githubusercontent.com/SAL-Wholesale/Images/main/30957_072477984268.jpg
30984_016500540106.jpg,https://raw.githubusercontent.com/SAL-Wholesale/Images/main/30984_016500540106.jpg
31003_051933310032.jpg,https://raw.githubusercontent.com/SAL-Wholesale/Images/main/31003_051933310032.jpg
31004_051933310049.jpg,https://raw.githubusercontent.com/SAL-Wholesale/Images/main/31004_051933310049.jpg
31005_051933310056.jpg,https://raw.githubusercontent.com/SAL-Wholesale/Images/main/31005_051933310056.jpg
31006_051933310063.jpg,https://raw.githubusercontent.com/SAL-Wholesale/Images/main/31006_051933310063.jpg
31020_072820017025.jpg,https://raw.githubusercontent.com/SAL-Wholesale/Images/main/31020_072820017025.jpg
31022_073124018015.jpg,https://raw.githubusercontent.com/SAL-Wholesale/Images/main/31022_073124018015.jpg
31052_051933310520.jpg,https://raw.githubusercontent.com/SAL-Wholesale/Images/main/31052_051933310520.jpg
31055_051933310551.jpg,https://raw.githubusercontent.com/SAL-Wholesale/Images/main/31055_051933310551.jpg
31070_016229901479.png,https://raw.githubusercontent.com/SAL-Wholesale/Images/main/31070_016229901479.png
31345_072995020080.png,https://raw.githubusercontent.com/SAL-Wholesale/Images/main/31345_072995020080.png
31348_051933313484.jpg,https://raw.githubusercontent.com/SAL-Wholesale/Images/main/31348_051933313484.jpg
31358_051933355149.jpg,https://raw.githubusercontent.com/SAL-Wholesale/Images/main/31358_051933355149.jpg
31375_033844000028.jpg,https://raw.githubusercontent.com/SAL-Wholesale/Images/main/31375_033844000028.jpg
31385_033844000035.jpg,https://raw.githubusercontent.com/SAL-Wholesale/Images/main/31385_033844000035.jpg
31401_027084120134.png,https://raw.githubusercontent.com/SAL-Wholesale/Images/main/31401_027084120134.png
31402_051933355170.jpg,https://raw.githubusercontent.com/SAL-Wholesale/Images/main/31402_051933355170.jpg
31409_000038137111.jpg,https://raw.githubusercontent.com/SAL-Wholesale/Images/main/31409_000038137111.jpg
31411_000038137111.jpg,https://raw.githubusercontent.com/SAL-Wholesale/Images/main/31411_000038137111.jpg
31414_051933314146.jpg,https://raw.githubusercontent.com/SAL-Wholesale/Images/main/31414_051933314146.jpg
31416_051933314160.jpg,https://raw.githubusercontent.com/SAL-Wholesale/Images/main/31416_051933314160.jpg
31422_051933314221.jpg,https://raw.githubusercontent.com/SAL-Wholesale/Images/main/31422_051933314221.jpg
31423.jpg,https://raw.githubusercontent.com/SAL-Wholesale/Images/main/31423.jpg
31424_051933503601.jpg,https://raw.githubusercontent.com/SAL-Wholesale/Images/main/31424_051933503601.jpg
31428_051933314283.jpg,https://raw.githubusercontent.com/SAL-Wholesale/Images/main/31428_051933314283.jpg
31429_051933314290.jpg,https://raw.githubusercontent.com/SAL-Wholesale/Images/main/31429_051933314290.jpg
31433_000038137111.jpg,https://raw.githubusercontent.com/SAL-Wholesale/Images/main/31433_000038137111.jpg
31522_NOUPC.jpg,https://raw.githubusercontent.com/SAL-Wholesale/Images/main/31522_NOUPC.jpg
31536_051933315365.jpg,https://raw.githubusercontent.com/SAL-Wholesale/Images/main/31536_051933315365.jpg
31537_051933315372.jpg,https://raw.githubusercontent.com/SAL-Wholesale/Images/main/31537_051933315372.jpg
31538_051933315389.jpg,https://raw.githubusercontent.com/SAL-Wholesale/Images/main/31538_051933315389.jpg
31546_051933315464.jpg,https://raw.githubusercontent.com/SAL-Wholesale/Images/main/31546_051933315464.jpg
31552_051933315525.jpg,https://raw.githubusercontent.com/SAL-Wholesale/Images/main/31552_051933315525.jpg
31554_047677483101.jpg,https://raw.githubusercontent.com/SAL-Wholesale/Images/main/31554_047677483101.jpg
31558_070640301447.png,https://raw.githubusercontent.com/SAL-Wholesale/Images/main/31558_070640301447.png
31564_072554111198.jpg,https://raw.githubusercontent.com/SAL-Wholesale/Images/main/31564_072554111198.jpg
31587_051933315877.jpg,https://raw.githubusercontent.com/SAL-Wholesale/Images/main/31587_051933315877.jpg
31588_051933315884.jpg,https://raw.githubusercontent.com/SAL-Wholesale/Images/main/31588_051933315884.jpg
31593_051933315938.jpg,https://raw.githubusercontent.com/SAL-Wholesale/Images/main/31593_051933315938.jpg
31594_051933315945.jpg,https://raw.githubusercontent.com/SAL-Wholesale/Images/main/31594_051933315945.jpg
31596_051933315969.jpg,https://raw.githubusercontent.com/SAL-Wholesale/Images/main/31596_051933315969.jpg
31597_051933315976.jpg,https://raw.githubusercontent.com/SAL-Wholesale/Images/main/31597_051933315976.jpg
31598_051933315983.jpg,https://raw.githubusercontent.com/SAL-Wholesale/Images/main/31598_051933315983.jpg
31599_NoUPC.jpg,https://raw.githubusercontent.com/SAL-Wholesale/Images/main/31599_NoUPC.jpg
31603_051933316034.jpg,https://raw.githubusercontent.com/SAL-Wholesale/Images/main/31603_051933316034.jpg
31604_051933316041.jpg,https://raw.githubusercontent.com/SAL-Wholesale/Images/main/31604_051933316041.jpg
31605_051933316058.jpg,https://raw.githubusercontent.com/SAL-Wholesale/Images/main/31605_051933316058.jpg
31606_051933316065.jpg,https://raw.githubusercontent.com/SAL-Wholesale/Images/main/31606_051933316065.jpg
31607_051933316072.jpg,https://raw.githubusercontent.com/SAL-Wholesale/Images/main/31607_051933316072.jpg
31608_051933316089.jpg,https://raw.githubusercontent.com/SAL-Wholesale/Images/main/31608_051933316089.jpg
31609_051933316096.jpg,https://raw.githubusercontent.com/SAL-Wholesale/Images/main/31609_051933316096.jpg
31613_051933316133.jpg,https://raw.githubusercontent.com/SAL-Wholesale/Images/main/31613_051933316133.jpg
31614_051933316140.jpg,https://raw.githubusercontent.com/SAL-Wholesale/Images/main/31614_051933316140.jpg
31615_051933316157.jpg,https://raw.githubusercontent.com/SAL-Wholesale/Images/main/31615_051933316157.jpg
31616_051933316164.jpg,https://raw.githubusercontent.com/SAL-Wholesale/Images/main/31616_051933316164.jpg
31617_051933316171.jpg,https://raw.githubusercontent.com/SAL-Wholesale/Images/main/31617_051933316171.jpg
31618_051933316188.jpg,https://raw.githubusercontent.com/SAL-Wholesale/Images/main/31618_051933316188.jpg
31619_051933316195.jpg,https://raw.githubusercontent.com/SAL-Wholesale/Images/main/31619_051933316195.jpg
31635_051933370845.jpg,https://raw.githubusercontent.com/SAL-Wholesale/Images/main/31635_051933370845.jpg
31636_051933316362.jpg,https://raw.githubusercontent.com/SAL-Wholesale/Images/main/31636_051933316362.jpg
31637_051933316379.jpg,https://raw.githubusercontent.com/SAL-Wholesale/Images/main/31637_051933316379.jpg
31638_051933316386.jpg,https://raw.githubusercontent.com/SAL-Wholesale/Images/main/31638_051933316386.jpg
31639_051933316393.jpg,https://raw.githubusercontent.com/SAL-Wholesale/Images/main/31639_051933316393.jpg
31642_051933316423.jpg,https://raw.githubusercontent.com/SAL-Wholesale/Images/main/31642_051933316423.jpg
31643_051933316430.jpg,https://raw.githubusercontent.com/SAL-Wholesale/Images/main/31643_051933316430.jpg
31644_051933316447.jpg,https://raw.githubusercontent.com/SAL-Wholesale/Images/main/31644_051933316447.jpg
31645_051933316454.jpg,https://raw.githubusercontent.com/SAL-Wholesale/Images/main/31645_051933316454.jpg
31646_051933316461.jpg,https://raw.githubusercontent.com/SAL-Wholesale/Images/main/31646_051933316461.jpg
31651_051933316515.jpg,https://raw.githubusercontent.com/SAL-Wholesale/Images/main/31651_051933316515.jpg
31652_051933316522.jpg,https://raw.githubusercontent.com/SAL-Wholesale/Images/main/31652_051933316522.jpg
31655_051933316553.jpg,https://raw.githubusercontent.com/SAL-Wholesale/Images/main/31655_051933316553.jpg
31656_051933316560.jpg,https://raw.githubusercontent.com/SAL-Wholesale/Images/main/31656_051933316560.jpg
31657_051933316577.jpg,https://raw.githubusercontent.com/SAL-Wholesale/Images/main/31657_051933316577.jpg
31691_051933316911.jpg,https://raw.githubusercontent.com/SAL-Wholesale/Images/main/31691_051933316911.jpg
31692_051933316928.jpg,https://raw.githubusercontent.com/SAL-Wholesale/Images/main/31692_051933316928.jpg
31693_051933316935.jpg,https://raw.githubusercontent.com/SAL-Wholesale/Images/main/31693_051933316935.jpg
31709_071007401404.jpg,https://raw.githubusercontent.com/SAL-Wholesale/Images/main/31709_071007401404.jpg
31711_071007405204.jpg,https://raw.githubusercontent.com/SAL-Wholesale/Images/main/31711_071007405204.jpg
31713_071007722110.jpg,https://raw.githubusercontent.com/SAL-Wholesale/Images/main/31713_071007722110.jpg
31747_051933317475.jpg,https://raw.githubusercontent.com/SAL-Wholesale/Images/main/31747_051933317475.jpg
31751_051933317512.jpg,https://raw.githubusercontent.com/SAL-Wholesale/Images/main/31751_051933317512.jpg
31753_000064420911.jpg,https://raw.githubusercontent.com/SAL-Wholesale/Images/main/31753_000064420911.jpg
31756_051933317567.jpg,https://raw.githubusercontent.com/SAL-Wholesale/Images/main/31756_051933317567.jpg
31768_000084653811.png,https://raw.githubusercontent.com/SAL-Wholesale/Images/main/31768_000084653811.png
31787_051933317871.jpg,https://raw.githubusercontent.com/SAL-Wholesale/Images/main/31787_051933317871.jpg
31801_051933318014.jpg,https://raw.githubusercontent.com/SAL-Wholesale/Images/main/31801_051933318014.jpg
31847_051933318472.jpg,https://raw.githubusercontent.com/SAL-Wholesale/Images/main/31847_051933318472.jpg
31848_051933318489.jpg,https://raw.githubusercontent.com/SAL-Wholesale/Images/main/31848_051933318489.jpg
31849_NOUPC.jpg,https://raw.githubusercontent.com/SAL-Wholesale/Images/main/31849_NOUPC.jpg
31867_NOUPC.jpg,https://raw.githubusercontent.com/SAL-Wholesale/Images/main/31867_NOUPC.jpg
31868_051933318687.jpg,https://raw.githubusercontent.com/SAL-Wholesale/Images/main/31868_051933318687.jpg
31869_051933318694.jpg,https://raw.githubusercontent.com/SAL-Wholesale/Images/main/31869_051933318694.jpg
31878_051933318786.jpg,https://raw.githubusercontent.com/SAL-Wholesale/Images/main/31878_051933318786.jpg
31879_051933318793.jpg,https://raw.githubusercontent.com/SAL-Wholesale/Images/main/31879_051933318793.jpg
31911_051933319110.jpg,https://raw.githubusercontent.com/SAL-Wholesale/Images/main/31911_051933319110.jpg
31931_051933319318.jpg,https://raw.githubusercontent.com/SAL-Wholesale/Images/main/31931_051933319318.jpg
31949_031462711388.jpg,https://raw.githubusercontent.com/SAL-Wholesale/Images/main/31949_031462711388.jpg
31963_051933319639.jpg,https://raw.githubusercontent.com/SAL-Wholesale/Images/main/31963_051933319639.jpg
31992_051933319929.jpg,https://raw.githubusercontent.com/SAL-Wholesale/Images/main/31992_051933319929.jpg
32006_051933320062.jpg,https://raw.githubusercontent.com/SAL-Wholesale/Images/main/32006_051933320062.jpg
32007_051933320079.jpg,https://raw.githubusercontent.com/SAL-Wholesale/Images/main/32007_051933320079.jpg
32025_051933320253.jpg,https://raw.githubusercontent.com/SAL-Wholesale/Images/main/32025_051933320253.jpg
32026_051933320260.jpg,https://raw.githubusercontent.com/SAL-Wholesale/Images/main/32026_051933320260.jpg
32043_051933320437.jpg,https://raw.githubusercontent.com/SAL-Wholesale/Images/main/32043_051933320437.jpg
32044_051933320444.jpg,https://raw.githubusercontent.com/SAL-Wholesale/Images/main/32044_051933320444.jpg
32046_051933320468.jpg,https://raw.githubusercontent.com/SAL-Wholesale/Images/main/32046_051933320468.jpg
32047_051933320475.jpg,https://raw.githubusercontent.com/SAL-Wholesale/Images/main/32047_051933320475.jpg
32048_NOUPC.jpg,https://raw.githubusercontent.com/SAL-Wholesale/Images/main/32048_NOUPC.jpg
32053_NOUPC.jpg,https://raw.githubusercontent.com/SAL-Wholesale/Images/main/32053_NOUPC.jpg
32056_NOUPC.jpg,https://raw.githubusercontent.com/SAL-Wholesale/Images/main/32056_NOUPC.jpg
32057_NOUPC.jpg,https://raw.githubusercontent.com/SAL-Wholesale/Images/main/32057_NOUPC.jpg
32065_051933167353.jpg,https://raw.githubusercontent.com/SAL-Wholesale/Images/main/32065_051933167353.jpg
32069_NOUPC.jpg,https://raw.githubusercontent.com/SAL-Wholesale/Images/main/32069_NOUPC.jpg
32071_051933320710.jpg,https://raw.githubusercontent.com/SAL-Wholesale/Images/main/32071_051933320710.jpg
32072_051933320727.jpg,https://raw.githubusercontent.com/SAL-Wholesale/Images/main/32072_051933320727.jpg
32170_089157048035.jpg,https://raw.githubusercontent.com/SAL-Wholesale/Images/main/32170_089157048035.jpg
32180_051933321809.jpg,https://raw.githubusercontent.com/SAL-Wholesale/Images/main/32180_051933321809.jpg
32190_051933321908.jpg,https://raw.githubusercontent.com/SAL-Wholesale/Images/main/32190_051933321908.jpg
32220_094262413432.jpg,https://raw.githubusercontent.com/SAL-Wholesale/Images/main/32220_094262413432.jpg
32231_051933322318.jpg,https://raw.githubusercontent.com/SAL-Wholesale/Images/main/32231_051933322318.jpg
32232_051933322325.jpg,https://raw.githubusercontent.com/SAL-Wholesale/Images/main/32232_051933322325.jpg
32237_051933322370.jpg,https://raw.githubusercontent.com/SAL-Wholesale/Images/main/32237_051933322370.jpg
32317.jpg,https://raw.githubusercontent.com/SAL-Wholesale/Images/main/32317.jpg
32318.jpg,https://raw.githubusercontent.com/SAL-Wholesale/Images/main/32318.jpg
32324_NOUPC.jpg,https://raw.githubusercontent.com/SAL-Wholesale/Images/main/32324_NOUPC.jpg
32325_NOUPC.jpg,https://raw.githubusercontent.com/SAL-Wholesale/Images/main/32325_NOUPC.jpg
32327_051933323278.jpg,https://raw.githubusercontent.com/SAL-Wholesale/Images/main/32327_051933323278.jpg
32347_051933323476.jpg,https://raw.githubusercontent.com/SAL-Wholesale/Images/main/32347_051933323476.jpg
32349_051933323490.jpg,https://raw.githubusercontent.com/SAL-Wholesale/Images/main/32349_051933323490.jpg
32353_051933323537.jpg,https://raw.githubusercontent.com/SAL-Wholesale/Images/main/32353_051933323537.jpg
32355_051933323551.jpg,https://raw.githubusercontent.com/SAL-Wholesale/Images/main/32355_051933323551.jpg
32357_051933323575.jpg,https://raw.githubusercontent.com/SAL-Wholesale/Images/main/32357_051933323575.jpg
32358_051933323582.jpg,https://raw.githubusercontent.com/SAL-Wholesale/Images/main/32358_051933323582.jpg
32359_051933323599.jpg,https://raw.githubusercontent.com/SAL-Wholesale/Images/main/32359_051933323599.jpg
32361_051933323612.jpg,https://raw.githubusercontent.com/SAL-Wholesale/Images/main/32361_051933323612.jpg
32362_051933323629.jpg,https://raw.githubusercontent.com/SAL-Wholesale/Images/main/32362_051933323629.jpg
32364_NOUPC.jpg,https://raw.githubusercontent.com/SAL-Wholesale/Images/main/32364_NOUPC.jpg
32369_NOUPC.jpg,https://raw.githubusercontent.com/SAL-Wholesale/Images/main/32369_NOUPC.jpg
32373_NOUPC.jpg,https://raw.githubusercontent.com/SAL-Wholesale/Images/main/32373_NOUPC.jpg
32374_NOUPC.jpg,https://raw.githubusercontent.com/SAL-Wholesale/Images/main/32374_NOUPC.jpg
32376_NOUPC.jpg,https://raw.githubusercontent.com/SAL-Wholesale/Images/main/32376_NOUPC.jpg
32377_NOUPC.jpg,https://raw.githubusercontent.com/SAL-Wholesale/Images/main/32377_NOUPC.jpg
32383_051933323834.jpg,https://raw.githubusercontent.com/SAL-Wholesale/Images/main/32383_051933323834.jpg
32384_051933323841.jpg,https://raw.githubusercontent.com/SAL-Wholesale/Images/main/32384_051933323841.jpg
32386_051933323865.jpg,https://raw.githubusercontent.com/SAL-Wholesale/Images/main/32386_051933323865.jpg
32396_051933323964.jpg,https://raw.githubusercontent.com/SAL-Wholesale/Images/main/32396_051933323964.jpg
32397_051933323971.jpg,https://raw.githubusercontent.com/SAL-Wholesale/Images/main/32397_051933323971.jpg
32398_051933323988.jpg,https://raw.githubusercontent.com/SAL-Wholesale/Images/main/32398_051933323988.jpg
32404_051933324046.jpg,https://raw.githubusercontent.com/SAL-Wholesale/Images/main/32404_051933324046.jpg
32406_051933324060.jpg,https://raw.githubusercontent.com/SAL-Wholesale/Images/main/32406_051933324060.jpg
32408_051933324084.jpg,https://raw.githubusercontent.com/SAL-Wholesale/Images/main/32408_051933324084.jpg
32413_051933324138.jpg,https://raw.githubusercontent.com/SAL-Wholesale/Images/main/32413_051933324138.jpg
32417_051933324176.jpg,https://raw.githubusercontent.com/SAL-Wholesale/Images/main/32417_051933324176.jpg
32418_051933324183.jpg,https://raw.githubusercontent.com/SAL-Wholesale/Images/main/32418_051933324183.jpg
32421_051933324213.jpg,https://raw.githubusercontent.com/SAL-Wholesale/Images/main/32421_051933324213.jpg
32428_051933324282.jpg,https://raw.githubusercontent.com/SAL-Wholesale/Images/main/32428_051933324282.jpg
32429_051933324299.jpg,https://raw.githubusercontent.com/SAL-Wholesale/Images/main/32429_051933324299.jpg
3242_027000419212.jpg,https://raw.githubusercontent.com/SAL-Wholesale/Images/main/3242_027000419212.jpg
32431_051933324312.jpg,https://raw.githubusercontent.com/SAL-Wholesale/Images/main/32431_051933324312.jpg
32432_029243000028.png,https://raw.githubusercontent.com/SAL-Wholesale/Images/main/32432_029243000028.png
32433_051933324336.jpg,https://raw.githubusercontent.com/SAL-Wholesale/Images/main/32433_051933324336.jpg
32436_051933324367.jpg,https://raw.githubusercontent.com/SAL-Wholesale/Images/main/32436_051933324367.jpg
32439_NOUPC.jpg,https://raw.githubusercontent.com/SAL-Wholesale/Images/main/32439_NOUPC.jpg
32441_051933330122.jpg,https://raw.githubusercontent.com/SAL-Wholesale/Images/main/32441_051933330122.jpg
32442_044989205063.png,https://raw.githubusercontent.com/SAL-Wholesale/Images/main/32442_044989205063.png
32444_NOUPC.jpg,https://raw.githubusercontent.com/SAL-Wholesale/Images/main/32444_NOUPC.jpg
32461_051933324619.jpg,https://raw.githubusercontent.com/SAL-Wholesale/Images/main/32461_051933324619.jpg
32462_029243000059.png,https://raw.githubusercontent.com/SAL-Wholesale/Images/main/32462_029243000059.png
32463_051933324633.jpg,https://raw.githubusercontent.com/SAL-Wholesale/Images/main/32463_051933324633.jpg
32464_051933324640.jpg,https://raw.githubusercontent.com/SAL-Wholesale/Images/main/32464_051933324640.jpg
32466.jpg,https://raw.githubusercontent.com/SAL-Wholesale/Images/main/32466.jpg
32467_051933324671.jpg,https://raw.githubusercontent.com/SAL-Wholesale/Images/main/32467_051933324671.jpg
32468.jpg,https://raw.githubusercontent.com/SAL-Wholesale/Images/main/32468.jpg
32469_051933324695.jpg,https://raw.githubusercontent.com/SAL-Wholesale/Images/main/32469_051933324695.jpg
32518_NOUPC.jpg,https://raw.githubusercontent.com/SAL-Wholesale/Images/main/32518_NOUPC.jpg
32519_NOUPC.jpg,https://raw.githubusercontent.com/SAL-Wholesale/Images/main/32519_NOUPC.jpg
32521_NOUPC.jpg,https://raw.githubusercontent.com/SAL-Wholesale/Images/main/32521_NOUPC.jpg
32522_042800109521.jpg,https://raw.githubusercontent.com/SAL-Wholesale/Images/main/32522_042800109521.jpg
32523_042800109538.jpg,https://raw.githubusercontent.com/SAL-Wholesale/Images/main/32523_042800109538.jpg
32534_051933325340.jpg,https://raw.githubusercontent.com/SAL-Wholesale/Images/main/32534_051933325340.jpg
32536_NOUPC.jpg,https://raw.githubusercontent.com/SAL-Wholesale/Images/main/32536_NOUPC.jpg
32550_000012005411.jpg,https://raw.githubusercontent.com/SAL-Wholesale/Images/main/32550_000012005411.jpg
32567_NOUPC.jpg,https://raw.githubusercontent.com/SAL-Wholesale/Images/main/32567_NOUPC.jpg
32588_051933325883.jpg,https://raw.githubusercontent.com/SAL-Wholesale/Images/main/32588_051933325883.jpg
32591_051933325913.jpg,https://raw.githubusercontent.com/SAL-Wholesale/Images/main/32591_051933325913.jpg
32592_051933325920.jpg,https://raw.githubusercontent.com/SAL-Wholesale/Images/main/32592_051933325920.jpg
32600_051933326002.jpg,https://raw.githubusercontent.com/SAL-Wholesale/Images/main/32600_051933326002.jpg
32620_051933326200.jpg,https://raw.githubusercontent.com/SAL-Wholesale/Images/main/32620_051933326200.jpg
32670_028000517809.png,https://raw.githubusercontent.com/SAL-Wholesale/Images/main/32670_028000517809.png
32685_075725305952.jpg,https://raw.githubusercontent.com/SAL-Wholesale/Images/main/32685_075725305952.jpg
32772_090478216287.png,https://raw.githubusercontent.com/SAL-Wholesale/Images/main/32772_090478216287.png
32775_090478216218.png,https://raw.githubusercontent.com/SAL-Wholesale/Images/main/32775_090478216218.png
32790_076397002286.jpg,https://raw.githubusercontent.com/SAL-Wholesale/Images/main/32790_076397002286.jpg
32795_090478216270.png,https://raw.githubusercontent.com/SAL-Wholesale/Images/main/32795_090478216270.png
32805_051933328068.jpg,https://raw.githubusercontent.com/SAL-Wholesale/Images/main/32805_051933328068.jpg
32810_076397031507.jpg,https://raw.githubusercontent.com/SAL-Wholesale/Images/main/32810_076397031507.jpg
32884_054800423309.jpg,https://raw.githubusercontent.com/SAL-Wholesale/Images/main/32884_054800423309.jpg
32885_075725328852.jpg,https://raw.githubusercontent.com/SAL-Wholesale/Images/main/32885_075725328852.jpg
32891_054800423392.jpg,https://raw.githubusercontent.com/SAL-Wholesale/Images/main/32891_054800423392.jpg
32895_075725328951.jpg,https://raw.githubusercontent.com/SAL-Wholesale/Images/main/32895_075725328951.jpg
32950_000068670111.jpg,https://raw.githubusercontent.com/SAL-Wholesale/Images/main/32950_000068670111.jpg
32951_051933329539.jpg,https://raw.githubusercontent.com/SAL-Wholesale/Images/main/32951_051933329539.jpg
32953_051933329546.jpg,https://raw.githubusercontent.com/SAL-Wholesale/Images/main/32953_051933329546.jpg
32954_051933329515.jpg,https://raw.githubusercontent.com/SAL-Wholesale/Images/main/32954_051933329515.jpg
32963_051933329638.jpg,https://raw.githubusercontent.com/SAL-Wholesale/Images/main/32963_051933329638.jpg
32964_051933329645.jpg,https://raw.githubusercontent.com/SAL-Wholesale/Images/main/32964_051933329645.jpg
32966_051933329669.jpg,https://raw.githubusercontent.com/SAL-Wholesale/Images/main/32966_051933329669.jpg
32967_051933329676.jpg,https://raw.githubusercontent.com/SAL-Wholesale/Images/main/32967_051933329676.jpg
32973_051933329737.jpg,https://raw.githubusercontent.com/SAL-Wholesale/Images/main/32973_051933329737.jpg
33060_074471101016.jpg,https://raw.githubusercontent.com/SAL-Wholesale/Images/main/33060_074471101016.jpg
33155_NOUPC.jpg,https://raw.githubusercontent.com/SAL-Wholesale/Images/main/33155_NOUPC.jpg
33185_051933354272.jpg,https://raw.githubusercontent.com/SAL-Wholesale/Images/main/33185_051933354272.jpg
33189_NOUPC.jpg,https://raw.githubusercontent.com/SAL-Wholesale/Images/main/33189_NOUPC.jpg
33206_NOUPC.jpg,https://raw.githubusercontent.com/SAL-Wholesale/Images/main/33206_NOUPC.jpg
33216_NOUPC.jpg,https://raw.githubusercontent.com/SAL-Wholesale/Images/main/33216_NOUPC.jpg
33225_027000500064.jpg,https://raw.githubusercontent.com/SAL-Wholesale/Images/main/33225_027000500064.jpg
33232_NOUPC.jpg,https://raw.githubusercontent.com/SAL-Wholesale/Images/main/33232_NOUPC.jpg
33301_NOUPC.jpg,https://raw.githubusercontent.com/SAL-Wholesale/Images/main/33301_NOUPC.jpg
33302_NOUPC.jpg,https://raw.githubusercontent.com/SAL-Wholesale/Images/main/33302_NOUPC.jpg
33303_NOUPC.jpg,https://raw.githubusercontent.com/SAL-Wholesale/Images/main/33303_NOUPC.jpg
33304_NOUPC.jpg,https://raw.githubusercontent.com/SAL-Wholesale/Images/main/33304_NOUPC.jpg
33308_NOUPC.jpg,https://raw.githubusercontent.com/SAL-Wholesale/Images/main/33308_NOUPC.jpg
33324_NOUPC.jpg,https://raw.githubusercontent.com/SAL-Wholesale/Images/main/33324_NOUPC.jpg
33329_051933333291.jpg,https://raw.githubusercontent.com/SAL-Wholesale/Images/main/33329_051933333291.jpg
33336_051933333369.jpg,https://raw.githubusercontent.com/SAL-Wholesale/Images/main/33336_051933333369.jpg
33341_030400222382.jpg,https://raw.githubusercontent.com/SAL-Wholesale/Images/main/33341_030400222382.jpg
33343_051933333437.jpg,https://raw.githubusercontent.com/SAL-Wholesale/Images/main/33343_051933333437.jpg
33344_051933333444.jpg,https://raw.githubusercontent.com/SAL-Wholesale/Images/main/33344_051933333444.jpg
33346_051933333468.jpg,https://raw.githubusercontent.com/SAL-Wholesale/Images/main/33346_051933333468.jpg
33347_051933333475.jpg,https://raw.githubusercontent.com/SAL-Wholesale/Images/main/33347_051933333475.jpg
33348_051933333482.jpg,https://raw.githubusercontent.com/SAL-Wholesale/Images/main/33348_051933333482.jpg
33349_051933333499.jpg,https://raw.githubusercontent.com/SAL-Wholesale/Images/main/33349_051933333499.jpg
33351_051933333512.jpg,https://raw.githubusercontent.com/SAL-Wholesale/Images/main/33351_051933333512.jpg
33352_051933333529.jpg,https://raw.githubusercontent.com/SAL-Wholesale/Images/main/33352_051933333529.jpg
33353_051933333536.jpg,https://raw.githubusercontent.com/SAL-Wholesale/Images/main/33353_051933333536.jpg
33381_051933333819.jpg,https://raw.githubusercontent.com/SAL-Wholesale/Images/main/33381_051933333819.jpg
33382_051933333826.jpg,https://raw.githubusercontent.com/SAL-Wholesale/Images/main/33382_051933333826.jpg
33383_NOUPC.jpg,https://raw.githubusercontent.com/SAL-Wholesale/Images/main/33383_NOUPC.jpg
33387_051933333871.jpg,https://raw.githubusercontent.com/SAL-Wholesale/Images/main/33387_051933333871.jpg
33388_051933333888.jpg,https://raw.githubusercontent.com/SAL-Wholesale/Images/main/33388_051933333888.jpg
33393_051933333932.jpg,https://raw.githubusercontent.com/SAL-Wholesale/Images/main/33393_051933333932.jpg
33410_070594100257.jpg,https://raw.githubusercontent.com/SAL-Wholesale/Images/main/33410_070594100257.jpg
33416_051933334168.jpg,https://raw.githubusercontent.com/SAL-Wholesale/Images/main/33416_051933334168.jpg
33457_051933334571.jpg,https://raw.githubusercontent.com/SAL-Wholesale/Images/main/33457_051933334571.jpg
33495_051933160507.jpg,https://raw.githubusercontent.com/SAL-Wholesale/Images/main/33495_051933160507.jpg
33515_051933335158.jpg,https://raw.githubusercontent.com/SAL-Wholesale/Images/main/33515_051933335158.jpg
33587_051933335875.jpg,https://raw.githubusercontent.com/SAL-Wholesale/Images/main/33587_051933335875.jpg
33590_072769241352.jpg,https://raw.githubusercontent.com/SAL-Wholesale/Images/main/33590_072769241352.jpg
33593_051933335936.jpg,https://raw.githubusercontent.com/SAL-Wholesale/Images/main/33593_051933335936.jpg
33594_051933335943.jpg,https://raw.githubusercontent.com/SAL-Wholesale/Images/main/33594_051933335943.jpg
33600_051933336001.jpg,https://raw.githubusercontent.com/SAL-Wholesale/Images/main/33600_051933336001.jpg
33606_051933336063.jpg,https://raw.githubusercontent.com/SAL-Wholesale/Images/main/33606_051933336063.jpg
33608_051933363793.jpg,https://raw.githubusercontent.com/SAL-Wholesale/Images/main/33608_051933363793.jpg
33609_051933336094.jpg,https://raw.githubusercontent.com/SAL-Wholesale/Images/main/33609_051933336094.jpg
33610_051933336100.jpg,https://raw.githubusercontent.com/SAL-Wholesale/Images/main/33610_051933336100.jpg
33611_051933336117.jpg,https://raw.githubusercontent.com/SAL-Wholesale/Images/main/33611_051933336117.jpg
33613_051933336131.jpg,https://raw.githubusercontent.com/SAL-Wholesale/Images/main/33613_051933336131.jpg
33614_051933336148.jpg,https://raw.githubusercontent.com/SAL-Wholesale/Images/main/33614_051933336148.jpg
33616_051933336162.jpg,https://raw.githubusercontent.com/SAL-Wholesale/Images/main/33616_051933336162.jpg
33617_051933336179.jpg,https://raw.githubusercontent.com/SAL-Wholesale/Images/main/33617_051933336179.jpg
33647_022000008985.jpg,https://raw.githubusercontent.com/SAL-Wholesale/Images/main/33647_022000008985.jpg
33652_051933336520.jpg,https://raw.githubusercontent.com/SAL-Wholesale/Images/main/33652_051933336520.jpg
33656_051933336568.jpg,https://raw.githubusercontent.com/SAL-Wholesale/Images/main/33656_051933336568.jpg
33657_022000006660.jpg,https://raw.githubusercontent.com/SAL-Wholesale/Images/main/33657_022000006660.jpg
33658_051933336582.jpg,https://raw.githubusercontent.com/SAL-Wholesale/Images/main/33658_051933336582.jpg
33659_051933336599.jpg,https://raw.githubusercontent.com/SAL-Wholesale/Images/main/33659_051933336599.jpg
33661_051933336612.jpg,https://raw.githubusercontent.com/SAL-Wholesale/Images/main/33661_051933336612.jpg
33662_NOUPC.jpg,https://raw.githubusercontent.com/SAL-Wholesale/Images/main/33662_NOUPC.jpg
33663_NOUPC.jpg,https://raw.githubusercontent.com/SAL-Wholesale/Images/main/33663_NOUPC.jpg
33686_051933336865.jpg,https://raw.githubusercontent.com/SAL-Wholesale/Images/main/33686_051933336865.jpg
33687_051933336872.jpg,https://raw.githubusercontent.com/SAL-Wholesale/Images/main/33687_051933336872.jpg
33705_051933337053.jpg,https://raw.githubusercontent.com/SAL-Wholesale/Images/main/33705_051933337053.jpg
33706_051933337060.jpg,https://raw.githubusercontent.com/SAL-Wholesale/Images/main/33706_051933337060.jpg
33707_051933337077.jpg,https://raw.githubusercontent.com/SAL-Wholesale/Images/main/33707_051933337077.jpg
33713_043000090275.jpg,https://raw.githubusercontent.com/SAL-Wholesale/Images/main/33713_043000090275.jpg
33714_043000032275.jpg,https://raw.githubusercontent.com/SAL-Wholesale/Images/main/33714_043000032275.jpg
33728_079100517411.png,https://raw.githubusercontent.com/SAL-Wholesale/Images/main/33728_079100517411.png
33731_091945678881.jpg,https://raw.githubusercontent.com/SAL-Wholesale/Images/main/33731_091945678881.jpg
33732_017800178280.jpg,https://raw.githubusercontent.com/SAL-Wholesale/Images/main/33732_017800178280.jpg
33743_051933337435.jpg,https://raw.githubusercontent.com/SAL-Wholesale/Images/main/33743_051933337435.jpg
33744_051933337442.jpg,https://raw.githubusercontent.com/SAL-Wholesale/Images/main/33744_051933337442.jpg
33772_NOUPC.jpg,https://raw.githubusercontent.com/SAL-Wholesale/Images/main/33772_NOUPC.jpg
33774_044276043170.png,https://raw.githubusercontent.com/SAL-Wholesale/Images/main/33774_044276043170.png
33776_NOUPC.jpg,https://raw.githubusercontent.com/SAL-Wholesale/Images/main/33776_NOUPC.jpg
33796_051933286702.jpg,https://raw.githubusercontent.com/SAL-Wholesale/Images/main/33796_051933286702.jpg
33814_051933338142.jpg,https://raw.githubusercontent.com/SAL-Wholesale/Images/main/33814_051933338142.jpg
33815_051933191006.jpg,https://raw.githubusercontent.com/SAL-Wholesale/Images/main/33815_051933191006.jpg
33834_051933181755.jpg,https://raw.githubusercontent.com/SAL-Wholesale/Images/main/33834_051933181755.jpg
33845_051933503571.jpg,https://raw.githubusercontent.com/SAL-Wholesale/Images/main/33845_051933503571.jpg
33875_000085725511.png,https://raw.githubusercontent.com/SAL-Wholesale/Images/main/33875_000085725511.png
33877_000085725511.png,https://raw.githubusercontent.com/SAL-Wholesale/Images/main/33877_000085725511.png
33883_000085725511.jpg,https://raw.githubusercontent.com/SAL-Wholesale/Images/main/33883_000085725511.jpg
33891_051933338913.jpg,https://raw.githubusercontent.com/SAL-Wholesale/Images/main/33891_051933338913.jpg
33892_051933338920.jpg,https://raw.githubusercontent.com/SAL-Wholesale/Images/main/33892_051933338920.jpg
338_051933500488.jpg,https://raw.githubusercontent.com/SAL-Wholesale/Images/main/338_051933500488.jpg
33902_000085725511.jpg,https://raw.githubusercontent.com/SAL-Wholesale/Images/main/33902_000085725511.jpg
33904_000085725511.jpg,https://raw.githubusercontent.com/SAL-Wholesale/Images/main/33904_000085725511.jpg
33905_000085725511.jpg,https://raw.githubusercontent.com/SAL-Wholesale/Images/main/33905_000085725511.jpg
33906_000085725511.jpg,https://raw.githubusercontent.com/SAL-Wholesale/Images/main/33906_000085725511.jpg
33907_000085725511.jpg,https://raw.githubusercontent.com/SAL-Wholesale/Images/main/33907_000085725511.jpg
33912_030800501896.jpg,https://raw.githubusercontent.com/SAL-Wholesale/Images/main/33912_030800501896.jpg
33916_000085725511.jpg,https://raw.githubusercontent.com/SAL-Wholesale/Images/main/33916_000085725511.jpg
33924_051933339248.jpg,https://raw.githubusercontent.com/SAL-Wholesale/Images/main/33924_051933339248.jpg
33930_051933339309.jpg,https://raw.githubusercontent.com/SAL-Wholesale/Images/main/33930_051933339309.jpg
33933_051933339330.jpg,https://raw.githubusercontent.com/SAL-Wholesale/Images/main/33933_051933339330.jpg
33934_051933339347.jpg,https://raw.githubusercontent.com/SAL-Wholesale/Images/main/33934_051933339347.jpg
33935_051933500204.jpg,https://raw.githubusercontent.com/SAL-Wholesale/Images/main/33935_051933500204.jpg
33938_076265003612.jpg,https://raw.githubusercontent.com/SAL-Wholesale/Images/main/33938_076265003612.jpg
33940_051933339408.jpg,https://raw.githubusercontent.com/SAL-Wholesale/Images/main/33940_051933339408.jpg
33947_051933170407.jpg,https://raw.githubusercontent.com/SAL-Wholesale/Images/main/33947_051933170407.jpg
33948_051933170308.jpg,https://raw.githubusercontent.com/SAL-Wholesale/Images/main/33948_051933170308.jpg
33952_076265003858.jpg,https://raw.githubusercontent.com/SAL-Wholesale/Images/main/33952_076265003858.jpg
33984_051933339842.jpg,https://raw.githubusercontent.com/SAL-Wholesale/Images/main/33984_051933339842.jpg
33993_051933339934.jpg,https://raw.githubusercontent.com/SAL-Wholesale/Images/main/33993_051933339934.jpg
3399_015000044992.jpg,https://raw.githubusercontent.com/SAL-Wholesale/Images/main/3399_015000044992.jpg
34006_051933340060.jpg,https://raw.githubusercontent.com/SAL-Wholesale/Images/main/34006_051933340060.jpg
34020_084545120409.jpg,https://raw.githubusercontent.com/SAL-Wholesale/Images/main/34020_084545120409.jpg
34021_051933340213.jpg,https://raw.githubusercontent.com/SAL-Wholesale/Images/main/34021_051933340213.jpg
34062_013300186015.jpg,https://raw.githubusercontent.com/SAL-Wholesale/Images/main/34062_013300186015.jpg
34086_051933340862.jpg,https://raw.githubusercontent.com/SAL-Wholesale/Images/main/34086_051933340862.jpg
34090_023545010952.png,https://raw.githubusercontent.com/SAL-Wholesale/Images/main/34090_023545010952.png
34091_051933340916.jpg,https://raw.githubusercontent.com/SAL-Wholesale/Images/main/34091_051933340916.jpg
34096_051933340961.jpg,https://raw.githubusercontent.com/SAL-Wholesale/Images/main/34096_051933340961.jpg
34097_051933340978.jpg,https://raw.githubusercontent.com/SAL-Wholesale/Images/main/34097_051933340978.jpg
34098_051933340985.jpg,https://raw.githubusercontent.com/SAL-Wholesale/Images/main/34098_051933340985.jpg
34113_NA.jpg,https://raw.githubusercontent.com/SAL-Wholesale/Images/main/34113_NA.jpg
34113_NOUPC.jpg,https://raw.githubusercontent.com/SAL-Wholesale/Images/main/34113_NOUPC.jpg
34122_051933341227.jpg,https://raw.githubusercontent.com/SAL-Wholesale/Images/main/34122_051933341227.jpg
34127_051933341272.jpg,https://raw.githubusercontent.com/SAL-Wholesale/Images/main/34127_051933341272.jpg
34142_051933652354.jpg,https://raw.githubusercontent.com/SAL-Wholesale/Images/main/34142_051933652354.jpg
34148_051933341487.jpg,https://raw.githubusercontent.com/SAL-Wholesale/Images/main/34148_051933341487.jpg
34149_051933341494.jpg,https://raw.githubusercontent.com/SAL-Wholesale/Images/main/34149_051933341494.jpg
34160_072878275552.jpg,https://raw.githubusercontent.com/SAL-Wholesale/Images/main/34160_072878275552.jpg
34162_051933341623.jpg,https://raw.githubusercontent.com/SAL-Wholesale/Images/main/34162_051933341623.jpg
34169_051933051607.jpg,https://raw.githubusercontent.com/SAL-Wholesale/Images/main/34169_051933051607.jpg
34171_051933051959.jpg,https://raw.githubusercontent.com/SAL-Wholesale/Images/main/34171_051933051959.jpg
34202_051933342026.jpg,https://raw.githubusercontent.com/SAL-Wholesale/Images/main/34202_051933342026.jpg
34204_051933342040.jpg,https://raw.githubusercontent.com/SAL-Wholesale/Images/main/34204_051933342040.jpg
34206_051933342064.jpg,https://raw.githubusercontent.com/SAL-Wholesale/Images/main/34206_051933342064.jpg
34233_051933342330.jpg,https://raw.githubusercontent.com/SAL-Wholesale/Images/main/34233_051933342330.jpg
34234_051933342347.jpg,https://raw.githubusercontent.com/SAL-Wholesale/Images/main/34234_051933342347.jpg
34236_051933342361.jpg,https://raw.githubusercontent.com/SAL-Wholesale/Images/main/34236_051933342361.jpg
34237_051933342378.jpg,https://raw.githubusercontent.com/SAL-Wholesale/Images/main/34237_051933342378.jpg
34242_000076026411.jpg,https://raw.githubusercontent.com/SAL-Wholesale/Images/main/34242_000076026411.jpg
34254_051933052468.jpg,https://raw.githubusercontent.com/SAL-Wholesale/Images/main/34254_051933052468.jpg
34256_051933342569.jpg,https://raw.githubusercontent.com/SAL-Wholesale/Images/main/34256_051933342569.jpg
34257_051933342576.jpg,https://raw.githubusercontent.com/SAL-Wholesale/Images/main/34257_051933342576.jpg
34259_051933342590.jpg,https://raw.githubusercontent.com/SAL-Wholesale/Images/main/34259_051933342590.jpg
34261_051933502536.jpg,https://raw.githubusercontent.com/SAL-Wholesale/Images/main/34261_051933502536.jpg
34263_051933342637.jpg,https://raw.githubusercontent.com/SAL-Wholesale/Images/main/34263_051933342637.jpg
34265_051933342651.jpg,https://raw.githubusercontent.com/SAL-Wholesale/Images/main/34265_051933342651.jpg
34266_000076026411.jpg,https://raw.githubusercontent.com/SAL-Wholesale/Images/main/34266_000076026411.jpg
34267_051933342675.jpg,https://raw.githubusercontent.com/SAL-Wholesale/Images/main/34267_051933342675.jpg
34275_051933503250.jpg,https://raw.githubusercontent.com/SAL-Wholesale/Images/main/34275_051933503250.jpg
34276_000076026411.jpg,https://raw.githubusercontent.com/SAL-Wholesale/Images/main/34276_000076026411.jpg
34277_000076026411.jpg,https://raw.githubusercontent.com/SAL-Wholesale/Images/main/34277_000076026411.jpg
34286_000076026411.jpg,https://raw.githubusercontent.com/SAL-Wholesale/Images/main/34286_000076026411.jpg
34287_000076026411.jpg,https://raw.githubusercontent.com/SAL-Wholesale/Images/main/34287_000076026411.jpg
34289_051933342897.jpg,https://raw.githubusercontent.com/SAL-Wholesale/Images/main/34289_051933342897.jpg
34298_051933500150.jpg,https://raw.githubusercontent.com/SAL-Wholesale/Images/main/34298_051933500150.jpg
34299_051933342996.jpg,https://raw.githubusercontent.com/SAL-Wholesale/Images/main/34299_051933342996.jpg
34309_051933503588.jpg,https://raw.githubusercontent.com/SAL-Wholesale/Images/main/34309_051933503588.jpg
34315_051933343153.jpg,https://raw.githubusercontent.com/SAL-Wholesale/Images/main/34315_051933343153.jpg
34316_051933343160.jpg,https://raw.githubusercontent.com/SAL-Wholesale/Images/main/34316_051933343160.jpg
34337_NOUPC.jpg,https://raw.githubusercontent.com/SAL-Wholesale/Images/main/34337_NOUPC.jpg
34338_051933343382.jpg,https://raw.githubusercontent.com/SAL-Wholesale/Images/main/34338_051933343382.jpg
34341_051933343412.jpg,https://raw.githubusercontent.com/SAL-Wholesale/Images/main/34341_051933343412.jpg
34344_051933343443.jpg,https://raw.githubusercontent.com/SAL-Wholesale/Images/main/34344_051933343443.jpg
34346_051933343467.jpg,https://raw.githubusercontent.com/SAL-Wholesale/Images/main/34346_051933343467.jpg
34369_051933343696.jpg,https://raw.githubusercontent.com/SAL-Wholesale/Images/main/34369_051933343696.jpg
34396_051933343962.jpg,https://raw.githubusercontent.com/SAL-Wholesale/Images/main/34396_051933343962.jpg
34413_051933344136.jpg,https://raw.githubusercontent.com/SAL-Wholesale/Images/main/34413_051933344136.jpg
34419_051933144644.jpg,https://raw.githubusercontent.com/SAL-Wholesale/Images/main/34419_051933144644.jpg
34423_051933344235.jpg,https://raw.githubusercontent.com/SAL-Wholesale/Images/main/34423_051933344235.jpg
34426_051933501317.jpg,https://raw.githubusercontent.com/SAL-Wholesale/Images/main/34426_051933501317.jpg
34427_072730273511.png,https://raw.githubusercontent.com/SAL-Wholesale/Images/main/34427_072730273511.png
34446_051933344464.jpg,https://raw.githubusercontent.com/SAL-Wholesale/Images/main/34446_051933344464.jpg
34448_051933344488.jpg,https://raw.githubusercontent.com/SAL-Wholesale/Images/main/34448_051933344488.jpg
34469_051933502390.jpg,https://raw.githubusercontent.com/SAL-Wholesale/Images/main/34469_051933502390.jpg
34471_000010045111.jpg,https://raw.githubusercontent.com/SAL-Wholesale/Images/main/34471_000010045111.jpg
34517_051933345171.jpg,https://raw.githubusercontent.com/SAL-Wholesale/Images/main/34517_051933345171.jpg
34519_051933345195.jpg,https://raw.githubusercontent.com/SAL-Wholesale/Images/main/34519_051933345195.jpg
34544_051933345447.jpg,https://raw.githubusercontent.com/SAL-Wholesale/Images/main/34544_051933345447.jpg
34546_051933541955.jpg,https://raw.githubusercontent.com/SAL-Wholesale/Images/main/34546_051933541955.jpg
34553_051933502444.jpg,https://raw.githubusercontent.com/SAL-Wholesale/Images/main/34553_051933502444.jpg
34583_NOUPC.jpg,https://raw.githubusercontent.com/SAL-Wholesale/Images/main/34583_NOUPC.jpg
34586_051933345867.jpg,https://raw.githubusercontent.com/SAL-Wholesale/Images/main/34586_051933345867.jpg
34587_051933345874.jpg,https://raw.githubusercontent.com/SAL-Wholesale/Images/main/34587_051933345874.jpg
34591_051933889903.jpg,https://raw.githubusercontent.com/SAL-Wholesale/Images/main/34591_051933889903.jpg
34592_051933434257.jpg,https://raw.githubusercontent.com/SAL-Wholesale/Images/main/34592_051933434257.jpg
34614_051933346147.jpg,https://raw.githubusercontent.com/SAL-Wholesale/Images/main/34614_051933346147.jpg
34618_051933346185.jpg,https://raw.githubusercontent.com/SAL-Wholesale/Images/main/34618_051933346185.jpg
34621_051933346215.jpg,https://raw.githubusercontent.com/SAL-Wholesale/Images/main/34621_051933346215.jpg
34622_051933346222.jpg,https://raw.githubusercontent.com/SAL-Wholesale/Images/main/34622_051933346222.jpg
34623_051933346239.jpg,https://raw.githubusercontent.com/SAL-Wholesale/Images/main/34623_051933346239.jpg
34624_051933346246.jpg,https://raw.githubusercontent.com/SAL-Wholesale/Images/main/34624_051933346246.jpg
34642_051933346420.jpg,https://raw.githubusercontent.com/SAL-Wholesale/Images/main/34642_051933346420.jpg
34649_051933346499.jpg,https://raw.githubusercontent.com/SAL-Wholesale/Images/main/34649_051933346499.jpg
34652_051933502871.jpg,https://raw.githubusercontent.com/SAL-Wholesale/Images/main/34652_051933502871.jpg
34699_051933346994.jpg,https://raw.githubusercontent.com/SAL-Wholesale/Images/main/34699_051933346994.jpg
34738_051933192300.jpg,https://raw.githubusercontent.com/SAL-Wholesale/Images/main/34738_051933192300.jpg
34739_051933260207.jpg,https://raw.githubusercontent.com/SAL-Wholesale/Images/main/34739_051933260207.jpg
34741_051933174405.jpg,https://raw.githubusercontent.com/SAL-Wholesale/Images/main/34741_051933174405.jpg
34744_051933182905.jpg,https://raw.githubusercontent.com/SAL-Wholesale/Images/main/34744_051933182905.jpg
3478_000000686711.jpg,https://raw.githubusercontent.com/SAL-Wholesale/Images/main/3478_000000686711.jpg
34797_051933347977.jpg,https://raw.githubusercontent.com/SAL-Wholesale/Images/main/34797_051933347977.jpg
34802_051933348028.jpg,https://raw.githubusercontent.com/SAL-Wholesale/Images/main/34802_051933348028.jpg
34809_051933503106.jpg,https://raw.githubusercontent.com/SAL-Wholesale/Images/main/34809_051933503106.jpg
34817_034000141104.jpg,https://raw.githubusercontent.com/SAL-Wholesale/Images/main/34817_034000141104.jpg
34823_051933502864.jpg,https://raw.githubusercontent.com/SAL-Wholesale/Images/main/34823_051933502864.jpg
34862_051933122802.jpg,https://raw.githubusercontent.com/SAL-Wholesale/Images/main/34862_051933122802.jpg
34867_051933522237.jpg,https://raw.githubusercontent.com/SAL-Wholesale/Images/main/34867_051933522237.jpg
34868_051933522213.jpg,https://raw.githubusercontent.com/SAL-Wholesale/Images/main/34868_051933522213.jpg
34872_051933503618.jpg,https://raw.githubusercontent.com/SAL-Wholesale/Images/main/34872_051933503618.jpg
34873_051933503625.jpg,https://raw.githubusercontent.com/SAL-Wholesale/Images/main/34873_051933503625.jpg
34874_051933503632.jpg,https://raw.githubusercontent.com/SAL-Wholesale/Images/main/34874_051933503632.jpg
34875_051933656376.jpg,https://raw.githubusercontent.com/SAL-Wholesale/Images/main/34875_051933656376.jpg
34876_051933656383.jpg,https://raw.githubusercontent.com/SAL-Wholesale/Images/main/34876_051933656383.jpg
34877_051933656390.jpg,https://raw.githubusercontent.com/SAL-Wholesale/Images/main/34877_051933656390.jpg
34878_051933656413.jpg,https://raw.githubusercontent.com/SAL-Wholesale/Images/main/34878_051933656413.jpg
34884_051933500976.jpg,https://raw.githubusercontent.com/SAL-Wholesale/Images/main/34884_051933500976.jpg
34887_051933348875.jpg,https://raw.githubusercontent.com/SAL-Wholesale/Images/main/34887_051933348875.jpg
34888_051933348882.jpg,https://raw.githubusercontent.com/SAL-Wholesale/Images/main/34888_051933348882.jpg
34889_051933348899.jpg,https://raw.githubusercontent.com/SAL-Wholesale/Images/main/34889_051933348899.jpg
34895_023545101650.png,https://raw.githubusercontent.com/SAL-Wholesale/Images/main/34895_023545101650.png
34909_051933502482.jpg,https://raw.githubusercontent.com/SAL-Wholesale/Images/main/34909_051933502482.jpg
34923_051933349230.jpg,https://raw.githubusercontent.com/SAL-Wholesale/Images/main/34923_051933349230.jpg
34947_051933349476.jpg,https://raw.githubusercontent.com/SAL-Wholesale/Images/main/34947_051933349476.jpg
3494_030000041703.jpg,https://raw.githubusercontent.com/SAL-Wholesale/Images/main/3494_030000041703.jpg
35015_023545002834.png,https://raw.githubusercontent.com/SAL-Wholesale/Images/main/35015_023545002834.png
35032_051933350328.jpg,https://raw.githubusercontent.com/SAL-Wholesale/Images/main/35032_051933350328.jpg
35036_051933350366.jpg,https://raw.githubusercontent.com/SAL-Wholesale/Images/main/35036_051933350366.jpg
3504_027331007089.jpg,https://raw.githubusercontent.com/SAL-Wholesale/Images/main/3504_027331007089.jpg
3505_027331000592.jpg,https://raw.githubusercontent.com/SAL-Wholesale/Images/main/3505_027331000592.jpg
35076_051933339590.jpg,https://raw.githubusercontent.com/SAL-Wholesale/Images/main/35076_051933339590.jpg
35110_019000083425.jpg,https://raw.githubusercontent.com/SAL-Wholesale/Images/main/35110_019000083425.jpg
35170_041789001437.jpg,https://raw.githubusercontent.com/SAL-Wholesale/Images/main/35170_041789001437.jpg
35175_041789001154.jpg,https://raw.githubusercontent.com/SAL-Wholesale/Images/main/35175_041789001154.jpg
35204_051933500273.jpg,https://raw.githubusercontent.com/SAL-Wholesale/Images/main/35204_051933500273.jpg
35207_051933500259.jpg,https://raw.githubusercontent.com/SAL-Wholesale/Images/main/35207_051933500259.jpg
35219_051933501553.jpg,https://raw.githubusercontent.com/SAL-Wholesale/Images/main/35219_051933501553.jpg
35228_051933352285.jpg,https://raw.githubusercontent.com/SAL-Wholesale/Images/main/35228_051933352285.jpg
35232_040000497547.jpg,https://raw.githubusercontent.com/SAL-Wholesale/Images/main/35232_040000497547.jpg
35291_051933544260.jpg,https://raw.githubusercontent.com/SAL-Wholesale/Images/main/35291_051933544260.jpg
35326_051933353268.jpg,https://raw.githubusercontent.com/SAL-Wholesale/Images/main/35326_051933353268.jpg
35334_NOUPC.jpg,https://raw.githubusercontent.com/SAL-Wholesale/Images/main/35334_NOUPC.jpg
35356_051933353565.jpg,https://raw.githubusercontent.com/SAL-Wholesale/Images/main/35356_051933353565.jpg
35365_036632026002.jpg,https://raw.githubusercontent.com/SAL-Wholesale/Images/main/35365_036632026002.jpg
35426_051933354265.jpg,https://raw.githubusercontent.com/SAL-Wholesale/Images/main/35426_051933354265.jpg
35444_051933500624.jpg,https://raw.githubusercontent.com/SAL-Wholesale/Images/main/35444_051933500624.jpg
35448_051933500990.jpg,https://raw.githubusercontent.com/SAL-Wholesale/Images/main/35448_051933500990.jpg
35457_051933041103.jpg,https://raw.githubusercontent.com/SAL-Wholesale/Images/main/35457_051933041103.jpg
35464_051933354647.jpg,https://raw.githubusercontent.com/SAL-Wholesale/Images/main/35464_051933354647.jpg
35482_051933354821.jpg,https://raw.githubusercontent.com/SAL-Wholesale/Images/main/35482_051933354821.jpg
35504_051933350373.jpg,https://raw.githubusercontent.com/SAL-Wholesale/Images/main/35504_051933350373.jpg
35513_051933355132.jpg,https://raw.githubusercontent.com/SAL-Wholesale/Images/main/35513_051933355132.jpg
35545_000088949711.jpg,https://raw.githubusercontent.com/SAL-Wholesale/Images/main/35545_000088949711.jpg
35555_000088949711.png,https://raw.githubusercontent.com/SAL-Wholesale/Images/main/35555_000088949711.png
35617_051933356177.jpg,https://raw.githubusercontent.com/SAL-Wholesale/Images/main/35617_051933356177.jpg
35619_051933356191.jpg,https://raw.githubusercontent.com/SAL-Wholesale/Images/main/35619_051933356191.jpg
35622_051933356221.jpg,https://raw.githubusercontent.com/SAL-Wholesale/Images/main/35622_051933356221.jpg
35636_051933356368.jpg,https://raw.githubusercontent.com/SAL-Wholesale/Images/main/35636_051933356368.jpg
35637_051933356375.jpg,https://raw.githubusercontent.com/SAL-Wholesale/Images/main/35637_051933356375.jpg
35640_051933356405.jpg,https://raw.githubusercontent.com/SAL-Wholesale/Images/main/35640_051933356405.jpg
35651_051933356511.jpg,https://raw.githubusercontent.com/SAL-Wholesale/Images/main/35651_051933356511.jpg
35666_051933356665.jpg,https://raw.githubusercontent.com/SAL-Wholesale/Images/main/35666_051933356665.jpg
35691_NOUPC.jpg,https://raw.githubusercontent.com/SAL-Wholesale/Images/main/35691_NOUPC.jpg
35731_051933357310.jpg,https://raw.githubusercontent.com/SAL-Wholesale/Images/main/35731_051933357310.jpg
35732_051933357327.jpg,https://raw.githubusercontent.com/SAL-Wholesale/Images/main/35732_051933357327.jpg
35759_051933111004.jpg,https://raw.githubusercontent.com/SAL-Wholesale/Images/main/35759_051933111004.jpg
35782_051933357822.jpg,https://raw.githubusercontent.com/SAL-Wholesale/Images/main/35782_051933357822.jpg
35784_051933357846.jpg,https://raw.githubusercontent.com/SAL-Wholesale/Images/main/35784_051933357846.jpg
35786_051933357860.jpg,https://raw.githubusercontent.com/SAL-Wholesale/Images/main/35786_051933357860.jpg
35787_051933357877.jpg,https://raw.githubusercontent.com/SAL-Wholesale/Images/main/35787_051933357877.jpg
35792_051933357921.jpg,https://raw.githubusercontent.com/SAL-Wholesale/Images/main/35792_051933357921.jpg
35828_051933358287.jpg,https://raw.githubusercontent.com/SAL-Wholesale/Images/main/35828_051933358287.jpg
35830_079426211109.jpg,https://raw.githubusercontent.com/SAL-Wholesale/Images/main/35830_079426211109.jpg
35866_051933357990.jpg,https://raw.githubusercontent.com/SAL-Wholesale/Images/main/35866_051933357990.jpg
35867_051933358676.jpg,https://raw.githubusercontent.com/SAL-Wholesale/Images/main/35867_051933358676.jpg
35877_051933358775.jpg,https://raw.githubusercontent.com/SAL-Wholesale/Images/main/35877_051933358775.jpg
35878_051933358782.jpg,https://raw.githubusercontent.com/SAL-Wholesale/Images/main/35878_051933358782.jpg
35879_051933358799.jpg,https://raw.githubusercontent.com/SAL-Wholesale/Images/main/35879_051933358799.jpg
35881_051933358812.jpg,https://raw.githubusercontent.com/SAL-Wholesale/Images/main/35881_051933358812.jpg
35882_051933358829.jpg,https://raw.githubusercontent.com/SAL-Wholesale/Images/main/35882_051933358829.jpg
35885_051933358850.jpg,https://raw.githubusercontent.com/SAL-Wholesale/Images/main/35885_051933358850.jpg
35886_051933358867.jpg,https://raw.githubusercontent.com/SAL-Wholesale/Images/main/35886_051933358867.jpg
35887_051933358874.jpg,https://raw.githubusercontent.com/SAL-Wholesale/Images/main/35887_051933358874.jpg
35895_051933358959.jpg,https://raw.githubusercontent.com/SAL-Wholesale/Images/main/35895_051933358959.jpg
35898_051933358980.jpg,https://raw.githubusercontent.com/SAL-Wholesale/Images/main/35898_051933358980.jpg
35904_051933359048.jpg,https://raw.githubusercontent.com/SAL-Wholesale/Images/main/35904_051933359048.jpg
35907_051933359079.jpg,https://raw.githubusercontent.com/SAL-Wholesale/Images/main/35907_051933359079.jpg
35928_051933359284.jpg,https://raw.githubusercontent.com/SAL-Wholesale/Images/main/35928_051933359284.jpg
35979_051933359796.jpg,https://raw.githubusercontent.com/SAL-Wholesale/Images/main/35979_051933359796.jpg
35995_051933359956.jpg,https://raw.githubusercontent.com/SAL-Wholesale/Images/main/35995_051933359956.jpg
36017_051933360174.jpg,https://raw.githubusercontent.com/SAL-Wholesale/Images/main/36017_051933360174.jpg
36019_051933360198.jpg,https://raw.githubusercontent.com/SAL-Wholesale/Images/main/36019_051933360198.jpg
36021_051933360211.jpg,https://raw.githubusercontent.com/SAL-Wholesale/Images/main/36021_051933360211.jpg
36053_051933360532.jpg,https://raw.githubusercontent.com/SAL-Wholesale/Images/main/36053_051933360532.jpg
36054_051933360549.jpg,https://raw.githubusercontent.com/SAL-Wholesale/Images/main/36054_051933360549.jpg
36059_051933959880.jpg,https://raw.githubusercontent.com/SAL-Wholesale/Images/main/36059_051933959880.jpg
36071_051933360716.jpg,https://raw.githubusercontent.com/SAL-Wholesale/Images/main/36071_051933360716.jpg
36078_051933360785.jpg,https://raw.githubusercontent.com/SAL-Wholesale/Images/main/36078_051933360785.jpg
36081_051933360815.jpg,https://raw.githubusercontent.com/SAL-Wholesale/Images/main/36081_051933360815.jpg
36083_051933360839.jpg,https://raw.githubusercontent.com/SAL-Wholesale/Images/main/36083_051933360839.jpg
36084_051933360846.jpg,https://raw.githubusercontent.com/SAL-Wholesale/Images/main/36084_051933360846.jpg
36091_051933360914.jpg,https://raw.githubusercontent.com/SAL-Wholesale/Images/main/36091_051933360914.jpg
36093_051933360938.jpg,https://raw.githubusercontent.com/SAL-Wholesale/Images/main/36093_051933360938.jpg
36094_051933360945.jpg,https://raw.githubusercontent.com/SAL-Wholesale/Images/main/36094_051933360945.jpg
36097_051933360976.jpg,https://raw.githubusercontent.com/SAL-Wholesale/Images/main/36097_051933360976.jpg
36107_051933361072.jpg,https://raw.githubusercontent.com/SAL-Wholesale/Images/main/36107_051933361072.jpg
36123_051933361232.jpg,https://raw.githubusercontent.com/SAL-Wholesale/Images/main/36123_051933361232.jpg
36133_051933361331.jpg,https://raw.githubusercontent.com/SAL-Wholesale/Images/main/36133_051933361331.jpg
36136_051933361362.jpg,https://raw.githubusercontent.com/SAL-Wholesale/Images/main/36136_051933361362.jpg
36137_051933361379.jpg,https://raw.githubusercontent.com/SAL-Wholesale/Images/main/36137_051933361379.jpg
36142_051933361423.jpg,https://raw.githubusercontent.com/SAL-Wholesale/Images/main/36142_051933361423.jpg
36147_051933361478.jpg,https://raw.githubusercontent.com/SAL-Wholesale/Images/main/36147_051933361478.jpg
36151_051933361515.jpg,https://raw.githubusercontent.com/SAL-Wholesale/Images/main/36151_051933361515.jpg
36152_051933361522.jpg,https://raw.githubusercontent.com/SAL-Wholesale/Images/main/36152_051933361522.jpg
36155_051933361553.jpg,https://raw.githubusercontent.com/SAL-Wholesale/Images/main/36155_051933361553.jpg
36188_051933361881.jpg,https://raw.githubusercontent.com/SAL-Wholesale/Images/main/36188_051933361881.jpg
36208_051933362086.jpg,https://raw.githubusercontent.com/SAL-Wholesale/Images/main/36208_051933362086.jpg
36212_051933362123.jpg,https://raw.githubusercontent.com/SAL-Wholesale/Images/main/36212_051933362123.jpg
36216_051933362161.jpg,https://raw.githubusercontent.com/SAL-Wholesale/Images/main/36216_051933362161.jpg
36217_051933362178.jpg,https://raw.githubusercontent.com/SAL-Wholesale/Images/main/36217_051933362178.jpg
36222_051933362222.jpg,https://raw.githubusercontent.com/SAL-Wholesale/Images/main/36222_051933362222.jpg
36223_051933362239.jpg,https://raw.githubusercontent.com/SAL-Wholesale/Images/main/36223_051933362239.jpg
36224_051933362246.jpg,https://raw.githubusercontent.com/SAL-Wholesale/Images/main/36224_051933362246.jpg
36226_051933362260.jpg,https://raw.githubusercontent.com/SAL-Wholesale/Images/main/36226_051933362260.jpg
36227_051933362277.jpg,https://raw.githubusercontent.com/SAL-Wholesale/Images/main/36227_051933362277.jpg
36249_051933362499.jpg,https://raw.githubusercontent.com/SAL-Wholesale/Images/main/36249_051933362499.jpg
36251_051933362512.jpg,https://raw.githubusercontent.com/SAL-Wholesale/Images/main/36251_051933362512.jpg
36253_051933362536.jpg,https://raw.githubusercontent.com/SAL-Wholesale/Images/main/36253_051933362536.jpg
36259_051933362598.jpg,https://raw.githubusercontent.com/SAL-Wholesale/Images/main/36259_051933362598.jpg
36278_000079321711.jpg,https://raw.githubusercontent.com/SAL-Wholesale/Images/main/36278_000079321711.jpg
36279_000079321711.png,https://raw.githubusercontent.com/SAL-Wholesale/Images/main/36279_000079321711.png
36288_051933362888.jpg,https://raw.githubusercontent.com/SAL-Wholesale/Images/main/36288_051933362888.jpg
36300_051933363007.jpg,https://raw.githubusercontent.com/SAL-Wholesale/Images/main/36300_051933363007.jpg
36301_051933363014.jpg,https://raw.githubusercontent.com/SAL-Wholesale/Images/main/36301_051933363014.jpg
36303_051933363038.jpg,https://raw.githubusercontent.com/SAL-Wholesale/Images/main/36303_051933363038.jpg
36304_051933363045.jpg,https://raw.githubusercontent.com/SAL-Wholesale/Images/main/36304_051933363045.jpg
36307_051933363076.jpg,https://raw.githubusercontent.com/SAL-Wholesale/Images/main/36307_051933363076.jpg
36319_051933363199.jpg,https://raw.githubusercontent.com/SAL-Wholesale/Images/main/36319_051933363199.jpg
36335_NOUPC.jpg,https://raw.githubusercontent.com/SAL-Wholesale/Images/main/36335_NOUPC.jpg
36357_051933363571.jpg,https://raw.githubusercontent.com/SAL-Wholesale/Images/main/36357_051933363571.jpg
36359_051933363595.jpg,https://raw.githubusercontent.com/SAL-Wholesale/Images/main/36359_051933363595.jpg
36399_051933363991.jpg,https://raw.githubusercontent.com/SAL-Wholesale/Images/main/36399_051933363991.jpg
36404_051933364042.jpg,https://raw.githubusercontent.com/SAL-Wholesale/Images/main/36404_051933364042.jpg
36417_010700808226.png,https://raw.githubusercontent.com/SAL-Wholesale/Images/main/36417_010700808226.png
36421_051933364219.jpg,https://raw.githubusercontent.com/SAL-Wholesale/Images/main/36421_051933364219.jpg
36422_051933364226.jpg,https://raw.githubusercontent.com/SAL-Wholesale/Images/main/36422_051933364226.jpg
36423_051933364233.jpg,https://raw.githubusercontent.com/SAL-Wholesale/Images/main/36423_051933364233.jpg
36426_051933364264.jpg,https://raw.githubusercontent.com/SAL-Wholesale/Images/main/36426_051933364264.jpg
36437_040000000518.png,https://raw.githubusercontent.com/SAL-Wholesale/Images/main/36437_040000000518.png
36443_051933364431.jpg,https://raw.githubusercontent.com/SAL-Wholesale/Images/main/36443_051933364431.jpg
36447_040000001607.jpg,https://raw.githubusercontent.com/SAL-Wholesale/Images/main/36447_040000001607.jpg
36460_048001715059.png,https://raw.githubusercontent.com/SAL-Wholesale/Images/main/36460_048001715059.png
36477_040000000327.jpg,https://raw.githubusercontent.com/SAL-Wholesale/Images/main/36477_040000000327.jpg
36480_048001715042.png,https://raw.githubusercontent.com/SAL-Wholesale/Images/main/36480_048001715042.png
36484_051933051553.jpg,https://raw.githubusercontent.com/SAL-Wholesale/Images/main/36484_051933051553.jpg
36492_075669100118.png,https://raw.githubusercontent.com/SAL-Wholesale/Images/main/36492_075669100118.png
36495_051933364950.jpg,https://raw.githubusercontent.com/SAL-Wholesale/Images/main/36495_051933364950.jpg
36496_051933364967.jpg,https://raw.githubusercontent.com/SAL-Wholesale/Images/main/36496_051933364967.jpg
36498_051933364981.jpg,https://raw.githubusercontent.com/SAL-Wholesale/Images/main/36498_051933364981.jpg
36515_051933315952.jpg,https://raw.githubusercontent.com/SAL-Wholesale/Images/main/36515_051933315952.jpg
36516_051933121522.jpg,https://raw.githubusercontent.com/SAL-Wholesale/Images/main/36516_051933121522.jpg
36518_051933468429.jpg,https://raw.githubusercontent.com/SAL-Wholesale/Images/main/36518_051933468429.jpg
36521_051933365216.jpg,https://raw.githubusercontent.com/SAL-Wholesale/Images/main/36521_051933365216.jpg
36524_051933355644.jpg,https://raw.githubusercontent.com/SAL-Wholesale/Images/main/36524_051933355644.jpg
36525_051933355590.jpg,https://raw.githubusercontent.com/SAL-Wholesale/Images/main/36525_051933355590.jpg
36526_051933355583.jpg,https://raw.githubusercontent.com/SAL-Wholesale/Images/main/36526_051933355583.jpg
36527_034000002399.jpg,https://raw.githubusercontent.com/SAL-Wholesale/Images/main/36527_034000002399.jpg
36528_051933355613.jpg,https://raw.githubusercontent.com/SAL-Wholesale/Images/main/36528_051933355613.jpg
36529_051933355637.jpg,https://raw.githubusercontent.com/SAL-Wholesale/Images/main/36529_051933355637.jpg
36532_051933355668.jpg,https://raw.githubusercontent.com/SAL-Wholesale/Images/main/36532_051933355668.jpg
36537_034000005376.jpg,https://raw.githubusercontent.com/SAL-Wholesale/Images/main/36537_034000005376.jpg
36552_051933365520.jpg,https://raw.githubusercontent.com/SAL-Wholesale/Images/main/36552_051933365520.jpg
36557_034000002412.jpg,https://raw.githubusercontent.com/SAL-Wholesale/Images/main/36557_034000002412.jpg
36576_051933365766.jpg,https://raw.githubusercontent.com/SAL-Wholesale/Images/main/36576_051933365766.jpg
36577_034000002467.jpg,https://raw.githubusercontent.com/SAL-Wholesale/Images/main/36577_034000002467.jpg
36578_051933365780.jpg,https://raw.githubusercontent.com/SAL-Wholesale/Images/main/36578_051933365780.jpg
36579_051933365797.jpg,https://raw.githubusercontent.com/SAL-Wholesale/Images/main/36579_051933365797.jpg
36584_051933365841.jpg,https://raw.githubusercontent.com/SAL-Wholesale/Images/main/36584_051933365841.jpg
36585_051933365858.jpg,https://raw.githubusercontent.com/SAL-Wholesale/Images/main/36585_051933365858.jpg
36586_051933365865.jpg,https://raw.githubusercontent.com/SAL-Wholesale/Images/main/36586_051933365865.jpg
36587_034000004409.jpg,https://raw.githubusercontent.com/SAL-Wholesale/Images/main/36587_034000004409.jpg
36588_051933365889.jpg,https://raw.githubusercontent.com/SAL-Wholesale/Images/main/36588_051933365889.jpg
36593_051933365933.jpg,https://raw.githubusercontent.com/SAL-Wholesale/Images/main/36593_051933365933.jpg
36597_051933356580.jpg,https://raw.githubusercontent.com/SAL-Wholesale/Images/main/36597_051933356580.jpg
36598_051933369580.jpg,https://raw.githubusercontent.com/SAL-Wholesale/Images/main/36598_051933369580.jpg
36602_051933366022.jpg,https://raw.githubusercontent.com/SAL-Wholesale/Images/main/36602_051933366022.jpg
36609_051933366091.jpg,https://raw.githubusercontent.com/SAL-Wholesale/Images/main/36609_051933366091.jpg
36612_051933366121.jpg,https://raw.githubusercontent.com/SAL-Wholesale/Images/main/36612_051933366121.jpg
36613_051933366138.jpg,https://raw.githubusercontent.com/SAL-Wholesale/Images/main/36613_051933366138.jpg
36614_051933366145.jpg,https://raw.githubusercontent.com/SAL-Wholesale/Images/main/36614_051933366145.jpg
36615_051933366152.jpg,https://raw.githubusercontent.com/SAL-Wholesale/Images/main/36615_051933366152.jpg
36616_051933366169.jpg,https://raw.githubusercontent.com/SAL-Wholesale/Images/main/36616_051933366169.jpg
36617_040000353911.png,https://raw.githubusercontent.com/SAL-Wholesale/Images/main/36617_040000353911.png
36618_051933366183.jpg,https://raw.githubusercontent.com/SAL-Wholesale/Images/main/36618_051933366183.jpg
36622_051933366220.jpg,https://raw.githubusercontent.com/SAL-Wholesale/Images/main/36622_051933366220.jpg
36633_051933366336.jpg,https://raw.githubusercontent.com/SAL-Wholesale/Images/main/36633_051933366336.jpg
36643_051933362079.jpg,https://raw.githubusercontent.com/SAL-Wholesale/Images/main/36643_051933362079.jpg
36644_051933362130.jpg,https://raw.githubusercontent.com/SAL-Wholesale/Images/main/36644_051933362130.jpg
36645_051933362093.jpg,https://raw.githubusercontent.com/SAL-Wholesale/Images/main/36645_051933362093.jpg
36646_051933362116.jpg,https://raw.githubusercontent.com/SAL-Wholesale/Images/main/36646_051933362116.jpg
36649_051933366497.jpg,https://raw.githubusercontent.com/SAL-Wholesale/Images/main/36649_051933366497.jpg
3664_070800822539.jpg,https://raw.githubusercontent.com/SAL-Wholesale/Images/main/3664_070800822539.jpg
36652_051933106406.jpg,https://raw.githubusercontent.com/SAL-Wholesale/Images/main/36652_051933106406.jpg
36654_051933106307.jpg,https://raw.githubusercontent.com/SAL-Wholesale/Images/main/36654_051933106307.jpg
36655_051933410954.jpg,https://raw.githubusercontent.com/SAL-Wholesale/Images/main/36655_051933410954.jpg
36656_051933164420.jpg,https://raw.githubusercontent.com/SAL-Wholesale/Images/main/36656_051933164420.jpg
36657_022000004840.jpg,https://raw.githubusercontent.com/SAL-Wholesale/Images/main/36657_022000004840.jpg
3665_070800822478.jpg,https://raw.githubusercontent.com/SAL-Wholesale/Images/main/3665_070800822478.jpg
36663_051933353343.jpg,https://raw.githubusercontent.com/SAL-Wholesale/Images/main/36663_051933353343.jpg
36666_051933366664.jpg,https://raw.githubusercontent.com/SAL-Wholesale/Images/main/36666_051933366664.jpg
36667_022000004864.jpg,https://raw.githubusercontent.com/SAL-Wholesale/Images/main/36667_022000004864.jpg
36668_051933366688.jpg,https://raw.githubusercontent.com/SAL-Wholesale/Images/main/36668_051933366688.jpg
36671_051933366718.jpg,https://raw.githubusercontent.com/SAL-Wholesale/Images/main/36671_051933366718.jpg
36694_051933366947.jpg,https://raw.githubusercontent.com/SAL-Wholesale/Images/main/36694_051933366947.jpg
36738_051933367388.jpg,https://raw.githubusercontent.com/SAL-Wholesale/Images/main/36738_051933367388.jpg
36739_051933367395.jpg,https://raw.githubusercontent.com/SAL-Wholesale/Images/main/36739_051933367395.jpg
36744_051933367449.jpg,https://raw.githubusercontent.com/SAL-Wholesale/Images/main/36744_051933367449.jpg
36751_051933051485.jpg,https://raw.githubusercontent.com/SAL-Wholesale/Images/main/36751_051933051485.jpg
36752_051933367524.jpg,https://raw.githubusercontent.com/SAL-Wholesale/Images/main/36752_051933367524.jpg
36756_051933367562.jpg,https://raw.githubusercontent.com/SAL-Wholesale/Images/main/36756_051933367562.jpg
36762_051933367623.jpg,https://raw.githubusercontent.com/SAL-Wholesale/Images/main/36762_051933367623.jpg
36797_041116005954.jpg,https://raw.githubusercontent.com/SAL-Wholesale/Images/main/36797_041116005954.jpg
36799_051933367999.jpg,https://raw.githubusercontent.com/SAL-Wholesale/Images/main/36799_051933367999.jpg
36800_075669102280.png,https://raw.githubusercontent.com/SAL-Wholesale/Images/main/36800_075669102280.png
36830_075669101986.jpg,https://raw.githubusercontent.com/SAL-Wholesale/Images/main/36830_075669101986.jpg
36836_051933368361.jpg,https://raw.githubusercontent.com/SAL-Wholesale/Images/main/36836_051933368361.jpg
36837_051933368378.jpg,https://raw.githubusercontent.com/SAL-Wholesale/Images/main/36837_051933368378.jpg
36871_051933368712.jpg,https://raw.githubusercontent.com/SAL-Wholesale/Images/main/36871_051933368712.jpg
36873_051933368736.jpg,https://raw.githubusercontent.com/SAL-Wholesale/Images/main/36873_051933368736.jpg
36874_051933368743.jpg,https://raw.githubusercontent.com/SAL-Wholesale/Images/main/36874_051933368743.jpg
36877_051933368774.jpg,https://raw.githubusercontent.com/SAL-Wholesale/Images/main/36877_051933368774.jpg
36878_051933368781.jpg,https://raw.githubusercontent.com/SAL-Wholesale/Images/main/36878_051933368781.jpg
36879_051933368798.jpg,https://raw.githubusercontent.com/SAL-Wholesale/Images/main/36879_051933368798.jpg
36880_051933368804.jpg,https://raw.githubusercontent.com/SAL-Wholesale/Images/main/36880_051933368804.jpg
36886_051933368866.jpg,https://raw.githubusercontent.com/SAL-Wholesale/Images/main/36886_051933368866.jpg
36888_051933368880.jpg,https://raw.githubusercontent.com/SAL-Wholesale/Images/main/36888_051933368880.jpg
36914_051933369146.jpg,https://raw.githubusercontent.com/SAL-Wholesale/Images/main/36914_051933369146.jpg
36926_051933369269.jpg,https://raw.githubusercontent.com/SAL-Wholesale/Images/main/36926_051933369269.jpg
36929_051933369290.jpg,https://raw.githubusercontent.com/SAL-Wholesale/Images/main/36929_051933369290.jpg
36930_071845098378.jpg,https://raw.githubusercontent.com/SAL-Wholesale/Images/main/36930_071845098378.jpg
36931_051933369313.jpg,https://raw.githubusercontent.com/SAL-Wholesale/Images/main/36931_051933369313.jpg
36932_023545010136.jpg,https://raw.githubusercontent.com/SAL-Wholesale/Images/main/36932_023545010136.jpg
36933_051933369337.jpg,https://raw.githubusercontent.com/SAL-Wholesale/Images/main/36933_051933369337.jpg
36934_051933369344.jpg,https://raw.githubusercontent.com/SAL-Wholesale/Images/main/36934_051933369344.jpg
36939_051933369399.jpg,https://raw.githubusercontent.com/SAL-Wholesale/Images/main/36939_051933369399.jpg
36951_051933369511.jpg,https://raw.githubusercontent.com/SAL-Wholesale/Images/main/36951_051933369511.jpg
36952_051933369528.jpg,https://raw.githubusercontent.com/SAL-Wholesale/Images/main/36952_051933369528.jpg
36957_051933369573.jpg,https://raw.githubusercontent.com/SAL-Wholesale/Images/main/36957_051933369573.jpg
37043_051933657243.jpg,https://raw.githubusercontent.com/SAL-Wholesale/Images/main/37043_051933657243.jpg
37058_051933370586.jpg,https://raw.githubusercontent.com/SAL-Wholesale/Images/main/37058_051933370586.jpg
37059_051933370593.jpg,https://raw.githubusercontent.com/SAL-Wholesale/Images/main/37059_051933370593.jpg
37061_051933370616.jpg,https://raw.githubusercontent.com/SAL-Wholesale/Images/main/37061_051933370616.jpg
37067_051933370678.jpg,https://raw.githubusercontent.com/SAL-Wholesale/Images/main/37067_051933370678.jpg
37068_051933370685.jpg,https://raw.githubusercontent.com/SAL-Wholesale/Images/main/37068_051933370685.jpg
37069_051933370692.jpg,https://raw.githubusercontent.com/SAL-Wholesale/Images/main/37069_051933370692.jpg
37075_064144047093.jpg,https://raw.githubusercontent.com/SAL-Wholesale/Images/main/37075_064144047093.jpg
37081_051933501508.jpg,https://raw.githubusercontent.com/SAL-Wholesale/Images/main/37081_051933501508.jpg
37085_064144047178.jpg,https://raw.githubusercontent.com/SAL-Wholesale/Images/main/37085_064144047178.jpg
37088_051933370883.jpg,https://raw.githubusercontent.com/SAL-Wholesale/Images/main/37088_051933370883.jpg
37089_051933370890.jpg,https://raw.githubusercontent.com/SAL-Wholesale/Images/main/37089_051933370890.jpg
37090_051933503397.jpg,https://raw.githubusercontent.com/SAL-Wholesale/Images/main/37090_051933503397.jpg
37092_051933370920.jpg,https://raw.githubusercontent.com/SAL-Wholesale/Images/main/37092_051933370920.jpg
37099_051933370999.jpg,https://raw.githubusercontent.com/SAL-Wholesale/Images/main/37099_051933370999.jpg
37101_051933371019.jpg,https://raw.githubusercontent.com/SAL-Wholesale/Images/main/37101_051933371019.jpg
37103_051933371033.jpg,https://raw.githubusercontent.com/SAL-Wholesale/Images/main/37103_051933371033.jpg
37126_051933371262.jpg,https://raw.githubusercontent.com/SAL-Wholesale/Images/main/37126_051933371262.jpg
37138_051933053601.jpg,https://raw.githubusercontent.com/SAL-Wholesale/Images/main/37138_051933053601.jpg
37156_051933371569.jpg,https://raw.githubusercontent.com/SAL-Wholesale/Images/main/37156_051933371569.jpg
37157_051933371576.jpg,https://raw.githubusercontent.com/SAL-Wholesale/Images/main/37157_051933371576.jpg
37158_051933371583.jpg,https://raw.githubusercontent.com/SAL-Wholesale/Images/main/37158_051933371583.jpg
37159_051933371590.jpg,https://raw.githubusercontent.com/SAL-Wholesale/Images/main/37159_051933371590.jpg
37166_015000912147.png,https://raw.githubusercontent.com/SAL-Wholesale/Images/main/37166_015000912147.png
37167_015000912123.png,https://raw.githubusercontent.com/SAL-Wholesale/Images/main/37167_015000912123.png
37168_015000912178.jpg,https://raw.githubusercontent.com/SAL-Wholesale/Images/main/37168_015000912178.jpg
37174_051933371743.jpg,https://raw.githubusercontent.com/SAL-Wholesale/Images/main/37174_051933371743.jpg
37211_051933372115.jpg,https://raw.githubusercontent.com/SAL-Wholesale/Images/main/37211_051933372115.jpg
37213_051933372139.jpg,https://raw.githubusercontent.com/SAL-Wholesale/Images/main/37213_051933372139.jpg
37216_051933372160.jpg,https://raw.githubusercontent.com/SAL-Wholesale/Images/main/37216_051933372160.jpg
37217_051933372177.jpg,https://raw.githubusercontent.com/SAL-Wholesale/Images/main/37217_051933372177.jpg
37218_051933372184.jpg,https://raw.githubusercontent.com/SAL-Wholesale/Images/main/37218_051933372184.jpg
37219_051933372191.jpg,https://raw.githubusercontent.com/SAL-Wholesale/Images/main/37219_051933372191.jpg
37221_051933372214.jpg,https://raw.githubusercontent.com/SAL-Wholesale/Images/main/37221_051933372214.jpg
37222_051933372221.jpg,https://raw.githubusercontent.com/SAL-Wholesale/Images/main/37222_051933372221.jpg
37229_051933367715.jpg,https://raw.githubusercontent.com/SAL-Wholesale/Images/main/37229_051933367715.jpg
37231_051933367760.jpg,https://raw.githubusercontent.com/SAL-Wholesale/Images/main/37231_051933367760.jpg
37237_051933372375.jpg,https://raw.githubusercontent.com/SAL-Wholesale/Images/main/37237_051933372375.jpg
37242_051933356559.jpg,https://raw.githubusercontent.com/SAL-Wholesale/Images/main/37242_051933356559.jpg
37249_051933372498.jpg,https://raw.githubusercontent.com/SAL-Wholesale/Images/main/37249_051933372498.jpg
37251_051933372511.jpg,https://raw.githubusercontent.com/SAL-Wholesale/Images/main/37251_051933372511.jpg
37252_051933372528.jpg,https://raw.githubusercontent.com/SAL-Wholesale/Images/main/37252_051933372528.jpg
37254_NOUPC.jpg,https://raw.githubusercontent.com/SAL-Wholesale/Images/main/37254_NOUPC.jpg
37257_NOUPC.jpg,https://raw.githubusercontent.com/SAL-Wholesale/Images/main/37257_NOUPC.jpg
37258_NOUPC.jpg,https://raw.githubusercontent.com/SAL-Wholesale/Images/main/37258_NOUPC.jpg
37268_051933372689.jpg,https://raw.githubusercontent.com/SAL-Wholesale/Images/main/37268_051933372689.jpg
37274_051933372740.jpg,https://raw.githubusercontent.com/SAL-Wholesale/Images/main/37274_051933372740.jpg
37286_051933372863.jpg,https://raw.githubusercontent.com/SAL-Wholesale/Images/main/37286_051933372863.jpg
37287_051933372870.jpg,https://raw.githubusercontent.com/SAL-Wholesale/Images/main/37287_051933372870.jpg
37288_051933372887.jpg,https://raw.githubusercontent.com/SAL-Wholesale/Images/main/37288_051933372887.jpg
37291_051933372917.jpg,https://raw.githubusercontent.com/SAL-Wholesale/Images/main/37291_051933372917.jpg
37302_051933373020.jpg,https://raw.githubusercontent.com/SAL-Wholesale/Images/main/37302_051933373020.jpg
37304_051933373044.jpg,https://raw.githubusercontent.com/SAL-Wholesale/Images/main/37304_051933373044.jpg
37308_051933373082.jpg,https://raw.githubusercontent.com/SAL-Wholesale/Images/main/37308_051933373082.jpg
37309_051933373099.jpg,https://raw.githubusercontent.com/SAL-Wholesale/Images/main/37309_051933373099.jpg
37311_051933373112.jpg,https://raw.githubusercontent.com/SAL-Wholesale/Images/main/37311_051933373112.jpg
37314_051933373143.jpg,https://raw.githubusercontent.com/SAL-Wholesale/Images/main/37314_051933373143.jpg
37317_051933373174.jpg,https://raw.githubusercontent.com/SAL-Wholesale/Images/main/37317_051933373174.jpg
37322_051933373228.jpg,https://raw.githubusercontent.com/SAL-Wholesale/Images/main/37322_051933373228.jpg
37323_051933373235.jpg,https://raw.githubusercontent.com/SAL-Wholesale/Images/main/37323_051933373235.jpg
37327_051933373273.jpg,https://raw.githubusercontent.com/SAL-Wholesale/Images/main/37327_051933373273.jpg
37347_051933373471.jpg,https://raw.githubusercontent.com/SAL-Wholesale/Images/main/37347_051933373471.jpg
37352_051933373525.jpg,https://raw.githubusercontent.com/SAL-Wholesale/Images/main/37352_051933373525.jpg
37359_051933364745.jpg,https://raw.githubusercontent.com/SAL-Wholesale/Images/main/37359_051933364745.jpg
37361_051933364585.jpg,https://raw.githubusercontent.com/SAL-Wholesale/Images/main/37361_051933364585.jpg
37363_051933364615.jpg,https://raw.githubusercontent.com/SAL-Wholesale/Images/main/37363_051933364615.jpg
37364_051933364547.jpg,https://raw.githubusercontent.com/SAL-Wholesale/Images/main/37364_051933364547.jpg
37366_051933364059.jpg,https://raw.githubusercontent.com/SAL-Wholesale/Images/main/37366_051933364059.jpg
37367_051933364554.jpg,https://raw.githubusercontent.com/SAL-Wholesale/Images/main/37367_051933364554.jpg
37368_051933363083.jpg,https://raw.githubusercontent.com/SAL-Wholesale/Images/main/37368_051933363083.jpg
37378_051933364561.jpg,https://raw.githubusercontent.com/SAL-Wholesale/Images/main/37378_051933364561.jpg
37379_051933364660.jpg,https://raw.githubusercontent.com/SAL-Wholesale/Images/main/37379_051933364660.jpg
37381_051933364523.jpg,https://raw.githubusercontent.com/SAL-Wholesale/Images/main/37381_051933364523.jpg
37386_051933364646.jpg,https://raw.githubusercontent.com/SAL-Wholesale/Images/main/37386_051933364646.jpg
37387_051933364639.jpg,https://raw.githubusercontent.com/SAL-Wholesale/Images/main/37387_051933364639.jpg
37389_051933364035.jpg,https://raw.githubusercontent.com/SAL-Wholesale/Images/main/37389_051933364035.jpg
37391_051933364486.jpg,https://raw.githubusercontent.com/SAL-Wholesale/Images/main/37391_051933364486.jpg
37392_051933364493.jpg,https://raw.githubusercontent.com/SAL-Wholesale/Images/main/37392_051933364493.jpg
37393_051933363069.jpg,https://raw.githubusercontent.com/SAL-Wholesale/Images/main/37393_051933363069.jpg
37395_051933364653.jpg,https://raw.githubusercontent.com/SAL-Wholesale/Images/main/37395_051933364653.jpg
37399_051933363052.jpg,https://raw.githubusercontent.com/SAL-Wholesale/Images/main/37399_051933363052.jpg
37403_051933374034.jpg,https://raw.githubusercontent.com/SAL-Wholesale/Images/main/37403_051933374034.jpg
37407_051933364516.jpg,https://raw.githubusercontent.com/SAL-Wholesale/Images/main/37407_051933364516.jpg
37408_051933364684.jpg,https://raw.githubusercontent.com/SAL-Wholesale/Images/main/37408_051933364684.jpg
37409_051933364691.jpg,https://raw.githubusercontent.com/SAL-Wholesale/Images/main/37409_051933364691.jpg
37411_051933364738.jpg,https://raw.githubusercontent.com/SAL-Wholesale/Images/main/37411_051933364738.jpg
37412_051933364721.jpg,https://raw.githubusercontent.com/SAL-Wholesale/Images/main/37412_051933364721.jpg
37426_051933374263.jpg,https://raw.githubusercontent.com/SAL-Wholesale/Images/main/37426_051933374263.jpg
37429_051933374294.jpg,https://raw.githubusercontent.com/SAL-Wholesale/Images/main/37429_051933374294.jpg
37431_051933374317.jpg,https://raw.githubusercontent.com/SAL-Wholesale/Images/main/37431_051933374317.jpg
37437_051933374379.jpg,https://raw.githubusercontent.com/SAL-Wholesale/Images/main/37437_051933374379.jpg
37446_051933374461.jpg,https://raw.githubusercontent.com/SAL-Wholesale/Images/main/37446_051933374461.jpg
37447_051933374478.jpg,https://raw.githubusercontent.com/SAL-Wholesale/Images/main/37447_051933374478.jpg
37448_051933374485.jpg,https://raw.githubusercontent.com/SAL-Wholesale/Images/main/37448_051933374485.jpg
37456_075725114905.jpg,https://raw.githubusercontent.com/SAL-Wholesale/Images/main/37456_075725114905.jpg
37458_075725115100.jpg,https://raw.githubusercontent.com/SAL-Wholesale/Images/main/37458_075725115100.jpg
37459_051933358713.jpg,https://raw.githubusercontent.com/SAL-Wholesale/Images/main/37459_051933358713.jpg
3745_070800822485.png,https://raw.githubusercontent.com/SAL-Wholesale/Images/main/3745_070800822485.png
37461_051933374614.jpg,https://raw.githubusercontent.com/SAL-Wholesale/Images/main/37461_051933374614.jpg
37462_051933374621.jpg,https://raw.githubusercontent.com/SAL-Wholesale/Images/main/37462_051933374621.jpg
37467_051933374676.jpg,https://raw.githubusercontent.com/SAL-Wholesale/Images/main/37467_051933374676.jpg
37468_051933374683.jpg,https://raw.githubusercontent.com/SAL-Wholesale/Images/main/37468_051933374683.jpg
37469_051933374690.jpg,https://raw.githubusercontent.com/SAL-Wholesale/Images/main/37469_051933374690.jpg
37470_051933374706.jpg,https://raw.githubusercontent.com/SAL-Wholesale/Images/main/37470_051933374706.jpg
37471_051933364530.jpg,https://raw.githubusercontent.com/SAL-Wholesale/Images/main/37471_051933364530.jpg
37474_051933192508.jpg,https://raw.githubusercontent.com/SAL-Wholesale/Images/main/37474_051933192508.jpg
37479_051933374799.jpg,https://raw.githubusercontent.com/SAL-Wholesale/Images/main/37479_051933374799.jpg
37481_051933374812.jpg,https://raw.githubusercontent.com/SAL-Wholesale/Images/main/37481_051933374812.jpg
37482_051933374829.jpg,https://raw.githubusercontent.com/SAL-Wholesale/Images/main/37482_051933374829.jpg
37486_038000590993.jpg,https://raw.githubusercontent.com/SAL-Wholesale/Images/main/37486_038000590993.jpg
37509_051933375093.jpg,https://raw.githubusercontent.com/SAL-Wholesale/Images/main/37509_051933375093.jpg
37510_051933375109.jpg,https://raw.githubusercontent.com/SAL-Wholesale/Images/main/37510_051933375109.jpg
37511_051933375116.jpg,https://raw.githubusercontent.com/SAL-Wholesale/Images/main/37511_051933375116.jpg
37513_051933375130.jpg,https://raw.githubusercontent.com/SAL-Wholesale/Images/main/37513_051933375130.jpg
37515_013409918104.jpg,https://raw.githubusercontent.com/SAL-Wholesale/Images/main/37515_013409918104.jpg
37516_051933375161.jpg,https://raw.githubusercontent.com/SAL-Wholesale/Images/main/37516_051933375161.jpg
37518_051933375185.jpg,https://raw.githubusercontent.com/SAL-Wholesale/Images/main/37518_051933375185.jpg
37523_051933375239.jpg,https://raw.githubusercontent.com/SAL-Wholesale/Images/main/37523_051933375239.jpg
37525_013409341155.jpg,https://raw.githubusercontent.com/SAL-Wholesale/Images/main/37525_013409341155.jpg
37528_051933660137.jpg,https://raw.githubusercontent.com/SAL-Wholesale/Images/main/37528_051933660137.jpg
37529_051933375291.jpg,https://raw.githubusercontent.com/SAL-Wholesale/Images/main/37529_051933375291.jpg
37531_051933375314.jpg,https://raw.githubusercontent.com/SAL-Wholesale/Images/main/37531_051933375314.jpg
37532_051933375321.jpg,https://raw.githubusercontent.com/SAL-Wholesale/Images/main/37532_051933375321.jpg
37533_051933375338.jpg,https://raw.githubusercontent.com/SAL-Wholesale/Images/main/37533_051933375338.jpg
37534_051933649392.jpg,https://raw.githubusercontent.com/SAL-Wholesale/Images/main/37534_051933649392.jpg
37544_051933375444.jpg,https://raw.githubusercontent.com/SAL-Wholesale/Images/main/37544_051933375444.jpg
37545_051933375451.jpg,https://raw.githubusercontent.com/SAL-Wholesale/Images/main/37545_051933375451.jpg
37547_051933375475.jpg,https://raw.githubusercontent.com/SAL-Wholesale/Images/main/37547_051933375475.jpg
37548_051933375482.jpg,https://raw.githubusercontent.com/SAL-Wholesale/Images/main/37548_051933375482.jpg
37549_051933375499.jpg,https://raw.githubusercontent.com/SAL-Wholesale/Images/main/37549_051933375499.jpg
37551_051933375512.jpg,https://raw.githubusercontent.com/SAL-Wholesale/Images/main/37551_051933375512.jpg
37552_051933375529.jpg,https://raw.githubusercontent.com/SAL-Wholesale/Images/main/37552_051933375529.jpg
37553_051933375536.jpg,https://raw.githubusercontent.com/SAL-Wholesale/Images/main/37553_051933375536.jpg
37554_051933375543.jpg,https://raw.githubusercontent.com/SAL-Wholesale/Images/main/37554_051933375543.jpg
37559_051933375598.jpg,https://raw.githubusercontent.com/SAL-Wholesale/Images/main/37559_051933375598.jpg
37561_NOUPC.jpg,https://raw.githubusercontent.com/SAL-Wholesale/Images/main/37561_NOUPC.jpg
37562_NOUPC.jpg,https://raw.githubusercontent.com/SAL-Wholesale/Images/main/37562_NOUPC.jpg
37566_051933375666.jpg,https://raw.githubusercontent.com/SAL-Wholesale/Images/main/37566_051933375666.jpg
37567_051933375673.jpg,https://raw.githubusercontent.com/SAL-Wholesale/Images/main/37567_051933375673.jpg
37568_051933410961.jpg,https://raw.githubusercontent.com/SAL-Wholesale/Images/main/37568_051933410961.jpg
37569_051933181700.jpg,https://raw.githubusercontent.com/SAL-Wholesale/Images/main/37569_051933181700.jpg
37612_051933363175.jpg,https://raw.githubusercontent.com/SAL-Wholesale/Images/main/37612_051933363175.jpg
37624_051933376243.jpg,https://raw.githubusercontent.com/SAL-Wholesale/Images/main/37624_051933376243.jpg
37625_031000109769.jpg,https://raw.githubusercontent.com/SAL-Wholesale/Images/main/37625_031000109769.jpg
37628_051933376281.jpg,https://raw.githubusercontent.com/SAL-Wholesale/Images/main/37628_051933376281.jpg
37629_051933376298.jpg,https://raw.githubusercontent.com/SAL-Wholesale/Images/main/37629_051933376298.jpg
37639_051933376397.jpg,https://raw.githubusercontent.com/SAL-Wholesale/Images/main/37639_051933376397.jpg
37642_051933376427.jpg,https://raw.githubusercontent.com/SAL-Wholesale/Images/main/37642_051933376427.jpg
37643_051933376434.jpg,https://raw.githubusercontent.com/SAL-Wholesale/Images/main/37643_051933376434.jpg
37644_051933376441.jpg,https://raw.githubusercontent.com/SAL-Wholesale/Images/main/37644_051933376441.jpg
37645_051933376458.jpg,https://raw.githubusercontent.com/SAL-Wholesale/Images/main/37645_051933376458.jpg
37646_051933376465.jpg,https://raw.githubusercontent.com/SAL-Wholesale/Images/main/37646_051933376465.jpg
37651_051933376519.jpg,https://raw.githubusercontent.com/SAL-Wholesale/Images/main/37651_051933376519.jpg
37652_051933376526.jpg,https://raw.githubusercontent.com/SAL-Wholesale/Images/main/37652_051933376526.jpg
37653_051933376533.jpg,https://raw.githubusercontent.com/SAL-Wholesale/Images/main/37653_051933376533.jpg
37654_051933376540.jpg,https://raw.githubusercontent.com/SAL-Wholesale/Images/main/37654_051933376540.jpg
37655_051933376557.jpg,https://raw.githubusercontent.com/SAL-Wholesale/Images/main/37655_051933376557.jpg
37661_051933376618.jpg,https://raw.githubusercontent.com/SAL-Wholesale/Images/main/37661_051933376618.jpg
37662_051933376625.jpg,https://raw.githubusercontent.com/SAL-Wholesale/Images/main/37662_051933376625.jpg
37668_051933376687.jpg,https://raw.githubusercontent.com/SAL-Wholesale/Images/main/37668_051933376687.jpg
37669_051933376694.jpg,https://raw.githubusercontent.com/SAL-Wholesale/Images/main/37669_051933376694.jpg
37671_051933398061.jpg,https://raw.githubusercontent.com/SAL-Wholesale/Images/main/37671_051933398061.jpg
37673_051933376731.jpg,https://raw.githubusercontent.com/SAL-Wholesale/Images/main/37673_051933376731.jpg
37674_051933376748.jpg,https://raw.githubusercontent.com/SAL-Wholesale/Images/main/37674_051933376748.jpg
37675_051933376755.jpg,https://raw.githubusercontent.com/SAL-Wholesale/Images/main/37675_051933376755.jpg
37676_051933376762.jpg,https://raw.githubusercontent.com/SAL-Wholesale/Images/main/37676_051933376762.jpg
37677_051933376779.jpg,https://raw.githubusercontent.com/SAL-Wholesale/Images/main/37677_051933376779.jpg
37678_051933376786.jpg,https://raw.githubusercontent.com/SAL-Wholesale/Images/main/37678_051933376786.jpg
37733_039000008907.png,https://raw.githubusercontent.com/SAL-Wholesale/Images/main/37733_039000008907.png
37760_000081655911.png,https://raw.githubusercontent.com/SAL-Wholesale/Images/main/37760_000081655911.png
37780_000081655911.png,https://raw.githubusercontent.com/SAL-Wholesale/Images/main/37780_000081655911.png
38015_027331000608.jpg,https://raw.githubusercontent.com/SAL-Wholesale/Images/main/38015_027331000608.jpg
38020_079453569303.png,https://raw.githubusercontent.com/SAL-Wholesale/Images/main/38020_079453569303.png
38025_027331000332.jpg,https://raw.githubusercontent.com/SAL-Wholesale/Images/main/38025_027331000332.jpg
38030_079453647308.png,https://raw.githubusercontent.com/SAL-Wholesale/Images/main/38030_079453647308.png
38041_077900001840.jpg,https://raw.githubusercontent.com/SAL-Wholesale/Images/main/38041_077900001840.jpg
38045_027331000325.png,https://raw.githubusercontent.com/SAL-Wholesale/Images/main/38045_027331000325.png
38057_051933375963.jpg,https://raw.githubusercontent.com/SAL-Wholesale/Images/main/38057_051933375963.jpg
38058_051933375970.jpg,https://raw.githubusercontent.com/SAL-Wholesale/Images/main/38058_051933375970.jpg
38075_000007205811.jpg,https://raw.githubusercontent.com/SAL-Wholesale/Images/main/38075_000007205811.jpg
38095_074471000500.png,https://raw.githubusercontent.com/SAL-Wholesale/Images/main/38095_074471000500.png
38288_046600034274.jpg,https://raw.githubusercontent.com/SAL-Wholesale/Images/main/38288_046600034274.jpg
38289_046600034281.jpg,https://raw.githubusercontent.com/SAL-Wholesale/Images/main/38289_046600034281.jpg
38290_046600033864.jpg,https://raw.githubusercontent.com/SAL-Wholesale/Images/main/38290_046600033864.jpg
38386_023545212479.png,https://raw.githubusercontent.com/SAL-Wholesale/Images/main/38386_023545212479.png
38425_039400018100.jpg,https://raw.githubusercontent.com/SAL-Wholesale/Images/main/38425_039400018100.jpg
38433_051933384330.jpg,https://raw.githubusercontent.com/SAL-Wholesale/Images/main/38433_051933384330.jpg
38475_077900502101.png,https://raw.githubusercontent.com/SAL-Wholesale/Images/main/38475_077900502101.png
38490_051933384903.jpg,https://raw.githubusercontent.com/SAL-Wholesale/Images/main/38490_051933384903.jpg
38540_051933385405.jpg,https://raw.githubusercontent.com/SAL-Wholesale/Images/main/38540_051933385405.jpg
38541_023545204382.jpg,https://raw.githubusercontent.com/SAL-Wholesale/Images/main/38541_023545204382.jpg
38547_023545101643.png,https://raw.githubusercontent.com/SAL-Wholesale/Images/main/38547_023545101643.png
38630_051933386303.jpg,https://raw.githubusercontent.com/SAL-Wholesale/Images/main/38630_051933386303.jpg
38640_051933386402.jpg,https://raw.githubusercontent.com/SAL-Wholesale/Images/main/38640_051933386402.jpg
38665_095188061288.jpg,https://raw.githubusercontent.com/SAL-Wholesale/Images/main/38665_095188061288.jpg
38690_051933386907.jpg,https://raw.githubusercontent.com/SAL-Wholesale/Images/main/38690_051933386907.jpg
38711_072350020540.jpg,https://raw.githubusercontent.com/SAL-Wholesale/Images/main/38711_072350020540.jpg
38720_051933501065.jpg,https://raw.githubusercontent.com/SAL-Wholesale/Images/main/38720_051933501065.jpg
38804_051933388024.jpg,https://raw.githubusercontent.com/SAL-Wholesale/Images/main/38804_051933388024.jpg
38806_051933386105.jpg,https://raw.githubusercontent.com/SAL-Wholesale/Images/main/38806_051933386105.jpg
38835_012005404639.jpg,https://raw.githubusercontent.com/SAL-Wholesale/Images/main/38835_012005404639.jpg
38985_000081547311.jpg,https://raw.githubusercontent.com/SAL-Wholesale/Images/main/38985_000081547311.jpg
38995_090478321103.jpg,https://raw.githubusercontent.com/SAL-Wholesale/Images/main/38995_090478321103.jpg
39238_023545201251.png,https://raw.githubusercontent.com/SAL-Wholesale/Images/main/39238_023545201251.png
39253_000087218111.jpg,https://raw.githubusercontent.com/SAL-Wholesale/Images/main/39253_000087218111.jpg
39285_041443112349.jpg,https://raw.githubusercontent.com/SAL-Wholesale/Images/main/39285_041443112349.jpg
39368_023545201923.png,https://raw.githubusercontent.com/SAL-Wholesale/Images/main/39368_023545201923.png
39369_045084229596.jpg,https://raw.githubusercontent.com/SAL-Wholesale/Images/main/39369_045084229596.jpg
39375_074584050645.jpg,https://raw.githubusercontent.com/SAL-Wholesale/Images/main/39375_074584050645.jpg
39411_072392344314.jpg,https://raw.githubusercontent.com/SAL-Wholesale/Images/main/39411_072392344314.jpg
39412_072392344321.jpg,https://raw.githubusercontent.com/SAL-Wholesale/Images/main/39412_072392344321.jpg
39415_072392337989.jpg,https://raw.githubusercontent.com/SAL-Wholesale/Images/main/39415_072392337989.jpg
39416_072392337996.png,https://raw.githubusercontent.com/SAL-Wholesale/Images/main/39416_072392337996.png
39417_072392322725.png,https://raw.githubusercontent.com/SAL-Wholesale/Images/main/39417_072392322725.png
39418_072392322732.png,https://raw.githubusercontent.com/SAL-Wholesale/Images/main/39418_072392322732.png
39419_072392327232.png,https://raw.githubusercontent.com/SAL-Wholesale/Images/main/39419_072392327232.png
39421_072392327263.jpg,https://raw.githubusercontent.com/SAL-Wholesale/Images/main/39421_072392327263.jpg
39457_030400793912.jpg,https://raw.githubusercontent.com/SAL-Wholesale/Images/main/39457_030400793912.jpg
39458_030400222726.jpg,https://raw.githubusercontent.com/SAL-Wholesale/Images/main/39458_030400222726.jpg
39466_000087398311.jpg,https://raw.githubusercontent.com/SAL-Wholesale/Images/main/39466_000087398311.jpg
39467_000085168111.png,https://raw.githubusercontent.com/SAL-Wholesale/Images/main/39467_000085168111.png
39503_033200113218.png,https://raw.githubusercontent.com/SAL-Wholesale/Images/main/39503_033200113218.png
39529_051000012319.jpg,https://raw.githubusercontent.com/SAL-Wholesale/Images/main/39529_051000012319.jpg
39543_044500341713.jpg,https://raw.githubusercontent.com/SAL-Wholesale/Images/main/39543_044500341713.jpg
39576_076265003506.png,https://raw.githubusercontent.com/SAL-Wholesale/Images/main/39576_076265003506.png
39577_076265407199.jpg,https://raw.githubusercontent.com/SAL-Wholesale/Images/main/39577_076265407199.jpg
39641_041501519455.jpg,https://raw.githubusercontent.com/SAL-Wholesale/Images/main/39641_041501519455.jpg
39658_000065724311.jpg,https://raw.githubusercontent.com/SAL-Wholesale/Images/main/39658_000065724311.jpg
39659_073321000233.jpg,https://raw.githubusercontent.com/SAL-Wholesale/Images/main/39659_073321000233.jpg
39661_072586701008.jpg,https://raw.githubusercontent.com/SAL-Wholesale/Images/main/39661_072586701008.jpg
39663_072586701152.jpg,https://raw.githubusercontent.com/SAL-Wholesale/Images/main/39663_072586701152.jpg
39667_033200000938.png,https://raw.githubusercontent.com/SAL-Wholesale/Images/main/39667_033200000938.png
39678_035000460462.jpg,https://raw.githubusercontent.com/SAL-Wholesale/Images/main/39678_035000460462.jpg
39687_000082546411.png,https://raw.githubusercontent.com/SAL-Wholesale/Images/main/39687_000082546411.png
39688_000082546411.png,https://raw.githubusercontent.com/SAL-Wholesale/Images/main/39688_000082546411.png
39726_070800822690.jpg,https://raw.githubusercontent.com/SAL-Wholesale/Images/main/39726_070800822690.jpg
39727_070800224210.jpg,https://raw.githubusercontent.com/SAL-Wholesale/Images/main/39727_070800224210.jpg
39802_042800109156.jpg,https://raw.githubusercontent.com/SAL-Wholesale/Images/main/39802_042800109156.jpg
39823_023545700594.png,https://raw.githubusercontent.com/SAL-Wholesale/Images/main/39823_023545700594.png
39824_023545203644.png,https://raw.githubusercontent.com/SAL-Wholesale/Images/main/39824_023545203644.png
39826_023545701195.png,https://raw.githubusercontent.com/SAL-Wholesale/Images/main/39826_023545701195.png
39829_023545201909.png,https://raw.githubusercontent.com/SAL-Wholesale/Images/main/39829_023545201909.png
39889_044700064375.jpg,https://raw.githubusercontent.com/SAL-Wholesale/Images/main/39889_044700064375.jpg
3989_034000008476.jpg,https://raw.githubusercontent.com/SAL-Wholesale/Images/main/3989_034000008476.jpg
3990_009800000524.jpg,https://raw.githubusercontent.com/SAL-Wholesale/Images/main/3990_009800000524.jpg
39928_051933399280.jpg,https://raw.githubusercontent.com/SAL-Wholesale/Images/main/39928_051933399280.jpg
39929_051933399297.jpg,https://raw.githubusercontent.com/SAL-Wholesale/Images/main/39929_051933399297.jpg
39931_051933399310.jpg,https://raw.githubusercontent.com/SAL-Wholesale/Images/main/39931_051933399310.jpg
39932_051933399327.jpg,https://raw.githubusercontent.com/SAL-Wholesale/Images/main/39932_051933399327.jpg
39933_051933399334.jpg,https://raw.githubusercontent.com/SAL-Wholesale/Images/main/39933_051933399334.jpg
39934_051933399341.jpg,https://raw.githubusercontent.com/SAL-Wholesale/Images/main/39934_051933399341.jpg
39936_051933399365.jpg,https://raw.githubusercontent.com/SAL-Wholesale/Images/main/39936_051933399365.jpg
39939_051933399396.jpg,https://raw.githubusercontent.com/SAL-Wholesale/Images/main/39939_051933399396.jpg
39942_051933399426.jpg,https://raw.githubusercontent.com/SAL-Wholesale/Images/main/39942_051933399426.jpg
39944_051933399440.jpg,https://raw.githubusercontent.com/SAL-Wholesale/Images/main/39944_051933399440.jpg
39946_051933013407.jpg.jpg,https://raw.githubusercontent.com/SAL-Wholesale/Images/main/39946_051933013407.jpg.jpg
39947_051933399471.jpg,https://raw.githubusercontent.com/SAL-Wholesale/Images/main/39947_051933399471.jpg
39957_051933399570.jpg,https://raw.githubusercontent.com/SAL-Wholesale/Images/main/39957_051933399570.jpg
39958_051933399587.jpg,https://raw.githubusercontent.com/SAL-Wholesale/Images/main/39958_051933399587.jpg
39959_051933399594.jpg,https://raw.githubusercontent.com/SAL-Wholesale/Images/main/39959_051933399594.jpg
39961_051933399617.jpg,https://raw.githubusercontent.com/SAL-Wholesale/Images/main/39961_051933399617.jpg
39962_051933399624.jpg,https://raw.githubusercontent.com/SAL-Wholesale/Images/main/39962_051933399624.jpg
39963_051933399631.jpg,https://raw.githubusercontent.com/SAL-Wholesale/Images/main/39963_051933399631.jpg
39964_051933399648.jpg,https://raw.githubusercontent.com/SAL-Wholesale/Images/main/39964_051933399648.jpg
39966_051933399662.jpg,https://raw.githubusercontent.com/SAL-Wholesale/Images/main/39966_051933399662.jpg
39968_051933399686.jpg,https://raw.githubusercontent.com/SAL-Wholesale/Images/main/39968_051933399686.jpg
39969_051933399693.jpg,https://raw.githubusercontent.com/SAL-Wholesale/Images/main/39969_051933399693.jpg
39973_051933399730.jpg,https://raw.githubusercontent.com/SAL-Wholesale/Images/main/39973_051933399730.jpg
39974_051933399747.jpg,https://raw.githubusercontent.com/SAL-Wholesale/Images/main/39974_051933399747.jpg
39977_051933399778.jpg,https://raw.githubusercontent.com/SAL-Wholesale/Images/main/39977_051933399778.jpg
39978_051933399785.jpg,https://raw.githubusercontent.com/SAL-Wholesale/Images/main/39978_051933399785.jpg
39989_NOUPC.jpg,https://raw.githubusercontent.com/SAL-Wholesale/Images/main/39989_NOUPC.jpg
39991_051933399914.jpg,https://raw.githubusercontent.com/SAL-Wholesale/Images/main/39991_051933399914.jpg
39992_051933399921.jpg,https://raw.githubusercontent.com/SAL-Wholesale/Images/main/39992_051933399921.jpg
39993_051933399938.jpg,https://raw.githubusercontent.com/SAL-Wholesale/Images/main/39993_051933399938.jpg
39994_051933399945.jpg,https://raw.githubusercontent.com/SAL-Wholesale/Images/main/39994_051933399945.jpg
39996_051933399969.jpg,https://raw.githubusercontent.com/SAL-Wholesale/Images/main/39996_051933399969.jpg
4002_026200392905.jpg,https://raw.githubusercontent.com/SAL-Wholesale/Images/main/4002_026200392905.jpg
4006_016000335301.jpg,https://raw.githubusercontent.com/SAL-Wholesale/Images/main/4006_016000335301.jpg
40469_024100191345.jpg,https://raw.githubusercontent.com/SAL-Wholesale/Images/main/40469_024100191345.jpg
40651_076406051830.jpg,https://raw.githubusercontent.com/SAL-Wholesale/Images/main/40651_076406051830.jpg
40653_076406053131.jpg,https://raw.githubusercontent.com/SAL-Wholesale/Images/main/40653_076406053131.jpg
40689_016000169685.png,https://raw.githubusercontent.com/SAL-Wholesale/Images/main/40689_016000169685.png
40837_026200117003.jpg,https://raw.githubusercontent.com/SAL-Wholesale/Images/main/40837_026200117003.jpg
40845_051933501621.jpg,https://raw.githubusercontent.com/SAL-Wholesale/Images/main/40845_051933501621.jpg
40867_029000075351.jpg,https://raw.githubusercontent.com/SAL-Wholesale/Images/main/40867_029000075351.jpg
40888_024100315345.jpg,https://raw.githubusercontent.com/SAL-Wholesale/Images/main/40888_024100315345.jpg
40944_041000022661.jpg,https://raw.githubusercontent.com/SAL-Wholesale/Images/main/40944_041000022661.jpg
40945_041000022784.png,https://raw.githubusercontent.com/SAL-Wholesale/Images/main/40945_041000022784.png
40946_041000022531.jpg,https://raw.githubusercontent.com/SAL-Wholesale/Images/main/40946_041000022531.jpg
40947_041000022463.jpg,https://raw.githubusercontent.com/SAL-Wholesale/Images/main/40947_041000022463.jpg
41085_051933425606.jpg,https://raw.githubusercontent.com/SAL-Wholesale/Images/main/41085_051933425606.jpg
41105_051933971998.jpg,https://raw.githubusercontent.com/SAL-Wholesale/Images/main/41105_051933971998.jpg
41205_041443023232.jpg,https://raw.githubusercontent.com/SAL-Wholesale/Images/main/41205_041443023232.jpg
41245_064144282630.jpg,https://raw.githubusercontent.com/SAL-Wholesale/Images/main/41245_064144282630.jpg
41535_023545102718.png,https://raw.githubusercontent.com/SAL-Wholesale/Images/main/41535_023545102718.png
41647_064144043156.jpg,https://raw.githubusercontent.com/SAL-Wholesale/Images/main/41647_064144043156.jpg
41648_064144043224.png,https://raw.githubusercontent.com/SAL-Wholesale/Images/main/41648_064144043224.png
41651_064144043026.jpg,https://raw.githubusercontent.com/SAL-Wholesale/Images/main/41651_064144043026.jpg
41652_064144043064.jpg,https://raw.githubusercontent.com/SAL-Wholesale/Images/main/41652_064144043064.jpg
41692_021000767670.png,https://raw.githubusercontent.com/SAL-Wholesale/Images/main/41692_021000767670.png
41825_025000048081.jpg,https://raw.githubusercontent.com/SAL-Wholesale/Images/main/41825_025000048081.jpg
41835_076406061808.jpg,https://raw.githubusercontent.com/SAL-Wholesale/Images/main/41835_076406061808.jpg
41845_076406061600.jpg,https://raw.githubusercontent.com/SAL-Wholesale/Images/main/41845_076406061600.jpg
41855_076406063109.jpg,https://raw.githubusercontent.com/SAL-Wholesale/Images/main/41855_076406063109.jpg
41875_000000686711.jpg,https://raw.githubusercontent.com/SAL-Wholesale/Images/main/41875_000000686711.jpg
41885_041443118433.png,https://raw.githubusercontent.com/SAL-Wholesale/Images/main/41885_041443118433.png
41930_000074370911.png,https://raw.githubusercontent.com/SAL-Wholesale/Images/main/41930_000074370911.png
42065_070074559643.jpg,https://raw.githubusercontent.com/SAL-Wholesale/Images/main/42065_070074559643.jpg
42075_070074559582.jpg,https://raw.githubusercontent.com/SAL-Wholesale/Images/main/42075_070074559582.jpg
42105_041443113346.jpg,https://raw.githubusercontent.com/SAL-Wholesale/Images/main/42105_041443113346.jpg
42115_052500050054.jpg,https://raw.githubusercontent.com/SAL-Wholesale/Images/main/42115_052500050054.jpg
42155_041443112745.png,https://raw.githubusercontent.com/SAL-Wholesale/Images/main/42155_041443112745.png
42165_041443033033.jpg,https://raw.githubusercontent.com/SAL-Wholesale/Images/main/42165_041443033033.jpg
42185_097928094969.png,https://raw.githubusercontent.com/SAL-Wholesale/Images/main/42185_097928094969.png
42295_064144282432.jpg,https://raw.githubusercontent.com/SAL-Wholesale/Images/main/42295_064144282432.jpg
42299_016000487697.png,https://raw.githubusercontent.com/SAL-Wholesale/Images/main/42299_016000487697.png
42301_031000184544.jpg,https://raw.githubusercontent.com/SAL-Wholesale/Images/main/42301_031000184544.jpg
42395_031000120184.png,https://raw.githubusercontent.com/SAL-Wholesale/Images/main/42395_031000120184.png
42494_044774115065.jpg,https://raw.githubusercontent.com/SAL-Wholesale/Images/main/42494_044774115065.jpg
42506_000030087511.jpg,https://raw.githubusercontent.com/SAL-Wholesale/Images/main/42506_000030087511.jpg
42583_021000026838.jpg,https://raw.githubusercontent.com/SAL-Wholesale/Images/main/42583_021000026838.jpg
42604_041000022630.jpg,https://raw.githubusercontent.com/SAL-Wholesale/Images/main/42604_041000022630.jpg
42606_041000022685.jpg,https://raw.githubusercontent.com/SAL-Wholesale/Images/main/42606_041000022685.jpg
42705_000006452311.png,https://raw.githubusercontent.com/SAL-Wholesale/Images/main/42705_000006452311.png
42715_000006452311.jpg,https://raw.githubusercontent.com/SAL-Wholesale/Images/main/42715_000006452311.jpg
43056_000007224311.jpg,https://raw.githubusercontent.com/SAL-Wholesale/Images/main/43056_000007224311.jpg
43165_051933996724.jpg,https://raw.githubusercontent.com/SAL-Wholesale/Images/main/43165_051933996724.jpg
43175_072400000256.jpg,https://raw.githubusercontent.com/SAL-Wholesale/Images/main/43175_072400000256.jpg
43385_051933433854.jpg,https://raw.githubusercontent.com/SAL-Wholesale/Images/main/43385_051933433854.jpg
43435_051933434356.jpg,https://raw.githubusercontent.com/SAL-Wholesale/Images/main/43435_051933434356.jpg
43445_051933434455.jpg,https://raw.githubusercontent.com/SAL-Wholesale/Images/main/43445_051933434455.jpg
43465_051933434653.jpg,https://raw.githubusercontent.com/SAL-Wholesale/Images/main/43465_051933434653.jpg
43475_051933434554.jpg,https://raw.githubusercontent.com/SAL-Wholesale/Images/main/43475_051933434554.jpg
43492_074806015001.png,https://raw.githubusercontent.com/SAL-Wholesale/Images/main/43492_074806015001.png
43660_026392057163.jpg,https://raw.githubusercontent.com/SAL-Wholesale/Images/main/43660_026392057163.jpg
43767_027000500118.jpg,https://raw.githubusercontent.com/SAL-Wholesale/Images/main/43767_027000500118.jpg
43840_072820320460.jpg,https://raw.githubusercontent.com/SAL-Wholesale/Images/main/43840_072820320460.jpg
44311_051933503670.jpg,https://raw.githubusercontent.com/SAL-Wholesale/Images/main/44311_051933503670.jpg
44315_051933503694.jpg,https://raw.githubusercontent.com/SAL-Wholesale/Images/main/44315_051933503694.jpg
44316_051933503700.jpg,https://raw.githubusercontent.com/SAL-Wholesale/Images/main/44316_051933503700.jpg
44317_051933503717.jpg,https://raw.githubusercontent.com/SAL-Wholesale/Images/main/44317_051933503717.jpg
44318_051933961203.jpg,https://raw.githubusercontent.com/SAL-Wholesale/Images/main/44318_051933961203.jpg
44322_051933998681.jpg,https://raw.githubusercontent.com/SAL-Wholesale/Images/main/44322_051933998681.jpg
44330_051933443303.jpg,https://raw.githubusercontent.com/SAL-Wholesale/Images/main/44330_051933443303.jpg
44331_051933443310.jpg,https://raw.githubusercontent.com/SAL-Wholesale/Images/main/44331_051933443310.jpg
44333_051933503748.jpg,https://raw.githubusercontent.com/SAL-Wholesale/Images/main/44333_051933503748.jpg
44396_051933443969.jpg,https://raw.githubusercontent.com/SAL-Wholesale/Images/main/44396_051933443969.jpg
443_072180634290.jpg,https://raw.githubusercontent.com/SAL-Wholesale/Images/main/443_072180634290.jpg
44532_040697411048.jpg,https://raw.githubusercontent.com/SAL-Wholesale/Images/main/44532_040697411048.jpg
44536_090478216805.png,https://raw.githubusercontent.com/SAL-Wholesale/Images/main/44536_090478216805.png
44682_099900908363.jpg,https://raw.githubusercontent.com/SAL-Wholesale/Images/main/44682_099900908363.jpg
4468_041443102319.jpg,https://raw.githubusercontent.com/SAL-Wholesale/Images/main/4468_041443102319.jpg
44712_000064420911.jpg,https://raw.githubusercontent.com/SAL-Wholesale/Images/main/44712_000064420911.jpg
4471_041443102111.jpg,https://raw.githubusercontent.com/SAL-Wholesale/Images/main/4471_041443102111.jpg
4472_041443102418.jpg,https://raw.githubusercontent.com/SAL-Wholesale/Images/main/4472_041443102418.jpg
4473_041443102517.png,https://raw.githubusercontent.com/SAL-Wholesale/Images/main/4473_041443102517.png
4476_051933365339.jpg,https://raw.githubusercontent.com/SAL-Wholesale/Images/main/4476_051933365339.jpg
44842_043301370007.jpg,https://raw.githubusercontent.com/SAL-Wholesale/Images/main/44842_043301370007.jpg
4485_015900331987.jpg,https://raw.githubusercontent.com/SAL-Wholesale/Images/main/4485_015900331987.jpg
4486_015900270040.jpg,https://raw.githubusercontent.com/SAL-Wholesale/Images/main/4486_015900270040.jpg
44892_021000026494.jpg,https://raw.githubusercontent.com/SAL-Wholesale/Images/main/44892_021000026494.jpg
44932_017800410274.jpg,https://raw.githubusercontent.com/SAL-Wholesale/Images/main/44932_017800410274.jpg
44980_031000101008.jpg,https://raw.githubusercontent.com/SAL-Wholesale/Images/main/44980_031000101008.jpg
45011_073390004590.jpg,https://raw.githubusercontent.com/SAL-Wholesale/Images/main/45011_073390004590.jpg
4501_031000670900.jpg,https://raw.githubusercontent.com/SAL-Wholesale/Images/main/4501_031000670900.jpg
4505_036632007889.jpg,https://raw.githubusercontent.com/SAL-Wholesale/Images/main/4505_036632007889.jpg
45174_040000002635.jpg,https://raw.githubusercontent.com/SAL-Wholesale/Images/main/45174_040000002635.jpg
45175_040000004059.jpg,https://raw.githubusercontent.com/SAL-Wholesale/Images/main/45175_040000004059.jpg
45216_054000101830.jpg,https://raw.githubusercontent.com/SAL-Wholesale/Images/main/45216_054000101830.jpg
45471_051500048177.jpg,https://raw.githubusercontent.com/SAL-Wholesale/Images/main/45471_051500048177.jpg
45650_000081547311.jpg,https://raw.githubusercontent.com/SAL-Wholesale/Images/main/45650_000081547311.jpg
45720_000064420911.jpg,https://raw.githubusercontent.com/SAL-Wholesale/Images/main/45720_000064420911.jpg
45961_000088491211.jpg,https://raw.githubusercontent.com/SAL-Wholesale/Images/main/45961_000088491211.jpg
46049_026200140605.jpg,https://raw.githubusercontent.com/SAL-Wholesale/Images/main/46049_026200140605.jpg
46059_026200391908.jpg,https://raw.githubusercontent.com/SAL-Wholesale/Images/main/46059_026200391908.jpg
46071_029700001452.jpg,https://raw.githubusercontent.com/SAL-Wholesale/Images/main/46071_029700001452.jpg
46072_029700001414.jpg,https://raw.githubusercontent.com/SAL-Wholesale/Images/main/46072_029700001414.jpg
46073_029700001483.jpg,https://raw.githubusercontent.com/SAL-Wholesale/Images/main/46073_029700001483.jpg
46074_029700001476.jpg,https://raw.githubusercontent.com/SAL-Wholesale/Images/main/46074_029700001476.jpg
46076_029700001384.jpg,https://raw.githubusercontent.com/SAL-Wholesale/Images/main/46076_029700001384.jpg
46307_034000040476.jpg,https://raw.githubusercontent.com/SAL-Wholesale/Images/main/46307_034000040476.jpg
46393_039800011329.png,https://raw.githubusercontent.com/SAL-Wholesale/Images/main/46393_039800011329.png
46480_051933464803.jpg,https://raw.githubusercontent.com/SAL-Wholesale/Images/main/46480_051933464803.jpg
46493_049733091015.png,https://raw.githubusercontent.com/SAL-Wholesale/Images/main/46493_049733091015.png
46572_075725465724.jpg,https://raw.githubusercontent.com/SAL-Wholesale/Images/main/46572_075725465724.jpg
46721_030100001331.jpg,https://raw.githubusercontent.com/SAL-Wholesale/Images/main/46721_030100001331.jpg
46814_051933468146.jpg,https://raw.githubusercontent.com/SAL-Wholesale/Images/main/46814_051933468146.jpg
46832_051933468320.jpg,https://raw.githubusercontent.com/SAL-Wholesale/Images/main/46832_051933468320.jpg
46833_051933468337.jpg,https://raw.githubusercontent.com/SAL-Wholesale/Images/main/46833_051933468337.jpg
46871_079100003273.png,https://raw.githubusercontent.com/SAL-Wholesale/Images/main/46871_079100003273.png
47055_023700016256.jpg,https://raw.githubusercontent.com/SAL-Wholesale/Images/main/47055_023700016256.jpg
47073_087684004081.jpg,https://raw.githubusercontent.com/SAL-Wholesale/Images/main/47073_087684004081.jpg
47112_051933471122.jpg,https://raw.githubusercontent.com/SAL-Wholesale/Images/main/47112_051933471122.jpg
47157_051933471573.jpg,https://raw.githubusercontent.com/SAL-Wholesale/Images/main/47157_051933471573.jpg
47158_051933471580.jpg,https://raw.githubusercontent.com/SAL-Wholesale/Images/main/47158_051933471580.jpg
47161_051933471610.jpg,https://raw.githubusercontent.com/SAL-Wholesale/Images/main/47161_051933471610.jpg
47163_051933471634.jpg,https://raw.githubusercontent.com/SAL-Wholesale/Images/main/47163_051933471634.jpg
47167_051933471672.jpg,https://raw.githubusercontent.com/SAL-Wholesale/Images/main/47167_051933471672.jpg
47168_051933471689.jpg,https://raw.githubusercontent.com/SAL-Wholesale/Images/main/47168_051933471689.jpg
47169_051933471696.jpg,https://raw.githubusercontent.com/SAL-Wholesale/Images/main/47169_051933471696.jpg
47171_051933471719.jpg,https://raw.githubusercontent.com/SAL-Wholesale/Images/main/47171_051933471719.jpg
47193_043000953709.jpg,https://raw.githubusercontent.com/SAL-Wholesale/Images/main/47193_043000953709.jpg
47194_043000953686.jpg,https://raw.githubusercontent.com/SAL-Wholesale/Images/main/47194_043000953686.jpg
47317_013409343418.jpg,https://raw.githubusercontent.com/SAL-Wholesale/Images/main/47317_013409343418.jpg
47370_044700011638.jpg,https://raw.githubusercontent.com/SAL-Wholesale/Images/main/47370_044700011638.jpg
47400_044700011843.jpg,https://raw.githubusercontent.com/SAL-Wholesale/Images/main/47400_044700011843.jpg
47552_013000004664.jpg,https://raw.githubusercontent.com/SAL-Wholesale/Images/main/47552_013000004664.jpg
48048_082988010165.jpg,https://raw.githubusercontent.com/SAL-Wholesale/Images/main/48048_082988010165.jpg
48218_039156000138.jpg,https://raw.githubusercontent.com/SAL-Wholesale/Images/main/48218_039156000138.jpg
48219_039156002750.jpg,https://raw.githubusercontent.com/SAL-Wholesale/Images/main/48219_039156002750.jpg
48231_071072013779.jpg,https://raw.githubusercontent.com/SAL-Wholesale/Images/main/48231_071072013779.jpg
48238_051000062765.jpg,https://raw.githubusercontent.com/SAL-Wholesale/Images/main/48238_051000062765.jpg
48258_051933139756.jpg,https://raw.githubusercontent.com/SAL-Wholesale/Images/main/48258_051933139756.jpg
48266_072878275514.jpg,https://raw.githubusercontent.com/SAL-Wholesale/Images/main/48266_072878275514.jpg
48302_028000823177.png,https://raw.githubusercontent.com/SAL-Wholesale/Images/main/48302_028000823177.png
48316_044500341225.jpg,https://raw.githubusercontent.com/SAL-Wholesale/Images/main/48316_044500341225.jpg
48321_000085998711.png,https://raw.githubusercontent.com/SAL-Wholesale/Images/main/48321_000085998711.png
48376_015900235483.jpg,https://raw.githubusercontent.com/SAL-Wholesale/Images/main/48376_015900235483.jpg
48377_015900235650.jpg,https://raw.githubusercontent.com/SAL-Wholesale/Images/main/48377_015900235650.jpg
48681_044000032029.png,https://raw.githubusercontent.com/SAL-Wholesale/Images/main/48681_044000032029.png
49170_038000350559.jpg,https://raw.githubusercontent.com/SAL-Wholesale/Images/main/49170_038000350559.jpg
49219_021131301040.jpg,https://raw.githubusercontent.com/SAL-Wholesale/Images/main/49219_021131301040.jpg
49221_021131301347.jpg,https://raw.githubusercontent.com/SAL-Wholesale/Images/main/49221_021131301347.jpg
49266_027400264993.jpg,https://raw.githubusercontent.com/SAL-Wholesale/Images/main/49266_027400264993.jpg
49301_041900020149.jpg,https://raw.githubusercontent.com/SAL-Wholesale/Images/main/49301_041900020149.jpg
49304_041900037628.jpg,https://raw.githubusercontent.com/SAL-Wholesale/Images/main/49304_041900037628.jpg
49317_051933501195.jpg,https://raw.githubusercontent.com/SAL-Wholesale/Images/main/49317_051933501195.jpg
49362_034000173150.png,https://raw.githubusercontent.com/SAL-Wholesale/Images/main/49362_034000173150.png
49363_034000196302.jpg,https://raw.githubusercontent.com/SAL-Wholesale/Images/main/49363_034000196302.jpg
49365_034000176120.jpg,https://raw.githubusercontent.com/SAL-Wholesale/Images/main/49365_034000176120.jpg
49366_034000442669.jpg,https://raw.githubusercontent.com/SAL-Wholesale/Images/main/49366_034000442669.jpg
49381_017800149150.jpg,https://raw.githubusercontent.com/SAL-Wholesale/Images/main/49381_017800149150.jpg
49388_038100496218.jpg,https://raw.githubusercontent.com/SAL-Wholesale/Images/main/49388_038100496218.jpg
49426_073170600042.jpg,https://raw.githubusercontent.com/SAL-Wholesale/Images/main/49426_073170600042.jpg
49427_073170600080.jpg,https://raw.githubusercontent.com/SAL-Wholesale/Images/main/49427_073170600080.jpg
49576_000061126911.png,https://raw.githubusercontent.com/SAL-Wholesale/Images/main/49576_000061126911.png
49623_027815001114.jpg,https://raw.githubusercontent.com/SAL-Wholesale/Images/main/49623_027815001114.jpg
49647_000006452311.png,https://raw.githubusercontent.com/SAL-Wholesale/Images/main/49647_000006452311.png
49649_000006452311.jpg,https://raw.githubusercontent.com/SAL-Wholesale/Images/main/49649_000006452311.jpg
49683_044700000632.jpg,https://raw.githubusercontent.com/SAL-Wholesale/Images/main/49683_044700000632.jpg
49949_017800140980.png,https://raw.githubusercontent.com/SAL-Wholesale/Images/main/49949_017800140980.png
49953_079100004027.jpg,https://raw.githubusercontent.com/SAL-Wholesale/Images/main/49953_079100004027.jpg
49954_079100003242.jpg,https://raw.githubusercontent.com/SAL-Wholesale/Images/main/49954_079100003242.jpg
49969_076406051731.jpg,https://raw.githubusercontent.com/SAL-Wholesale/Images/main/49969_076406051731.jpg
49979_022000003195.jpg,https://raw.githubusercontent.com/SAL-Wholesale/Images/main/49979_022000003195.jpg
49981_034000000074.jpg,https://raw.githubusercontent.com/SAL-Wholesale/Images/main/49981_034000000074.jpg
49982_041116005275.png,https://raw.githubusercontent.com/SAL-Wholesale/Images/main/49982_041116005275.png
49983_041116005923.jpg,https://raw.githubusercontent.com/SAL-Wholesale/Images/main/49983_041116005923.jpg
49985_022110079806.jpg,https://raw.githubusercontent.com/SAL-Wholesale/Images/main/49985_022110079806.jpg
49991_022000006677.png,https://raw.githubusercontent.com/SAL-Wholesale/Images/main/49991_022000006677.png
50078_079200558338.jpg,https://raw.githubusercontent.com/SAL-Wholesale/Images/main/50078_079200558338.jpg
50080_034000312146.jpg,https://raw.githubusercontent.com/SAL-Wholesale/Images/main/50080_034000312146.jpg
50086_079200001643.jpg,https://raw.githubusercontent.com/SAL-Wholesale/Images/main/50086_079200001643.jpg
50087_079200173067.jpg,https://raw.githubusercontent.com/SAL-Wholesale/Images/main/50087_079200173067.jpg
50198_029243000103.jpg,https://raw.githubusercontent.com/SAL-Wholesale/Images/main/50198_029243000103.jpg
50202_086600752303.jpg,https://raw.githubusercontent.com/SAL-Wholesale/Images/main/50202_086600752303.jpg
50211_031000449957.jpg,https://raw.githubusercontent.com/SAL-Wholesale/Images/main/50211_031000449957.jpg
50222_000074370911.jpg,https://raw.githubusercontent.com/SAL-Wholesale/Images/main/50222_000074370911.jpg
50228_072350020564.jpg,https://raw.githubusercontent.com/SAL-Wholesale/Images/main/50228_072350020564.jpg
50245_070074626000.jpg,https://raw.githubusercontent.com/SAL-Wholesale/Images/main/50245_070074626000.jpg
50246_070074575414.jpg,https://raw.githubusercontent.com/SAL-Wholesale/Images/main/50246_070074575414.jpg
50275_050313151357.jpg,https://raw.githubusercontent.com/SAL-Wholesale/Images/main/50275_050313151357.jpg
50276_071845098309.jpg,https://raw.githubusercontent.com/SAL-Wholesale/Images/main/50276_071845098309.jpg
50278_070132002005.png,https://raw.githubusercontent.com/SAL-Wholesale/Images/main/50278_070132002005.png
50284_000061126911.png,https://raw.githubusercontent.com/SAL-Wholesale/Images/main/50284_000061126911.png
50448_000008500411.jpg,https://raw.githubusercontent.com/SAL-Wholesale/Images/main/50448_000008500411.jpg
50523_050000084500.jpg,https://raw.githubusercontent.com/SAL-Wholesale/Images/main/50523_050000084500.jpg
5063_000003008711.png,https://raw.githubusercontent.com/SAL-Wholesale/Images/main/5063_000003008711.png
5064_070074802404.png,https://raw.githubusercontent.com/SAL-Wholesale/Images/main/5064_070074802404.png
5065_070074539843.png,https://raw.githubusercontent.com/SAL-Wholesale/Images/main/5065_070074539843.png
50743_051933507432.jpg,https://raw.githubusercontent.com/SAL-Wholesale/Images/main/50743_051933507432.jpg
50920_044700092057.jpg,https://raw.githubusercontent.com/SAL-Wholesale/Images/main/50920_044700092057.jpg
51101_099900100873.png,https://raw.githubusercontent.com/SAL-Wholesale/Images/main/51101_099900100873.png
51161_022000008459.jpg,https://raw.githubusercontent.com/SAL-Wholesale/Images/main/51161_022000008459.jpg
51163_022000008916.jpg,https://raw.githubusercontent.com/SAL-Wholesale/Images/main/51163_022000008916.jpg
51165_072554001543.jpg,https://raw.githubusercontent.com/SAL-Wholesale/Images/main/51165_072554001543.jpg
51166_072554001536.jpg,https://raw.githubusercontent.com/SAL-Wholesale/Images/main/51166_072554001536.jpg
51217_011284003298.png,https://raw.githubusercontent.com/SAL-Wholesale/Images/main/51217_011284003298.png
51285_038000845260.jpg,https://raw.githubusercontent.com/SAL-Wholesale/Images/main/51285_038000845260.jpg
51354_046600028655.png,https://raw.githubusercontent.com/SAL-Wholesale/Images/main/51354_046600028655.png
51398_038000845253.jpg,https://raw.githubusercontent.com/SAL-Wholesale/Images/main/51398_038000845253.jpg
51472_000000008911.jpg,https://raw.githubusercontent.com/SAL-Wholesale/Images/main/51472_000000008911.jpg
51486_000000008911.jpg,https://raw.githubusercontent.com/SAL-Wholesale/Images/main/51486_000000008911.jpg
51654_014100085478.jpg,https://raw.githubusercontent.com/SAL-Wholesale/Images/main/51654_014100085478.jpg
51719_033844001315.jpg,https://raw.githubusercontent.com/SAL-Wholesale/Images/main/51719_033844001315.jpg
51721_033844001322.jpg,https://raw.githubusercontent.com/SAL-Wholesale/Images/main/51721_033844001322.jpg
51724_033844001070.jpg,https://raw.githubusercontent.com/SAL-Wholesale/Images/main/51724_033844001070.jpg
51727_033844003913.jpg,https://raw.githubusercontent.com/SAL-Wholesale/Images/main/51727_033844003913.jpg
51742_072820017063.png,https://raw.githubusercontent.com/SAL-Wholesale/Images/main/51742_072820017063.png
51743_072820170096.png,https://raw.githubusercontent.com/SAL-Wholesale/Images/main/51743_072820170096.png
51753_051933517530.jpg,https://raw.githubusercontent.com/SAL-Wholesale/Images/main/51753_051933517530.jpg
51771_033844005405.jpg,https://raw.githubusercontent.com/SAL-Wholesale/Images/main/51771_033844005405.jpg
51772_033844001056.jpg,https://raw.githubusercontent.com/SAL-Wholesale/Images/main/51772_033844001056.jpg
51788_076406021086.jpg,https://raw.githubusercontent.com/SAL-Wholesale/Images/main/51788_076406021086.jpg
51789_076406021093.jpg,https://raw.githubusercontent.com/SAL-Wholesale/Images/main/51789_076406021093.jpg
518_011284003076.png,https://raw.githubusercontent.com/SAL-Wholesale/Images/main/518_011284003076.png
51930_043595002752.jpg,https://raw.githubusercontent.com/SAL-Wholesale/Images/main/51930_043595002752.jpg
519_011284003038.png,https://raw.githubusercontent.com/SAL-Wholesale/Images/main/519_011284003038.png
52099_051933150546.jpg,https://raw.githubusercontent.com/SAL-Wholesale/Images/main/52099_051933150546.jpg
52152_044000033385.jpg,https://raw.githubusercontent.com/SAL-Wholesale/Images/main/52152_044000033385.jpg
52153_044000033392.jpg,https://raw.githubusercontent.com/SAL-Wholesale/Images/main/52153_044000033392.jpg
52171_036632036438.jpg,https://raw.githubusercontent.com/SAL-Wholesale/Images/main/52171_036632036438.jpg
52172_036632036414.jpg,https://raw.githubusercontent.com/SAL-Wholesale/Images/main/52172_036632036414.jpg
52221_NOUPC.jpg,https://raw.githubusercontent.com/SAL-Wholesale/Images/main/52221_NOUPC.jpg
52239_022000159335.png,https://raw.githubusercontent.com/SAL-Wholesale/Images/main/52239_022000159335.png
52241_073390000165.png,https://raw.githubusercontent.com/SAL-Wholesale/Images/main/52241_073390000165.png
52252_000061300911.jpg,https://raw.githubusercontent.com/SAL-Wholesale/Images/main/52252_000061300911.jpg
52253_000061300911.jpg,https://raw.githubusercontent.com/SAL-Wholesale/Images/main/52253_000061300911.jpg
52254_000061300911.jpg,https://raw.githubusercontent.com/SAL-Wholesale/Images/main/52254_000061300911.jpg
52267_028000133177.png,https://raw.githubusercontent.com/SAL-Wholesale/Images/main/52267_028000133177.png
52273_075669116126.jpg,https://raw.githubusercontent.com/SAL-Wholesale/Images/main/52273_075669116126.jpg
52341_076397202181.jpg,https://raw.githubusercontent.com/SAL-Wholesale/Images/main/52341_076397202181.jpg
52407_076397105604.jpg,https://raw.githubusercontent.com/SAL-Wholesale/Images/main/52407_076397105604.jpg
52608_015900235490.jpg,https://raw.githubusercontent.com/SAL-Wholesale/Images/main/52608_015900235490.jpg
52955_075243204133.jpg,https://raw.githubusercontent.com/SAL-Wholesale/Images/main/52955_075243204133.jpg
52966_075243204393.jpg,https://raw.githubusercontent.com/SAL-Wholesale/Images/main/52966_075243204393.jpg
53756_015000045210.jpg,https://raw.githubusercontent.com/SAL-Wholesale/Images/main/53756_015000045210.jpg
53758_015000045203.jpg,https://raw.githubusercontent.com/SAL-Wholesale/Images/main/53758_015000045203.jpg
53759_015000048303.png,https://raw.githubusercontent.com/SAL-Wholesale/Images/main/53759_015000048303.png
53762_015000047306.jpg,https://raw.githubusercontent.com/SAL-Wholesale/Images/main/53762_015000047306.jpg
53881_073124018800.jpg,https://raw.githubusercontent.com/SAL-Wholesale/Images/main/53881_073124018800.jpg
53947_079100510214.jpg,https://raw.githubusercontent.com/SAL-Wholesale/Images/main/53947_079100510214.jpg
53978_037000811138.jpg,https://raw.githubusercontent.com/SAL-Wholesale/Images/main/53978_037000811138.jpg
53991_051933539914.jpg,https://raw.githubusercontent.com/SAL-Wholesale/Images/main/53991_051933539914.jpg
54015_051000197597.jpg,https://raw.githubusercontent.com/SAL-Wholesale/Images/main/54015_051000197597.jpg
54139_000075417811.jpg,https://raw.githubusercontent.com/SAL-Wholesale/Images/main/54139_000075417811.jpg
54142_000075417811.jpg,https://raw.githubusercontent.com/SAL-Wholesale/Images/main/54142_000075417811.jpg
54143_000075417811.jpg,https://raw.githubusercontent.com/SAL-Wholesale/Images/main/54143_000075417811.jpg
54148_000075417811.jpg,https://raw.githubusercontent.com/SAL-Wholesale/Images/main/54148_000075417811.jpg
54172_076397004075.jpg,https://raw.githubusercontent.com/SAL-Wholesale/Images/main/54172_076397004075.jpg
54222_000088439511.jpg,https://raw.githubusercontent.com/SAL-Wholesale/Images/main/54222_000088439511.jpg
54223_015000076054.jpg,https://raw.githubusercontent.com/SAL-Wholesale/Images/main/54223_015000076054.jpg
54224_015000076047.jpg,https://raw.githubusercontent.com/SAL-Wholesale/Images/main/54224_015000076047.jpg
54225_015000076078.jpg,https://raw.githubusercontent.com/SAL-Wholesale/Images/main/54225_015000076078.jpg
54227_015000076009.jpg,https://raw.githubusercontent.com/SAL-Wholesale/Images/main/54227_015000076009.jpg
54228_015000076092.jpg,https://raw.githubusercontent.com/SAL-Wholesale/Images/main/54228_015000076092.jpg
54229_015000076023.jpg,https://raw.githubusercontent.com/SAL-Wholesale/Images/main/54229_015000076023.jpg
54231_015000076405.jpg,https://raw.githubusercontent.com/SAL-Wholesale/Images/main/54231_015000076405.jpg
54233_000088303811.png,https://raw.githubusercontent.com/SAL-Wholesale/Images/main/54233_000088303811.png
54246_010700060808.jpg,https://raw.githubusercontent.com/SAL-Wholesale/Images/main/54246_010700060808.jpg
54324_051933338982.jpg,https://raw.githubusercontent.com/SAL-Wholesale/Images/main/54324_051933338982.jpg
54613_064144043040.png,https://raw.githubusercontent.com/SAL-Wholesale/Images/main/54613_064144043040.png
54616_040697700364.png,https://raw.githubusercontent.com/SAL-Wholesale/Images/main/54616_040697700364.png
54645_030000451304.jpg,https://raw.githubusercontent.com/SAL-Wholesale/Images/main/54645_030000451304.jpg
54646_030000450178.jpg,https://raw.githubusercontent.com/SAL-Wholesale/Images/main/54646_030000450178.jpg
54688_038629000910.jpg,https://raw.githubusercontent.com/SAL-Wholesale/Images/main/54688_038629000910.jpg
54747_030800001891.jpg,https://raw.githubusercontent.com/SAL-Wholesale/Images/main/54747_030800001891.jpg
54787_072250007658.jpg,https://raw.githubusercontent.com/SAL-Wholesale/Images/main/54787_072250007658.jpg
54834_051933502024.jpg,https://raw.githubusercontent.com/SAL-Wholesale/Images/main/54834_051933502024.jpg
54837_000066507311.jpg,https://raw.githubusercontent.com/SAL-Wholesale/Images/main/54837_000066507311.jpg
54838_000066507311.jpg,https://raw.githubusercontent.com/SAL-Wholesale/Images/main/54838_000066507311.jpg
55033_071117024005.jpg,https://raw.githubusercontent.com/SAL-Wholesale/Images/main/55033_071117024005.jpg
55034_071117190113.png,https://raw.githubusercontent.com/SAL-Wholesale/Images/main/55034_071117190113.png
55035_031000184629.jpg,https://raw.githubusercontent.com/SAL-Wholesale/Images/main/55035_031000184629.jpg
55036_031000441104.png,https://raw.githubusercontent.com/SAL-Wholesale/Images/main/55036_031000441104.png
55037_031000441081.jpg,https://raw.githubusercontent.com/SAL-Wholesale/Images/main/55037_031000441081.jpg
55038_031000441098.jpg,https://raw.githubusercontent.com/SAL-Wholesale/Images/main/55038_031000441098.jpg
55058_071117025002.jpg,https://raw.githubusercontent.com/SAL-Wholesale/Images/main/55058_071117025002.jpg
55059_071117144260.jpg,https://raw.githubusercontent.com/SAL-Wholesale/Images/main/55059_071117144260.jpg
55073_037071512002.jpg,https://raw.githubusercontent.com/SAL-Wholesale/Images/main/55073_037071512002.jpg
55182_037600070607.jpg,https://raw.githubusercontent.com/SAL-Wholesale/Images/main/55182_037600070607.jpg
55183_037600085298.jpg,https://raw.githubusercontent.com/SAL-Wholesale/Images/main/55183_037600085298.jpg
55184_037600349864.jpg,https://raw.githubusercontent.com/SAL-Wholesale/Images/main/55184_037600349864.jpg
55374_022000005120.png,https://raw.githubusercontent.com/SAL-Wholesale/Images/main/55374_022000005120.png
55376_022000014757.jpg,https://raw.githubusercontent.com/SAL-Wholesale/Images/main/55376_022000014757.jpg
55377_034000006656.jpg,https://raw.githubusercontent.com/SAL-Wholesale/Images/main/55377_034000006656.jpg
55387_073390000110.png,https://raw.githubusercontent.com/SAL-Wholesale/Images/main/55387_073390000110.png
55542_080000006721.jpg,https://raw.githubusercontent.com/SAL-Wholesale/Images/main/55542_080000006721.jpg
55953_023402087103.jpg,https://raw.githubusercontent.com/SAL-Wholesale/Images/main/55953_023402087103.jpg
56007_011284006251.png,https://raw.githubusercontent.com/SAL-Wholesale/Images/main/56007_011284006251.png
56008_011284006268.jpg,https://raw.githubusercontent.com/SAL-Wholesale/Images/main/56008_011284006268.jpg
56091_029000008229.jpg,https://raw.githubusercontent.com/SAL-Wholesale/Images/main/56091_029000008229.jpg
56092_000061300911.png,https://raw.githubusercontent.com/SAL-Wholesale/Images/main/56092_000061300911.png
56093_000061300911.jpg,https://raw.githubusercontent.com/SAL-Wholesale/Images/main/56093_000061300911.jpg
56104_000074370911.png,https://raw.githubusercontent.com/SAL-Wholesale/Images/main/56104_000074370911.png
56105_000074370911.png,https://raw.githubusercontent.com/SAL-Wholesale/Images/main/56105_000074370911.png
56129_051933561298.jpg,https://raw.githubusercontent.com/SAL-Wholesale/Images/main/56129_051933561298.jpg
56131_000082546411.png,https://raw.githubusercontent.com/SAL-Wholesale/Images/main/56131_000082546411.png
56132_000082546411.jpg,https://raw.githubusercontent.com/SAL-Wholesale/Images/main/56132_000082546411.jpg
56134_000082546411.png,https://raw.githubusercontent.com/SAL-Wholesale/Images/main/56134_000082546411.png
56139_000082546411.png,https://raw.githubusercontent.com/SAL-Wholesale/Images/main/56139_000082546411.png
56141_000082546411.png,https://raw.githubusercontent.com/SAL-Wholesale/Images/main/56141_000082546411.png
56165_071524102945.png,https://raw.githubusercontent.com/SAL-Wholesale/Images/main/56165_071524102945.png
56166_071524302550.jpg,https://raw.githubusercontent.com/SAL-Wholesale/Images/main/56166_071524302550.jpg
56167_071524104123.jpg,https://raw.githubusercontent.com/SAL-Wholesale/Images/main/56167_071524104123.jpg
56168_071524100354.png,https://raw.githubusercontent.com/SAL-Wholesale/Images/main/56168_071524100354.png
56169_071524169832.jpg,https://raw.githubusercontent.com/SAL-Wholesale/Images/main/56169_071524169832.jpg
56192_041387929850.jpg,https://raw.githubusercontent.com/SAL-Wholesale/Images/main/56192_041387929850.jpg
56193_041387102406.jpg,https://raw.githubusercontent.com/SAL-Wholesale/Images/main/56193_041387102406.jpg
5636_000075444211.png,https://raw.githubusercontent.com/SAL-Wholesale/Images/main/5636_000075444211.png
56553_027700679022.jpg,https://raw.githubusercontent.com/SAL-Wholesale/Images/main/56553_027700679022.jpg
56777_041789003011.jpg,https://raw.githubusercontent.com/SAL-Wholesale/Images/main/56777_041789003011.jpg
56778_041789003028.png,https://raw.githubusercontent.com/SAL-Wholesale/Images/main/56778_041789003028.png
56983_044000006808.png,https://raw.githubusercontent.com/SAL-Wholesale/Images/main/56983_044000006808.png
56984_044000006792.png,https://raw.githubusercontent.com/SAL-Wholesale/Images/main/56984_044000006792.png
56986_044000003067.jpg,https://raw.githubusercontent.com/SAL-Wholesale/Images/main/56986_044000003067.jpg
57041_033844001360.jpg,https://raw.githubusercontent.com/SAL-Wholesale/Images/main/57041_033844001360.jpg
57042_033844001377.jpg,https://raw.githubusercontent.com/SAL-Wholesale/Images/main/57042_033844001377.jpg
57043_033844001384.jpg,https://raw.githubusercontent.com/SAL-Wholesale/Images/main/57043_033844001384.jpg
57044_033844004262.jpg,https://raw.githubusercontent.com/SAL-Wholesale/Images/main/57044_033844004262.jpg
57131_071524020034.jpg,https://raw.githubusercontent.com/SAL-Wholesale/Images/main/57131_071524020034.jpg
57132_071524000197.png,https://raw.githubusercontent.com/SAL-Wholesale/Images/main/57132_071524000197.png
57133_071524154654.jpg,https://raw.githubusercontent.com/SAL-Wholesale/Images/main/57133_071524154654.jpg
57134_071524302505.jpg,https://raw.githubusercontent.com/SAL-Wholesale/Images/main/57134_071524302505.jpg
57135_071524017676.png,https://raw.githubusercontent.com/SAL-Wholesale/Images/main/57135_071524017676.png
57136_071524102617.jpg,https://raw.githubusercontent.com/SAL-Wholesale/Images/main/57136_071524102617.jpg
57138_071524162536.jpg,https://raw.githubusercontent.com/SAL-Wholesale/Images/main/57138_071524162536.jpg
57139_071524103393.jpg,https://raw.githubusercontent.com/SAL-Wholesale/Images/main/57139_071524103393.jpg
57141_071524102891.png,https://raw.githubusercontent.com/SAL-Wholesale/Images/main/57141_071524102891.png
57142_071524160075.jpg,https://raw.githubusercontent.com/SAL-Wholesale/Images/main/57142_071524160075.jpg
57143_071524102198.jpg,https://raw.githubusercontent.com/SAL-Wholesale/Images/main/57143_071524102198.jpg
57144_071524104055.jpg,https://raw.githubusercontent.com/SAL-Wholesale/Images/main/57144_071524104055.jpg
57145_071524019960.jpg,https://raw.githubusercontent.com/SAL-Wholesale/Images/main/57145_071524019960.jpg
57146_071524160709.jpg,https://raw.githubusercontent.com/SAL-Wholesale/Images/main/57146_071524160709.jpg
57147_071524154753.jpg,https://raw.githubusercontent.com/SAL-Wholesale/Images/main/57147_071524154753.jpg
57148_071524166589.png,https://raw.githubusercontent.com/SAL-Wholesale/Images/main/57148_071524166589.png
57151_074734088504.jpg,https://raw.githubusercontent.com/SAL-Wholesale/Images/main/57151_074734088504.jpg
57152_074734088429.jpg,https://raw.githubusercontent.com/SAL-Wholesale/Images/main/57152_074734088429.jpg
57153_077885882007.png,https://raw.githubusercontent.com/SAL-Wholesale/Images/main/57153_077885882007.png
57154_097339000047.png,https://raw.githubusercontent.com/SAL-Wholesale/Images/main/57154_097339000047.png
57155_097339000030.png,https://raw.githubusercontent.com/SAL-Wholesale/Images/main/57155_097339000030.png
57157_072360002086.jpg,https://raw.githubusercontent.com/SAL-Wholesale/Images/main/57157_072360002086.jpg
57172_034856050988.jpg,https://raw.githubusercontent.com/SAL-Wholesale/Images/main/57172_034856050988.jpg
57186_073170576224.png,https://raw.githubusercontent.com/SAL-Wholesale/Images/main/57186_073170576224.png
57187_073170127969.jpg,https://raw.githubusercontent.com/SAL-Wholesale/Images/main/57187_073170127969.jpg
57195_050000571987.jpg,https://raw.githubusercontent.com/SAL-Wholesale/Images/main/57195_050000571987.jpg
57196_050000170180.jpg,https://raw.githubusercontent.com/SAL-Wholesale/Images/main/57196_050000170180.jpg
57197_050000423347.jpg,https://raw.githubusercontent.com/SAL-Wholesale/Images/main/57197_050000423347.jpg
57198_050000579631.png,https://raw.githubusercontent.com/SAL-Wholesale/Images/main/57198_050000579631.png
57221_000006614411.jpg,https://raw.githubusercontent.com/SAL-Wholesale/Images/main/57221_000006614411.jpg
57228_028042001298.jpg,https://raw.githubusercontent.com/SAL-Wholesale/Images/main/57228_028042001298.jpg
57232_040000000310.jpg,https://raw.githubusercontent.com/SAL-Wholesale/Images/main/57232_040000000310.jpg
57233_000066507311.png,https://raw.githubusercontent.com/SAL-Wholesale/Images/main/57233_000066507311.png
57245_000085663911.jpg,https://raw.githubusercontent.com/SAL-Wholesale/Images/main/57245_000085663911.jpg
57246_000068208211.jpg,https://raw.githubusercontent.com/SAL-Wholesale/Images/main/57246_000068208211.jpg
57247_000068208211.png,https://raw.githubusercontent.com/SAL-Wholesale/Images/main/57247_000068208211.png
57248_000068208211.jpg,https://raw.githubusercontent.com/SAL-Wholesale/Images/main/57248_000068208211.jpg
57249_000068208211.jpg,https://raw.githubusercontent.com/SAL-Wholesale/Images/main/57249_000068208211.jpg
57257_089392121128.jpg,https://raw.githubusercontent.com/SAL-Wholesale/Images/main/57257_089392121128.jpg
57258_089392121135.jpg,https://raw.githubusercontent.com/SAL-Wholesale/Images/main/57258_089392121135.jpg
57259_089392121012.jpg,https://raw.githubusercontent.com/SAL-Wholesale/Images/main/57259_089392121012.jpg
57317_031000007355.jpg,https://raw.githubusercontent.com/SAL-Wholesale/Images/main/57317_031000007355.jpg
57318_031000007386.jpg,https://raw.githubusercontent.com/SAL-Wholesale/Images/main/57318_031000007386.jpg
57319_031000007225.jpg,https://raw.githubusercontent.com/SAL-Wholesale/Images/main/57319_031000007225.jpg
57322_031000007379.jpg,https://raw.githubusercontent.com/SAL-Wholesale/Images/main/57322_031000007379.jpg
57323_031000007300.jpg,https://raw.githubusercontent.com/SAL-Wholesale/Images/main/57323_031000007300.jpg
57324_031000007317.jpg,https://raw.githubusercontent.com/SAL-Wholesale/Images/main/57324_031000007317.jpg
57325_031000007201.jpg,https://raw.githubusercontent.com/SAL-Wholesale/Images/main/57325_031000007201.jpg
57534_029988243100.jpg,https://raw.githubusercontent.com/SAL-Wholesale/Images/main/57534_029988243100.jpg
57639_020307585215.jpg,https://raw.githubusercontent.com/SAL-Wholesale/Images/main/57639_020307585215.jpg
57641_020307585727.jpg,https://raw.githubusercontent.com/SAL-Wholesale/Images/main/57641_020307585727.jpg
57694_000070897111.png,https://raw.githubusercontent.com/SAL-Wholesale/Images/main/57694_000070897111.png
57695_000070897111.png,https://raw.githubusercontent.com/SAL-Wholesale/Images/main/57695_000070897111.png
57881_000006452311.png,https://raw.githubusercontent.com/SAL-Wholesale/Images/main/57881_000006452311.png
57931_070847811169.png,https://raw.githubusercontent.com/SAL-Wholesale/Images/main/57931_070847811169.png
57932_070847012474.png,https://raw.githubusercontent.com/SAL-Wholesale/Images/main/57932_070847012474.png
57946_079100521951.jpg,https://raw.githubusercontent.com/SAL-Wholesale/Images/main/57946_079100521951.jpg
57951_051933579514.jpg,https://raw.githubusercontent.com/SAL-Wholesale/Images/main/57951_051933579514.jpg
57952_051933579521.jpg,https://raw.githubusercontent.com/SAL-Wholesale/Images/main/57952_051933579521.jpg
57953_051933579538.jpg,https://raw.githubusercontent.com/SAL-Wholesale/Images/main/57953_051933579538.jpg
58049_072878275705.jpg,https://raw.githubusercontent.com/SAL-Wholesale/Images/main/58049_072878275705.jpg
5832_028000571207.jpg,https://raw.githubusercontent.com/SAL-Wholesale/Images/main/5832_028000571207.jpg
58337_000082927511.jpg,https://raw.githubusercontent.com/SAL-Wholesale/Images/main/58337_000082927511.jpg
58338_079100942039.jpg,https://raw.githubusercontent.com/SAL-Wholesale/Images/main/58338_079100942039.jpg
5833_028000361204.png,https://raw.githubusercontent.com/SAL-Wholesale/Images/main/5833_028000361204.png
5834_028000361303.png,https://raw.githubusercontent.com/SAL-Wholesale/Images/main/5834_028000361303.png
58353_072250011952.jpg,https://raw.githubusercontent.com/SAL-Wholesale/Images/main/58353_072250011952.jpg
58354_072250011907.png,https://raw.githubusercontent.com/SAL-Wholesale/Images/main/58354_072250011907.png
58355_072250011921.jpg,https://raw.githubusercontent.com/SAL-Wholesale/Images/main/58355_072250011921.jpg
58358_042800116000.jpg,https://raw.githubusercontent.com/SAL-Wholesale/Images/main/58358_042800116000.jpg
58359_042800114006.jpg,https://raw.githubusercontent.com/SAL-Wholesale/Images/main/58359_042800114006.jpg
58364_015000076030.jpg,https://raw.githubusercontent.com/SAL-Wholesale/Images/main/58364_015000076030.jpg
58365_015000076016.jpg,https://raw.githubusercontent.com/SAL-Wholesale/Images/main/58365_015000076016.jpg
58366_015000076429.jpg,https://raw.githubusercontent.com/SAL-Wholesale/Images/main/58366_015000076429.jpg
58381_051500255162.png,https://raw.githubusercontent.com/SAL-Wholesale/Images/main/58381_051500255162.png
58397_054400000054.jpg,https://raw.githubusercontent.com/SAL-Wholesale/Images/main/58397_054400000054.jpg
58398_071100005516.jpg,https://raw.githubusercontent.com/SAL-Wholesale/Images/main/58398_071100005516.jpg
58408_028000393311.jpg,https://raw.githubusercontent.com/SAL-Wholesale/Images/main/58408_028000393311.jpg
58431_090478410616.png,https://raw.githubusercontent.com/SAL-Wholesale/Images/main/58431_090478410616.png
58478_011284003151.jpg,https://raw.githubusercontent.com/SAL-Wholesale/Images/main/58478_011284003151.jpg
58568_000001007111.jpg,https://raw.githubusercontent.com/SAL-Wholesale/Images/main/58568_000001007111.jpg
58903_077900706158.jpg,https://raw.githubusercontent.com/SAL-Wholesale/Images/main/58903_077900706158.jpg
58904_077900502125.jpg,https://raw.githubusercontent.com/SAL-Wholesale/Images/main/58904_077900502125.jpg
58905_072180634818.jpg,https://raw.githubusercontent.com/SAL-Wholesale/Images/main/58905_072180634818.jpg
58952_010700556868.jpg,https://raw.githubusercontent.com/SAL-Wholesale/Images/main/58952_010700556868.jpg
58957_000000686711.jpg,https://raw.githubusercontent.com/SAL-Wholesale/Images/main/58957_000000686711.jpg
58964_094046000018.jpg,https://raw.githubusercontent.com/SAL-Wholesale/Images/main/58964_094046000018.jpg
58969_079400265401.png,https://raw.githubusercontent.com/SAL-Wholesale/Images/main/58969_079400265401.png
58970_073390055158.jpg,https://raw.githubusercontent.com/SAL-Wholesale/Images/main/58970_073390055158.jpg
59024_000016587411.jpg,https://raw.githubusercontent.com/SAL-Wholesale/Images/main/59024_000016587411.jpg
59026_000016587411.jpg,https://raw.githubusercontent.com/SAL-Wholesale/Images/main/59026_000016587411.jpg
59038_019800701956.png,https://raw.githubusercontent.com/SAL-Wholesale/Images/main/59038_019800701956.png
59069_074806001608.jpg,https://raw.githubusercontent.com/SAL-Wholesale/Images/main/59069_074806001608.jpg
59163_026200117508.jpg,https://raw.githubusercontent.com/SAL-Wholesale/Images/main/59163_026200117508.jpg
59311_075278950050.jpg,https://raw.githubusercontent.com/SAL-Wholesale/Images/main/59311_075278950050.jpg
59312_071117181548.png,https://raw.githubusercontent.com/SAL-Wholesale/Images/main/59312_071117181548.png
59372_000088831411.jpg,https://raw.githubusercontent.com/SAL-Wholesale/Images/main/59372_000088831411.jpg
59373_000088831411.jpg,https://raw.githubusercontent.com/SAL-Wholesale/Images/main/59373_000088831411.jpg
59374_043595027946.png,https://raw.githubusercontent.com/SAL-Wholesale/Images/main/59374_043595027946.png
59382_027815300514.jpg,https://raw.githubusercontent.com/SAL-Wholesale/Images/main/59382_027815300514.jpg
59416_054500193526.png,https://raw.githubusercontent.com/SAL-Wholesale/Images/main/59416_054500193526.png
59418_044500339055.jpg,https://raw.githubusercontent.com/SAL-Wholesale/Images/main/59418_044500339055.jpg
59432_015900000241.jpg,https://raw.githubusercontent.com/SAL-Wholesale/Images/main/59432_015900000241.jpg
59434_015900000203.jpg,https://raw.githubusercontent.com/SAL-Wholesale/Images/main/59434_015900000203.jpg
59436_015900002238.png,https://raw.githubusercontent.com/SAL-Wholesale/Images/main/59436_015900002238.png
59438_015900000999.jpg,https://raw.githubusercontent.com/SAL-Wholesale/Images/main/59438_015900000999.jpg
59439_015900140633.jpg,https://raw.githubusercontent.com/SAL-Wholesale/Images/main/59439_015900140633.jpg
59560_082988000166.jpg,https://raw.githubusercontent.com/SAL-Wholesale/Images/main/59560_082988000166.jpg
59702_040697412045.jpg,https://raw.githubusercontent.com/SAL-Wholesale/Images/main/59702_040697412045.jpg
59721_073435000044.jpg,https://raw.githubusercontent.com/SAL-Wholesale/Images/main/59721_073435000044.jpg
59746_072180634719.jpg,https://raw.githubusercontent.com/SAL-Wholesale/Images/main/59746_072180634719.jpg
5974_043301305818.png,https://raw.githubusercontent.com/SAL-Wholesale/Images/main/5974_043301305818.png
59826_043301305771.jpg,https://raw.githubusercontent.com/SAL-Wholesale/Images/main/59826_043301305771.jpg
59830_042800107008.jpg,https://raw.githubusercontent.com/SAL-Wholesale/Images/main/59830_042800107008.jpg
60000_072878505239.jpg,https://raw.githubusercontent.com/SAL-Wholesale/Images/main/60000_072878505239.jpg
60040_072878515276.jpg,https://raw.githubusercontent.com/SAL-Wholesale/Images/main/60040_072878515276.jpg
60125_000074182311.jpg,https://raw.githubusercontent.com/SAL-Wholesale/Images/main/60125_000074182311.jpg
60240_030000038888.jpg,https://raw.githubusercontent.com/SAL-Wholesale/Images/main/60240_030000038888.jpg
60308_000085143511.png,https://raw.githubusercontent.com/SAL-Wholesale/Images/main/60308_000085143511.png
60340_076397001289.jpg,https://raw.githubusercontent.com/SAL-Wholesale/Images/main/60340_076397001289.jpg
60350_076397003283.jpg,https://raw.githubusercontent.com/SAL-Wholesale/Images/main/60350_076397003283.jpg
60402_076406023103.png,https://raw.githubusercontent.com/SAL-Wholesale/Images/main/60402_076406023103.png
60462_076406021604.png,https://raw.githubusercontent.com/SAL-Wholesale/Images/main/60462_076406021604.png
60472_076406021802.png,https://raw.githubusercontent.com/SAL-Wholesale/Images/main/60472_076406021802.png
60648_051933606487.jpg,https://raw.githubusercontent.com/SAL-Wholesale/Images/main/60648_051933606487.jpg
6068_010700804228.jpg,https://raw.githubusercontent.com/SAL-Wholesale/Images/main/6068_010700804228.jpg
6143_099900625468.png,https://raw.githubusercontent.com/SAL-Wholesale/Images/main/6143_099900625468.png
61750_051933501706.jpg,https://raw.githubusercontent.com/SAL-Wholesale/Images/main/61750_051933501706.jpg
61770_051933617704.jpg,https://raw.githubusercontent.com/SAL-Wholesale/Images/main/61770_051933617704.jpg
61870_034000003860.jpg,https://raw.githubusercontent.com/SAL-Wholesale/Images/main/61870_034000003860.jpg
61970_012005000077.jpg,https://raw.githubusercontent.com/SAL-Wholesale/Images/main/61970_012005000077.jpg
62316_043695071122.jpg,https://raw.githubusercontent.com/SAL-Wholesale/Images/main/62316_043695071122.jpg
62386_051933623866.jpg,https://raw.githubusercontent.com/SAL-Wholesale/Images/main/62386_051933623866.jpg
62422_021131504755.jpg,https://raw.githubusercontent.com/SAL-Wholesale/Images/main/62422_021131504755.jpg
62469_040697740506.jpg,https://raw.githubusercontent.com/SAL-Wholesale/Images/main/62469_040697740506.jpg
62478_040697740490.jpg,https://raw.githubusercontent.com/SAL-Wholesale/Images/main/62478_040697740490.jpg
62520_013300124079.png,https://raw.githubusercontent.com/SAL-Wholesale/Images/main/62520_013300124079.png
62558_051933325357.jpg,https://raw.githubusercontent.com/SAL-Wholesale/Images/main/62558_051933325357.jpg
62621_051500048153.jpg,https://raw.githubusercontent.com/SAL-Wholesale/Images/main/62621_051500048153.jpg
62652_013409352311.jpg,https://raw.githubusercontent.com/SAL-Wholesale/Images/main/62652_013409352311.jpg
62659_035000530967.jpg,https://raw.githubusercontent.com/SAL-Wholesale/Images/main/62659_035000530967.jpg
62695_051933626959.jpg,https://raw.githubusercontent.com/SAL-Wholesale/Images/main/62695_051933626959.jpg
62696_051933630062.jpg,https://raw.githubusercontent.com/SAL-Wholesale/Images/main/62696_051933630062.jpg
62733_051933627338.jpg,https://raw.githubusercontent.com/SAL-Wholesale/Images/main/62733_051933627338.jpg
62819_051933503762.jpg,https://raw.githubusercontent.com/SAL-Wholesale/Images/main/62819_051933503762.jpg
62820_000000686711.jpg,https://raw.githubusercontent.com/SAL-Wholesale/Images/main/62820_000000686711.jpg
62848_075226515157.jpg,https://raw.githubusercontent.com/SAL-Wholesale/Images/main/62848_075226515157.jpg
62893_000087694111.png,https://raw.githubusercontent.com/SAL-Wholesale/Images/main/62893_000087694111.png
62898_070575042491.jpg,https://raw.githubusercontent.com/SAL-Wholesale/Images/main/62898_070575042491.jpg
62899_070575042583.jpg,https://raw.githubusercontent.com/SAL-Wholesale/Images/main/62899_070575042583.jpg
62959_051933629592.jpg,https://raw.githubusercontent.com/SAL-Wholesale/Images/main/62959_051933629592.jpg
62973_043000051337.jpg,https://raw.githubusercontent.com/SAL-Wholesale/Images/main/62973_043000051337.jpg
62981_000072057911.jpg,https://raw.githubusercontent.com/SAL-Wholesale/Images/main/62981_000072057911.jpg
62991_051933115156.jpg,https://raw.githubusercontent.com/SAL-Wholesale/Images/main/62991_051933115156.jpg
62992.jpg,https://raw.githubusercontent.com/SAL-Wholesale/Images/main/62992.jpg
629_072392010417.png,https://raw.githubusercontent.com/SAL-Wholesale/Images/main/629_072392010417.png
63015_070272232027.jpg,https://raw.githubusercontent.com/SAL-Wholesale/Images/main/63015_070272232027.jpg
63144_000068055711.jpg,https://raw.githubusercontent.com/SAL-Wholesale/Images/main/63144_000068055711.jpg
6319_042400200581.jpg,https://raw.githubusercontent.com/SAL-Wholesale/Images/main/6319_042400200581.jpg
631_072392010424.jpg,https://raw.githubusercontent.com/SAL-Wholesale/Images/main/631_072392010424.jpg
632_072392010448.jpg,https://raw.githubusercontent.com/SAL-Wholesale/Images/main/632_072392010448.jpg
633_072392010479.jpg,https://raw.githubusercontent.com/SAL-Wholesale/Images/main/633_072392010479.jpg
6347_071287209714.jpg,https://raw.githubusercontent.com/SAL-Wholesale/Images/main/6347_071287209714.jpg
634_072392009404.jpg,https://raw.githubusercontent.com/SAL-Wholesale/Images/main/634_072392009404.jpg
63521_081864201208.jpg,https://raw.githubusercontent.com/SAL-Wholesale/Images/main/63521_081864201208.jpg
63522_081864202205.jpg,https://raw.githubusercontent.com/SAL-Wholesale/Images/main/63522_081864202205.jpg
635_072392009428.png,https://raw.githubusercontent.com/SAL-Wholesale/Images/main/635_072392009428.png
63643_000072552611.png,https://raw.githubusercontent.com/SAL-Wholesale/Images/main/63643_000072552611.png
63644_000072552611.png,https://raw.githubusercontent.com/SAL-Wholesale/Images/main/63644_000072552611.png
63650_031000101305.jpg,https://raw.githubusercontent.com/SAL-Wholesale/Images/main/63650_031000101305.jpg
636_072392009473.png,https://raw.githubusercontent.com/SAL-Wholesale/Images/main/636_072392009473.png
637_072392009459.jpg,https://raw.githubusercontent.com/SAL-Wholesale/Images/main/637_072392009459.jpg
64160_040000443278.jpg,https://raw.githubusercontent.com/SAL-Wholesale/Images/main/64160_040000443278.jpg
64170_040000424314.png,https://raw.githubusercontent.com/SAL-Wholesale/Images/main/64170_040000424314.png
64177_040000422068.jpg,https://raw.githubusercontent.com/SAL-Wholesale/Images/main/64177_040000422068.jpg
64189_040000422082.png,https://raw.githubusercontent.com/SAL-Wholesale/Images/main/64189_040000422082.png
64225_034000171156.jpg,https://raw.githubusercontent.com/SAL-Wholesale/Images/main/64225_034000171156.jpg
64270_000000686811.jpg,https://raw.githubusercontent.com/SAL-Wholesale/Images/main/64270_000000686811.jpg
64390_048001715035.png,https://raw.githubusercontent.com/SAL-Wholesale/Images/main/64390_048001715035.png
64460_028000157852.png,https://raw.githubusercontent.com/SAL-Wholesale/Images/main/64460_028000157852.png
64508_000086876211.png,https://raw.githubusercontent.com/SAL-Wholesale/Images/main/64508_000086876211.png
64621_000006452311.png,https://raw.githubusercontent.com/SAL-Wholesale/Images/main/64621_000006452311.png
64758_051933647589.jpg,https://raw.githubusercontent.com/SAL-Wholesale/Images/main/64758_051933647589.jpg
64759_034000177141.jpg,https://raw.githubusercontent.com/SAL-Wholesale/Images/main/64759_034000177141.jpg
64889_041500805023.jpg,https://raw.githubusercontent.com/SAL-Wholesale/Images/main/64889_041500805023.jpg
65167_051933651678.jpg,https://raw.githubusercontent.com/SAL-Wholesale/Images/main/65167_051933651678.jpg
6516_070230116147.jpg,https://raw.githubusercontent.com/SAL-Wholesale/Images/main/6516_070230116147.jpg
65342_051933653429.jpg,https://raw.githubusercontent.com/SAL-Wholesale/Images/main/65342_051933653429.jpg
65685_051933656857.jpg,https://raw.githubusercontent.com/SAL-Wholesale/Images/main/65685_051933656857.jpg
6568_070200790056.jpg,https://raw.githubusercontent.com/SAL-Wholesale/Images/main/6568_070200790056.jpg
65721_000071941111.jpg,https://raw.githubusercontent.com/SAL-Wholesale/Images/main/65721_000071941111.jpg
65744_051933657441.jpg,https://raw.githubusercontent.com/SAL-Wholesale/Images/main/65744_051933657441.jpg
65790_000081547311.png,https://raw.githubusercontent.com/SAL-Wholesale/Images/main/65790_000081547311.png
65799_051933657991.jpg,https://raw.githubusercontent.com/SAL-Wholesale/Images/main/65799_051933657991.jpg
65830_087932600706.jpg,https://raw.githubusercontent.com/SAL-Wholesale/Images/main/65830_087932600706.jpg
65840_087932600331.jpg,https://raw.githubusercontent.com/SAL-Wholesale/Images/main/65840_087932600331.jpg
65850_087932600096.jpg,https://raw.githubusercontent.com/SAL-Wholesale/Images/main/65850_087932600096.jpg
65860_087932600508.jpg,https://raw.githubusercontent.com/SAL-Wholesale/Images/main/65860_087932600508.jpg
65870_087932600515.jpg,https://raw.githubusercontent.com/SAL-Wholesale/Images/main/65870_087932600515.jpg
65873_015000070014.jpg,https://raw.githubusercontent.com/SAL-Wholesale/Images/main/65873_015000070014.jpg
65884_015000070038.jpg,https://raw.githubusercontent.com/SAL-Wholesale/Images/main/65884_015000070038.jpg
65890_087932600560.jpg,https://raw.githubusercontent.com/SAL-Wholesale/Images/main/65890_087932600560.jpg
65900_087932600645.jpg,https://raw.githubusercontent.com/SAL-Wholesale/Images/main/65900_087932600645.jpg
65914_000006112711.png,https://raw.githubusercontent.com/SAL-Wholesale/Images/main/65914_000006112711.png
65920_000085224411.jpg,https://raw.githubusercontent.com/SAL-Wholesale/Images/main/65920_000085224411.jpg
65940_000081547311.jpg,https://raw.githubusercontent.com/SAL-Wholesale/Images/main/65940_000081547311.jpg
65945_051933659452.jpg,https://raw.githubusercontent.com/SAL-Wholesale/Images/main/65945_051933659452.jpg
65950_000081547311.jpg,https://raw.githubusercontent.com/SAL-Wholesale/Images/main/65950_000081547311.jpg
65956_051933659568.jpg,https://raw.githubusercontent.com/SAL-Wholesale/Images/main/65956_051933659568.jpg
65960_000081547311.jpg,https://raw.githubusercontent.com/SAL-Wholesale/Images/main/65960_000081547311.jpg
65967_051933659674.jpg,https://raw.githubusercontent.com/SAL-Wholesale/Images/main/65967_051933659674.jpg
65976_051933659766.jpg,https://raw.githubusercontent.com/SAL-Wholesale/Images/main/65976_051933659766.jpg
65977_051933659773.jpg,https://raw.githubusercontent.com/SAL-Wholesale/Images/main/65977_051933659773.jpg
65984_079100513529.jpg,https://raw.githubusercontent.com/SAL-Wholesale/Images/main/65984_079100513529.jpg
66011.jpg,https://raw.githubusercontent.com/SAL-Wholesale/Images/main/66011.jpg
66013.jpg,https://raw.githubusercontent.com/SAL-Wholesale/Images/main/66013.jpg
66154_000051933111.jpg,https://raw.githubusercontent.com/SAL-Wholesale/Images/main/66154_000051933111.jpg
66155_051933151901.jpg,https://raw.githubusercontent.com/SAL-Wholesale/Images/main/66155_051933151901.jpg
66270_000081547311.jpg,https://raw.githubusercontent.com/SAL-Wholesale/Images/main/66270_000081547311.jpg
66581_051933665811.jpg,https://raw.githubusercontent.com/SAL-Wholesale/Images/main/66581_051933665811.jpg
66586_051933665866.jpg,https://raw.githubusercontent.com/SAL-Wholesale/Images/main/66586_051933665866.jpg
66587_051933665873.jpg,https://raw.githubusercontent.com/SAL-Wholesale/Images/main/66587_051933665873.jpg
66670_000087066311.png,https://raw.githubusercontent.com/SAL-Wholesale/Images/main/66670_000087066311.png
66725_051933667259.jpg,https://raw.githubusercontent.com/SAL-Wholesale/Images/main/66725_051933667259.jpg
66726_051933500952.jpg,https://raw.githubusercontent.com/SAL-Wholesale/Images/main/66726_051933500952.jpg
66727_051933667273.jpg,https://raw.githubusercontent.com/SAL-Wholesale/Images/main/66727_051933667273.jpg
67050_071568219500.jpg,https://raw.githubusercontent.com/SAL-Wholesale/Images/main/67050_071568219500.jpg
67060_071568219524.jpg,https://raw.githubusercontent.com/SAL-Wholesale/Images/main/67060_071568219524.jpg
67080_071568219555.jpg,https://raw.githubusercontent.com/SAL-Wholesale/Images/main/67080_071568219555.jpg
67510_051933675100.jpg,https://raw.githubusercontent.com/SAL-Wholesale/Images/main/67510_051933675100.jpg
6775_051933067752.jpg,https://raw.githubusercontent.com/SAL-Wholesale/Images/main/6775_051933067752.jpg
68000_095188021282.jpg,https://raw.githubusercontent.com/SAL-Wholesale/Images/main/68000_095188021282.jpg
68020_095188031281.jpg,https://raw.githubusercontent.com/SAL-Wholesale/Images/main/68020_095188031281.jpg
68460_077782023923.jpg,https://raw.githubusercontent.com/SAL-Wholesale/Images/main/68460_077782023923.jpg
69220_000030087111.jpg,https://raw.githubusercontent.com/SAL-Wholesale/Images/main/69220_000030087111.jpg
69265_000030087111.png,https://raw.githubusercontent.com/SAL-Wholesale/Images/main/69265_000030087111.png
70074_044700011652.jpg,https://raw.githubusercontent.com/SAL-Wholesale/Images/main/70074_044700011652.jpg
70181_031000008550.jpg,https://raw.githubusercontent.com/SAL-Wholesale/Images/main/70181_031000008550.jpg
70182_031000008246.jpg,https://raw.githubusercontent.com/SAL-Wholesale/Images/main/70182_031000008246.jpg
70183_031000099800.jpg,https://raw.githubusercontent.com/SAL-Wholesale/Images/main/70183_031000099800.jpg
70184_031000479350.jpg,https://raw.githubusercontent.com/SAL-Wholesale/Images/main/70184_031000479350.jpg
70185_043695211030.jpg,https://raw.githubusercontent.com/SAL-Wholesale/Images/main/70185_043695211030.jpg
70186_043695431025.jpg,https://raw.githubusercontent.com/SAL-Wholesale/Images/main/70186_043695431025.jpg
70191_000063349311.png,https://raw.githubusercontent.com/SAL-Wholesale/Images/main/70191_000063349311.png
70192_000063349311.jpg,https://raw.githubusercontent.com/SAL-Wholesale/Images/main/70192_000063349311.jpg
70196_000083138411.jpg,https://raw.githubusercontent.com/SAL-Wholesale/Images/main/70196_000083138411.jpg
70197_000083138411.jpg,https://raw.githubusercontent.com/SAL-Wholesale/Images/main/70197_000083138411.jpg
70198_000074683411.jpg,https://raw.githubusercontent.com/SAL-Wholesale/Images/main/70198_000074683411.jpg
70199_000074683411.jpg,https://raw.githubusercontent.com/SAL-Wholesale/Images/main/70199_000074683411.jpg
70200_000074683411.jpg,https://raw.githubusercontent.com/SAL-Wholesale/Images/main/70200_000074683411.jpg
70201_072250013673.jpg,https://raw.githubusercontent.com/SAL-Wholesale/Images/main/70201_072250013673.jpg
70203_072250013697.jpg,https://raw.githubusercontent.com/SAL-Wholesale/Images/main/70203_072250013697.jpg
70213_000074601111.jpg,https://raw.githubusercontent.com/SAL-Wholesale/Images/main/70213_000074601111.jpg
70214_000074601111.jpg,https://raw.githubusercontent.com/SAL-Wholesale/Images/main/70214_000074601111.jpg
70217_000074601111.jpg,https://raw.githubusercontent.com/SAL-Wholesale/Images/main/70217_000074601111.jpg
70220_043301000171.jpg,https://raw.githubusercontent.com/SAL-Wholesale/Images/main/70220_043301000171.jpg
70222_000008402311.jpg,https://raw.githubusercontent.com/SAL-Wholesale/Images/main/70222_000008402311.jpg
70223_000008402311.jpg,https://raw.githubusercontent.com/SAL-Wholesale/Images/main/70223_000008402311.jpg
70229_000008402311.jpg,https://raw.githubusercontent.com/SAL-Wholesale/Images/main/70229_000008402311.jpg
70230_000008402311.jpg,https://raw.githubusercontent.com/SAL-Wholesale/Images/main/70230_000008402311.jpg
70231_000008402311.jpg,https://raw.githubusercontent.com/SAL-Wholesale/Images/main/70231_000008402311.jpg
70232_000008402311.jpg,https://raw.githubusercontent.com/SAL-Wholesale/Images/main/70232_000008402311.jpg
70235_000085754111.jpg,https://raw.githubusercontent.com/SAL-Wholesale/Images/main/70235_000085754111.jpg
70236_080000515568.jpg,https://raw.githubusercontent.com/SAL-Wholesale/Images/main/70236_080000515568.jpg
70238_000082785411.png,https://raw.githubusercontent.com/SAL-Wholesale/Images/main/70238_000082785411.png
7038_015900122523.jpg,https://raw.githubusercontent.com/SAL-Wholesale/Images/main/7038_015900122523.jpg
7058_015900122714.jpg,https://raw.githubusercontent.com/SAL-Wholesale/Images/main/7058_015900122714.jpg
70698_036000535310.jpg,https://raw.githubusercontent.com/SAL-Wholesale/Images/main/70698_036000535310.jpg
70778_000008402311.jpg,https://raw.githubusercontent.com/SAL-Wholesale/Images/main/70778_000008402311.jpg
70791_000008402311.jpg,https://raw.githubusercontent.com/SAL-Wholesale/Images/main/70791_000008402311.jpg
70808_000008402311.jpg,https://raw.githubusercontent.com/SAL-Wholesale/Images/main/70808_000008402311.jpg
70809_000008402311.jpg,https://raw.githubusercontent.com/SAL-Wholesale/Images/main/70809_000008402311.jpg
70826_000008182911.jpg,https://raw.githubusercontent.com/SAL-Wholesale/Images/main/70826_000008182911.jpg
70839_000008182911.jpg,https://raw.githubusercontent.com/SAL-Wholesale/Images/main/70839_000008182911.jpg
70859_000008182911.jpg,https://raw.githubusercontent.com/SAL-Wholesale/Images/main/70859_000008182911.jpg
7099_015900122554.jpg,https://raw.githubusercontent.com/SAL-Wholesale/Images/main/7099_015900122554.jpg
71074_077782105292.jpg,https://raw.githubusercontent.com/SAL-Wholesale/Images/main/71074_077782105292.jpg
71077_015900000425.jpg,https://raw.githubusercontent.com/SAL-Wholesale/Images/main/71077_015900000425.jpg
71082_015900000289.jpg,https://raw.githubusercontent.com/SAL-Wholesale/Images/main/71082_015900000289.jpg
71083_015900000265.png,https://raw.githubusercontent.com/SAL-Wholesale/Images/main/71083_015900000265.png
71291_072820170119.png,https://raw.githubusercontent.com/SAL-Wholesale/Images/main/71291_072820170119.png
71439_000085998711.png,https://raw.githubusercontent.com/SAL-Wholesale/Images/main/71439_000085998711.png
71487_028042001090.png,https://raw.githubusercontent.com/SAL-Wholesale/Images/main/71487_028042001090.png
71636_012900007003.jpg,https://raw.githubusercontent.com/SAL-Wholesale/Images/main/71636_012900007003.jpg
71774_015900140848.jpg,https://raw.githubusercontent.com/SAL-Wholesale/Images/main/71774_015900140848.jpg
71836_071117190083.jpg,https://raw.githubusercontent.com/SAL-Wholesale/Images/main/71836_071117190083.jpg
71837_015900134021.jpg,https://raw.githubusercontent.com/SAL-Wholesale/Images/main/71837_015900134021.jpg
71855_044700092408.jpg,https://raw.githubusercontent.com/SAL-Wholesale/Images/main/71855_044700092408.jpg
71883_073890561432.jpg,https://raw.githubusercontent.com/SAL-Wholesale/Images/main/71883_073890561432.jpg
7188_077782021714.jpg,https://raw.githubusercontent.com/SAL-Wholesale/Images/main/7188_077782021714.jpg
71926_015900002115.jpg,https://raw.githubusercontent.com/SAL-Wholesale/Images/main/71926_015900002115.jpg
72108_043595002738.png,https://raw.githubusercontent.com/SAL-Wholesale/Images/main/72108_043595002738.png
72336_000008182911.jpg,https://raw.githubusercontent.com/SAL-Wholesale/Images/main/72336_000008182911.jpg
72337_000000894711.png,https://raw.githubusercontent.com/SAL-Wholesale/Images/main/72337_000000894711.png
72338_036514159057.jpg,https://raw.githubusercontent.com/SAL-Wholesale/Images/main/72338_036514159057.jpg
72342_000019798111.jpg,https://raw.githubusercontent.com/SAL-Wholesale/Images/main/72342_000019798111.jpg
72350_041789001666.jpg,https://raw.githubusercontent.com/SAL-Wholesale/Images/main/72350_041789001666.jpg
72385_000008402311.jpg,https://raw.githubusercontent.com/SAL-Wholesale/Images/main/72385_000008402311.jpg
72388_000008402311.jpg,https://raw.githubusercontent.com/SAL-Wholesale/Images/main/72388_000008402311.jpg
72393_030772088722.jpg,https://raw.githubusercontent.com/SAL-Wholesale/Images/main/72393_030772088722.jpg
72394_030772100806.jpg,https://raw.githubusercontent.com/SAL-Wholesale/Images/main/72394_030772100806.jpg
72395_030772120804.jpg,https://raw.githubusercontent.com/SAL-Wholesale/Images/main/72395_030772120804.jpg
72396_034000939343.jpg,https://raw.githubusercontent.com/SAL-Wholesale/Images/main/72396_034000939343.jpg
72399_000088491211.jpg,https://raw.githubusercontent.com/SAL-Wholesale/Images/main/72399_000088491211.jpg
72435_077900502132.png,https://raw.githubusercontent.com/SAL-Wholesale/Images/main/72435_077900502132.png
72650_051000069924.jpg,https://raw.githubusercontent.com/SAL-Wholesale/Images/main/72650_051000069924.jpg
72714_018000144099.jpg,https://raw.githubusercontent.com/SAL-Wholesale/Images/main/72714_018000144099.jpg
72715_036000583489.png,https://raw.githubusercontent.com/SAL-Wholesale/Images/main/72715_036000583489.png
72717_036000582543.jpg,https://raw.githubusercontent.com/SAL-Wholesale/Images/main/72717_036000582543.jpg
72718_000061126911.jpg,https://raw.githubusercontent.com/SAL-Wholesale/Images/main/72718_000061126911.jpg
72731_070640022946.jpg,https://raw.githubusercontent.com/SAL-Wholesale/Images/main/72731_070640022946.jpg
72732_034695835937.jpg,https://raw.githubusercontent.com/SAL-Wholesale/Images/main/72732_034695835937.jpg
72931_075620003205.png,https://raw.githubusercontent.com/SAL-Wholesale/Images/main/72931_075620003205.png
72953_041548308388.png,https://raw.githubusercontent.com/SAL-Wholesale/Images/main/72953_041548308388.png
72956_072554363887.jpg,https://raw.githubusercontent.com/SAL-Wholesale/Images/main/72956_072554363887.jpg
72960_000089793111.jpg,https://raw.githubusercontent.com/SAL-Wholesale/Images/main/72960_000089793111.jpg
72961_048001016965.jpg,https://raw.githubusercontent.com/SAL-Wholesale/Images/main/72961_048001016965.jpg
72970_016000224438.jpg,https://raw.githubusercontent.com/SAL-Wholesale/Images/main/72970_016000224438.jpg
72973_034000463671.jpg,https://raw.githubusercontent.com/SAL-Wholesale/Images/main/72973_034000463671.jpg
72974_034000211333.jpg,https://raw.githubusercontent.com/SAL-Wholesale/Images/main/72974_034000211333.jpg
72975_034000463442.jpg,https://raw.githubusercontent.com/SAL-Wholesale/Images/main/72975_034000463442.jpg
72976_034000463848.jpg,https://raw.githubusercontent.com/SAL-Wholesale/Images/main/72976_034000463848.jpg
72977_034000463381.jpg,https://raw.githubusercontent.com/SAL-Wholesale/Images/main/72977_034000463381.jpg
72978_034000463510.jpg,https://raw.githubusercontent.com/SAL-Wholesale/Images/main/72978_034000463510.jpg
72979_017800104043.jpg,https://raw.githubusercontent.com/SAL-Wholesale/Images/main/72979_017800104043.jpg
72991_000074816311.jpg,https://raw.githubusercontent.com/SAL-Wholesale/Images/main/72991_000074816311.jpg
73002_044600608044.jpg,https://raw.githubusercontent.com/SAL-Wholesale/Images/main/73002_044600608044.jpg
73038_070640300129.jpg,https://raw.githubusercontent.com/SAL-Wholesale/Images/main/73038_070640300129.jpg
73039_070800233205.png,https://raw.githubusercontent.com/SAL-Wholesale/Images/main/73039_070800233205.png
73045_000076430211.png,https://raw.githubusercontent.com/SAL-Wholesale/Images/main/73045_000076430211.png
73046_000076430211.png,https://raw.githubusercontent.com/SAL-Wholesale/Images/main/73046_000076430211.png
73047_034000002290.jpg,https://raw.githubusercontent.com/SAL-Wholesale/Images/main/73047_034000002290.jpg
73057_034000004805.jpg,https://raw.githubusercontent.com/SAL-Wholesale/Images/main/73057_034000004805.jpg
73060_039156000107.jpg,https://raw.githubusercontent.com/SAL-Wholesale/Images/main/73060_039156000107.jpg
73067_044700105450.jpg,https://raw.githubusercontent.com/SAL-Wholesale/Images/main/73067_044700105450.jpg
73341_000061126911.jpg,https://raw.githubusercontent.com/SAL-Wholesale/Images/main/73341_000061126911.jpg
73631_073170555533.png,https://raw.githubusercontent.com/SAL-Wholesale/Images/main/73631_073170555533.png
73749_073170127006.jpg,https://raw.githubusercontent.com/SAL-Wholesale/Images/main/73749_073170127006.jpg
7381_046704096123.jpg,https://raw.githubusercontent.com/SAL-Wholesale/Images/main/7381_046704096123.jpg
74342_043595145695.jpg,https://raw.githubusercontent.com/SAL-Wholesale/Images/main/74342_043595145695.jpg
74559_077782026962.jpg,https://raw.githubusercontent.com/SAL-Wholesale/Images/main/74559_077782026962.jpg
74560_077782027013.jpg,https://raw.githubusercontent.com/SAL-Wholesale/Images/main/74560_077782027013.jpg
74619_000085998711.png,https://raw.githubusercontent.com/SAL-Wholesale/Images/main/74619_000085998711.png
74664_000085998711.png,https://raw.githubusercontent.com/SAL-Wholesale/Images/main/74664_000085998711.png
74865_051933748651.jpg,https://raw.githubusercontent.com/SAL-Wholesale/Images/main/74865_051933748651.jpg
74895_044500052930.jpg,https://raw.githubusercontent.com/SAL-Wholesale/Images/main/74895_044500052930.jpg
748_037000867500.jpg,https://raw.githubusercontent.com/SAL-Wholesale/Images/main/748_037000867500.jpg
75017_051933750173.jpg,https://raw.githubusercontent.com/SAL-Wholesale/Images/main/75017_051933750173.jpg
75029_076020005042.jpg,https://raw.githubusercontent.com/SAL-Wholesale/Images/main/75029_076020005042.jpg
751_000075703811.png,https://raw.githubusercontent.com/SAL-Wholesale/Images/main/751_000075703811.png
7555_071117190106.png,https://raw.githubusercontent.com/SAL-Wholesale/Images/main/7555_071117190106.png
76283_000066507211.png,https://raw.githubusercontent.com/SAL-Wholesale/Images/main/76283_000066507211.png
76458_000085439311.png,https://raw.githubusercontent.com/SAL-Wholesale/Images/main/76458_000085439311.png
7702_040000505334.png,https://raw.githubusercontent.com/SAL-Wholesale/Images/main/7702_040000505334.png
7705_080000006738.jpg,https://raw.githubusercontent.com/SAL-Wholesale/Images/main/7705_080000006738.jpg
774_050000238910.jpg,https://raw.githubusercontent.com/SAL-Wholesale/Images/main/774_050000238910.jpg
77963_079200085292.png,https://raw.githubusercontent.com/SAL-Wholesale/Images/main/77963_079200085292.png
78210_000002082411.jpg,https://raw.githubusercontent.com/SAL-Wholesale/Images/main/78210_000002082411.jpg
78232_000074623811.jpg,https://raw.githubusercontent.com/SAL-Wholesale/Images/main/78232_000074623811.jpg
78235_000007469411.jpg,https://raw.githubusercontent.com/SAL-Wholesale/Images/main/78235_000007469411.jpg
78236_000007469411.jpg,https://raw.githubusercontent.com/SAL-Wholesale/Images/main/78236_000007469411.jpg
78237_000007469411.jpg,https://raw.githubusercontent.com/SAL-Wholesale/Images/main/78237_000007469411.jpg
78238_000007469411.jpg,https://raw.githubusercontent.com/SAL-Wholesale/Images/main/78238_000007469411.jpg
78400_015900140855.jpg,https://raw.githubusercontent.com/SAL-Wholesale/Images/main/78400_015900140855.jpg
78660_000080882911.jpg,https://raw.githubusercontent.com/SAL-Wholesale/Images/main/78660_000080882911.jpg
78670_043695612547.jpg,https://raw.githubusercontent.com/SAL-Wholesale/Images/main/78670_043695612547.jpg
78671_043695206203.jpg,https://raw.githubusercontent.com/SAL-Wholesale/Images/main/78671_043695206203.jpg
78676_000081011611.jpg,https://raw.githubusercontent.com/SAL-Wholesale/Images/main/78676_000081011611.jpg
78680_072392273010.jpg,https://raw.githubusercontent.com/SAL-Wholesale/Images/main/78680_072392273010.jpg
78681_072392273034.jpg,https://raw.githubusercontent.com/SAL-Wholesale/Images/main/78681_072392273034.jpg
78682_072392273041.jpg,https://raw.githubusercontent.com/SAL-Wholesale/Images/main/78682_072392273041.jpg
78683_043000954218.jpg,https://raw.githubusercontent.com/SAL-Wholesale/Images/main/78683_043000954218.jpg
78688_015900067442.jpg,https://raw.githubusercontent.com/SAL-Wholesale/Images/main/78688_015900067442.jpg
78707_040000597551.jpg,https://raw.githubusercontent.com/SAL-Wholesale/Images/main/78707_040000597551.jpg
78708_040000606796.jpg,https://raw.githubusercontent.com/SAL-Wholesale/Images/main/78708_040000606796.jpg
78717_017082015921.jpg,https://raw.githubusercontent.com/SAL-Wholesale/Images/main/78717_017082015921.jpg
78718_000064420911.jpg,https://raw.githubusercontent.com/SAL-Wholesale/Images/main/78718_000064420911.jpg
78719_000064420911.jpg,https://raw.githubusercontent.com/SAL-Wholesale/Images/main/78719_000064420911.jpg
78720_000064420911.jpg,https://raw.githubusercontent.com/SAL-Wholesale/Images/main/78720_000064420911.jpg
78721_030000573792.jpg,https://raw.githubusercontent.com/SAL-Wholesale/Images/main/78721_030000573792.jpg
78722_030000573808.png,https://raw.githubusercontent.com/SAL-Wholesale/Images/main/78722_030000573808.png
78733_095188170591.jpg,https://raw.githubusercontent.com/SAL-Wholesale/Images/main/78733_095188170591.jpg
78734_000064803611.jpg,https://raw.githubusercontent.com/SAL-Wholesale/Images/main/78734_000064803611.jpg
78736_000008402311.jpg,https://raw.githubusercontent.com/SAL-Wholesale/Images/main/78736_000008402311.jpg
78756_014100045557.jpg,https://raw.githubusercontent.com/SAL-Wholesale/Images/main/78756_014100045557.jpg
78757_014100055532.jpg,https://raw.githubusercontent.com/SAL-Wholesale/Images/main/78757_014100055532.jpg
78759_000065495411.jpg,https://raw.githubusercontent.com/SAL-Wholesale/Images/main/78759_000065495411.jpg
78760_000065495411.jpg,https://raw.githubusercontent.com/SAL-Wholesale/Images/main/78760_000065495411.jpg
78761_000065495411.jpg,https://raw.githubusercontent.com/SAL-Wholesale/Images/main/78761_000065495411.jpg
78763_NOUPC.jpg,https://raw.githubusercontent.com/SAL-Wholesale/Images/main/78763_NOUPC.jpg
78764_051141253541.jpg,https://raw.githubusercontent.com/SAL-Wholesale/Images/main/78764_051141253541.jpg
78768_000075351911.jpg,https://raw.githubusercontent.com/SAL-Wholesale/Images/main/78768_000075351911.jpg
78769_000075351911.jpg,https://raw.githubusercontent.com/SAL-Wholesale/Images/main/78769_000075351911.jpg
78770_000075351911.jpg,https://raw.githubusercontent.com/SAL-Wholesale/Images/main/78770_000075351911.jpg
78771_000075351911.jpg,https://raw.githubusercontent.com/SAL-Wholesale/Images/main/78771_000075351911.jpg
78777_070462006605.png,https://raw.githubusercontent.com/SAL-Wholesale/Images/main/78777_070462006605.png
78778_070462006636.jpg,https://raw.githubusercontent.com/SAL-Wholesale/Images/main/78778_070462006636.jpg
78780_087684011638.jpg,https://raw.githubusercontent.com/SAL-Wholesale/Images/main/78780_087684011638.jpg
78781_087684011645.jpg,https://raw.githubusercontent.com/SAL-Wholesale/Images/main/78781_087684011645.jpg
78789_000085571211.jpg,https://raw.githubusercontent.com/SAL-Wholesale/Images/main/78789_000085571211.jpg
78797_071720531334.jpg,https://raw.githubusercontent.com/SAL-Wholesale/Images/main/78797_071720531334.jpg
78798_000079452211.jpg,https://raw.githubusercontent.com/SAL-Wholesale/Images/main/78798_000079452211.jpg
78800_000079452311.jpg,https://raw.githubusercontent.com/SAL-Wholesale/Images/main/78800_000079452311.jpg
78811_079100830503.jpg,https://raw.githubusercontent.com/SAL-Wholesale/Images/main/78811_079100830503.jpg
78812_079100831029.jpg,https://raw.githubusercontent.com/SAL-Wholesale/Images/main/78812_079100831029.jpg
78813_079100004102.jpg,https://raw.githubusercontent.com/SAL-Wholesale/Images/main/78813_079100004102.jpg
78815_000088949711.jpg,https://raw.githubusercontent.com/SAL-Wholesale/Images/main/78815_000088949711.jpg
78819_033844005290.jpg,https://raw.githubusercontent.com/SAL-Wholesale/Images/main/78819_033844005290.jpg
78825_072250012065.jpg,https://raw.githubusercontent.com/SAL-Wholesale/Images/main/78825_072250012065.jpg
78826_072250010627.jpg,https://raw.githubusercontent.com/SAL-Wholesale/Images/main/78826_072250010627.jpg
78828_072250012188.jpg,https://raw.githubusercontent.com/SAL-Wholesale/Images/main/78828_072250012188.jpg
78829_072250012232.jpg,https://raw.githubusercontent.com/SAL-Wholesale/Images/main/78829_072250012232.jpg
78830_072250010429.png,https://raw.githubusercontent.com/SAL-Wholesale/Images/main/78830_072250010429.png
78838_000007903311.jpg,https://raw.githubusercontent.com/SAL-Wholesale/Images/main/78838_000007903311.jpg
78839_000007903311.jpg,https://raw.githubusercontent.com/SAL-Wholesale/Images/main/78839_000007903311.jpg
78842_000074616811.jpg,https://raw.githubusercontent.com/SAL-Wholesale/Images/main/78842_000074616811.jpg
78843_000074608311.jpg,https://raw.githubusercontent.com/SAL-Wholesale/Images/main/78843_000074608311.jpg
78845_000074647911.jpg,https://raw.githubusercontent.com/SAL-Wholesale/Images/main/78845_000074647911.jpg
78847_076397051475.jpg,https://raw.githubusercontent.com/SAL-Wholesale/Images/main/78847_076397051475.jpg
79032_072730719187.png,https://raw.githubusercontent.com/SAL-Wholesale/Images/main/79032_072730719187.png
79151_000000894711.jpg,https://raw.githubusercontent.com/SAL-Wholesale/Images/main/79151_000000894711.jpg
79315_015900064540.png,https://raw.githubusercontent.com/SAL-Wholesale/Images/main/79315_015900064540.png
79316_015900069569.jpg,https://raw.githubusercontent.com/SAL-Wholesale/Images/main/79316_015900069569.jpg
79631_077782681284.jpg,https://raw.githubusercontent.com/SAL-Wholesale/Images/main/79631_077782681284.jpg
79849_000085980111.png,https://raw.githubusercontent.com/SAL-Wholesale/Images/main/79849_000085980111.png
79850_000085980111.png,https://raw.githubusercontent.com/SAL-Wholesale/Images/main/79850_000085980111.png
79861_071421106862.jpg,https://raw.githubusercontent.com/SAL-Wholesale/Images/main/79861_071421106862.jpg
80753_046675013518.png,https://raw.githubusercontent.com/SAL-Wholesale/Images/main/80753_046675013518.png
81301_073124018107.png,https://raw.githubusercontent.com/SAL-Wholesale/Images/main/81301_073124018107.png
81800_051933051645.jpg,https://raw.githubusercontent.com/SAL-Wholesale/Images/main/81800_051933051645.jpg
82018_073435000839.jpg,https://raw.githubusercontent.com/SAL-Wholesale/Images/main/82018_073435000839.jpg
82048_094514729120.png,https://raw.githubusercontent.com/SAL-Wholesale/Images/main/82048_094514729120.png
8231_000089024611.jpg,https://raw.githubusercontent.com/SAL-Wholesale/Images/main/8231_000089024611.jpg
8241_075243204102.jpg,https://raw.githubusercontent.com/SAL-Wholesale/Images/main/8241_075243204102.jpg
8252_075243201118.jpg,https://raw.githubusercontent.com/SAL-Wholesale/Images/main/8252_075243201118.jpg
82642_015900000524.jpg,https://raw.githubusercontent.com/SAL-Wholesale/Images/main/82642_015900000524.jpg
8265_075243201248.png,https://raw.githubusercontent.com/SAL-Wholesale/Images/main/8265_075243201248.png
82845_034000008452.jpg,https://raw.githubusercontent.com/SAL-Wholesale/Images/main/82845_034000008452.jpg
8378_075243201521.jpg,https://raw.githubusercontent.com/SAL-Wholesale/Images/main/8378_075243201521.jpg
84163_000080882911.jpg,https://raw.githubusercontent.com/SAL-Wholesale/Images/main/84163_000080882911.jpg
84166_000080882911.png,https://raw.githubusercontent.com/SAL-Wholesale/Images/main/84166_000080882911.png
84167_000080882911.jpg,https://raw.githubusercontent.com/SAL-Wholesale/Images/main/84167_000080882911.jpg
84170_000080882911.jpg,https://raw.githubusercontent.com/SAL-Wholesale/Images/main/84170_000080882911.jpg
84171_000080882911.jpg,https://raw.githubusercontent.com/SAL-Wholesale/Images/main/84171_000080882911.jpg
84174_048155921535.jpg,https://raw.githubusercontent.com/SAL-Wholesale/Images/main/84174_048155921535.jpg
84178_000080882911.jpg,https://raw.githubusercontent.com/SAL-Wholesale/Images/main/84178_000080882911.jpg
84179_000080882911.jpg,https://raw.githubusercontent.com/SAL-Wholesale/Images/main/84179_000080882911.jpg
84184_000080882911.png,https://raw.githubusercontent.com/SAL-Wholesale/Images/main/84184_000080882911.png
84185_048155903319.png,https://raw.githubusercontent.com/SAL-Wholesale/Images/main/84185_048155903319.png
84307_014500013514.jpg,https://raw.githubusercontent.com/SAL-Wholesale/Images/main/84307_014500013514.jpg
84321_025500000886.jpg,https://raw.githubusercontent.com/SAL-Wholesale/Images/main/84321_025500000886.jpg
84345_051933843455.jpg,https://raw.githubusercontent.com/SAL-Wholesale/Images/main/84345_051933843455.jpg
84348_000080882911.png,https://raw.githubusercontent.com/SAL-Wholesale/Images/main/84348_000080882911.png
84352_000084653811.jpg,https://raw.githubusercontent.com/SAL-Wholesale/Images/main/84352_000084653811.jpg
84353_NOUPC.jpg,https://raw.githubusercontent.com/SAL-Wholesale/Images/main/84353_NOUPC.jpg
84364_000080882911.jpg,https://raw.githubusercontent.com/SAL-Wholesale/Images/main/84364_000080882911.jpg
84484_023545212349.png,https://raw.githubusercontent.com/SAL-Wholesale/Images/main/84484_023545212349.png
84485_023545212301.jpg,https://raw.githubusercontent.com/SAL-Wholesale/Images/main/84485_023545212301.jpg
84540_025500304076.jpg,https://raw.githubusercontent.com/SAL-Wholesale/Images/main/84540_025500304076.jpg
84552_036000534450.jpg,https://raw.githubusercontent.com/SAL-Wholesale/Images/main/84552_036000534450.jpg
84553_036000515817.jpg,https://raw.githubusercontent.com/SAL-Wholesale/Images/main/84553_036000515817.jpg
84554_036000515824.jpg,https://raw.githubusercontent.com/SAL-Wholesale/Images/main/84554_036000515824.jpg
84555_036000012477.jpg,https://raw.githubusercontent.com/SAL-Wholesale/Images/main/84555_036000012477.jpg
84632_079606065362.jpg,https://raw.githubusercontent.com/SAL-Wholesale/Images/main/84632_079606065362.jpg
84634_079606065355.png,https://raw.githubusercontent.com/SAL-Wholesale/Images/main/84634_079606065355.png
84636_000080882911.jpg,https://raw.githubusercontent.com/SAL-Wholesale/Images/main/84636_000080882911.jpg
84641_018000510689.jpg,https://raw.githubusercontent.com/SAL-Wholesale/Images/main/84641_018000510689.jpg
84692_029700001469.jpg,https://raw.githubusercontent.com/SAL-Wholesale/Images/main/84692_029700001469.jpg
84696_051000212214.jpg,https://raw.githubusercontent.com/SAL-Wholesale/Images/main/84696_051000212214.jpg
84735_040697640509.png,https://raw.githubusercontent.com/SAL-Wholesale/Images/main/84735_040697640509.png
84742_040697640431.jpg,https://raw.githubusercontent.com/SAL-Wholesale/Images/main/84742_040697640431.jpg
84743_040697640448.jpg,https://raw.githubusercontent.com/SAL-Wholesale/Images/main/84743_040697640448.jpg
84983_027331101114.png,https://raw.githubusercontent.com/SAL-Wholesale/Images/main/84983_027331101114.png
85382_000087575411.jpg,https://raw.githubusercontent.com/SAL-Wholesale/Images/main/85382_000087575411.jpg
85391_000087575411.jpg,https://raw.githubusercontent.com/SAL-Wholesale/Images/main/85391_000087575411.jpg
85392_000087575411.png,https://raw.githubusercontent.com/SAL-Wholesale/Images/main/85392_000087575411.png
85665_000068055711.jpg,https://raw.githubusercontent.com/SAL-Wholesale/Images/main/85665_000068055711.jpg
85722_023545203620.jpg,https://raw.githubusercontent.com/SAL-Wholesale/Images/main/85722_023545203620.jpg
8609_000007194111.jpg,https://raw.githubusercontent.com/SAL-Wholesale/Images/main/8609_000007194111.jpg
86136_000066774311.png,https://raw.githubusercontent.com/SAL-Wholesale/Images/main/86136_000066774311.png
86481_072250010788.jpg,https://raw.githubusercontent.com/SAL-Wholesale/Images/main/86481_072250010788.jpg
86482_072250912310.png,https://raw.githubusercontent.com/SAL-Wholesale/Images/main/86482_072250912310.png
86815_000075417811.png,https://raw.githubusercontent.com/SAL-Wholesale/Images/main/86815_000075417811.png
86857_000007298611.jpg,https://raw.githubusercontent.com/SAL-Wholesale/Images/main/86857_000007298611.jpg
8685_052000011227.jpg,https://raw.githubusercontent.com/SAL-Wholesale/Images/main/8685_052000011227.jpg
86963_075278951453.jpg,https://raw.githubusercontent.com/SAL-Wholesale/Images/main/86963_075278951453.jpg
86992_000088133411.jpg,https://raw.githubusercontent.com/SAL-Wholesale/Images/main/86992_000088133411.jpg
87003_034856822684.jpg,https://raw.githubusercontent.com/SAL-Wholesale/Images/main/87003_034856822684.jpg
87013_000072242911.jpg,https://raw.githubusercontent.com/SAL-Wholesale/Images/main/87013_000072242911.jpg
87019_000072242911.jpg,https://raw.githubusercontent.com/SAL-Wholesale/Images/main/87019_000072242911.jpg
87022_000072242911.jpg,https://raw.githubusercontent.com/SAL-Wholesale/Images/main/87022_000072242911.jpg
87023_000072242911.jpg,https://raw.githubusercontent.com/SAL-Wholesale/Images/main/87023_000072242911.jpg
87032_000072242911.png,https://raw.githubusercontent.com/SAL-Wholesale/Images/main/87032_000072242911.png
87203_039400227649.jpg,https://raw.githubusercontent.com/SAL-Wholesale/Images/main/87203_039400227649.jpg
87223_031000788889.jpg,https://raw.githubusercontent.com/SAL-Wholesale/Images/main/87223_031000788889.jpg
87232_031000113520.jpg,https://raw.githubusercontent.com/SAL-Wholesale/Images/main/87232_031000113520.jpg
87252_000072242911.jpg,https://raw.githubusercontent.com/SAL-Wholesale/Images/main/87252_000072242911.jpg
87253_000072242911.jpg,https://raw.githubusercontent.com/SAL-Wholesale/Images/main/87253_000072242911.jpg
87316_000082785411.png,https://raw.githubusercontent.com/SAL-Wholesale/Images/main/87316_000082785411.png
87317_030772094037.jpg,https://raw.githubusercontent.com/SAL-Wholesale/Images/main/87317_030772094037.jpg
87319_072477989157.jpg,https://raw.githubusercontent.com/SAL-Wholesale/Images/main/87319_072477989157.jpg
87321_072477980345.jpg,https://raw.githubusercontent.com/SAL-Wholesale/Images/main/87321_072477980345.jpg
87323_072477980604.png,https://raw.githubusercontent.com/SAL-Wholesale/Images/main/87323_072477980604.png
87325_042400415701.png,https://raw.githubusercontent.com/SAL-Wholesale/Images/main/87325_042400415701.png
87504_050000303021.jpg,https://raw.githubusercontent.com/SAL-Wholesale/Images/main/87504_050000303021.jpg
8767_043000955628.png,https://raw.githubusercontent.com/SAL-Wholesale/Images/main/8767_043000955628.png
8770_043000955437.jpg,https://raw.githubusercontent.com/SAL-Wholesale/Images/main/8770_043000955437.jpg
8771_043000955673.jpg,https://raw.githubusercontent.com/SAL-Wholesale/Images/main/8771_043000955673.jpg
8772_043000955635.jpg,https://raw.githubusercontent.com/SAL-Wholesale/Images/main/8772_043000955635.jpg
8773_043000955314.jpg,https://raw.githubusercontent.com/SAL-Wholesale/Images/main/8773_043000955314.jpg
8774_043000955697.jpg,https://raw.githubusercontent.com/SAL-Wholesale/Images/main/8774_043000955697.jpg
8775_043000955703.jpg,https://raw.githubusercontent.com/SAL-Wholesale/Images/main/8775_043000955703.jpg
87825_015900190751.jpg,https://raw.githubusercontent.com/SAL-Wholesale/Images/main/87825_015900190751.jpg
87883_009800800056.jpg,https://raw.githubusercontent.com/SAL-Wholesale/Images/main/87883_009800800056.jpg
88013_071190479921.jpg,https://raw.githubusercontent.com/SAL-Wholesale/Images/main/88013_071190479921.jpg
88042_071190480668.jpg,https://raw.githubusercontent.com/SAL-Wholesale/Images/main/88042_071190480668.jpg
88061_039800032805.jpg,https://raw.githubusercontent.com/SAL-Wholesale/Images/main/88061_039800032805.jpg
88073_071190479990.png,https://raw.githubusercontent.com/SAL-Wholesale/Images/main/88073_071190479990.png
88082_071190479945.png,https://raw.githubusercontent.com/SAL-Wholesale/Images/main/88082_071190479945.png
88172_071190479983.png,https://raw.githubusercontent.com/SAL-Wholesale/Images/main/88172_071190479983.png
88182_071190480347.png,https://raw.githubusercontent.com/SAL-Wholesale/Images/main/88182_071190480347.png
88183_071190480392.png,https://raw.githubusercontent.com/SAL-Wholesale/Images/main/88183_071190480392.png
88192_071190480439.png,https://raw.githubusercontent.com/SAL-Wholesale/Images/main/88192_071190480439.png
88194_000068055711.jpg,https://raw.githubusercontent.com/SAL-Wholesale/Images/main/88194_000068055711.jpg
88232_071190480804.jpg,https://raw.githubusercontent.com/SAL-Wholesale/Images/main/88232_071190480804.jpg
88233_071190480828.jpg,https://raw.githubusercontent.com/SAL-Wholesale/Images/main/88233_071190480828.jpg
88263_000008402311.jpg,https://raw.githubusercontent.com/SAL-Wholesale/Images/main/88263_000008402311.jpg
88883_027000378151.jpg,https://raw.githubusercontent.com/SAL-Wholesale/Images/main/88883_027000378151.jpg
89012_044000060237.jpg,https://raw.githubusercontent.com/SAL-Wholesale/Images/main/89012_044000060237.jpg
89013_044000060251.jpg,https://raw.githubusercontent.com/SAL-Wholesale/Images/main/89013_044000060251.jpg
89019_025500000343.jpg,https://raw.githubusercontent.com/SAL-Wholesale/Images/main/89019_025500000343.jpg
89043_050844375956.png,https://raw.githubusercontent.com/SAL-Wholesale/Images/main/89043_050844375956.png
89063_050844563322.jpg,https://raw.githubusercontent.com/SAL-Wholesale/Images/main/89063_050844563322.jpg
89523_076171101556.png,https://raw.githubusercontent.com/SAL-Wholesale/Images/main/89523_076171101556.png
89530_051933895300.jpg,https://raw.githubusercontent.com/SAL-Wholesale/Images/main/89530_051933895300.jpg
89540_051933895409.jpg,https://raw.githubusercontent.com/SAL-Wholesale/Images/main/89540_051933895409.jpg
89663_030400794988.jpg,https://raw.githubusercontent.com/SAL-Wholesale/Images/main/89663_030400794988.jpg
89671_040697026433.png,https://raw.githubusercontent.com/SAL-Wholesale/Images/main/89671_040697026433.png
89672_040697026198.png,https://raw.githubusercontent.com/SAL-Wholesale/Images/main/89672_040697026198.png
89683_000088133411.jpg,https://raw.githubusercontent.com/SAL-Wholesale/Images/main/89683_000088133411.jpg
89738_064144047024.png,https://raw.githubusercontent.com/SAL-Wholesale/Images/main/89738_064144047024.png
89765_051500040423.jpg,https://raw.githubusercontent.com/SAL-Wholesale/Images/main/89765_051500040423.jpg
89815_037000860280.png,https://raw.githubusercontent.com/SAL-Wholesale/Images/main/89815_037000860280.png
90062_041116037016.jpg,https://raw.githubusercontent.com/SAL-Wholesale/Images/main/90062_041116037016.jpg
90063_079200085407.jpg,https://raw.githubusercontent.com/SAL-Wholesale/Images/main/90063_079200085407.jpg
90528_051933905283.jpg,https://raw.githubusercontent.com/SAL-Wholesale/Images/main/90528_051933905283.jpg
90569_051933905696.jpg,https://raw.githubusercontent.com/SAL-Wholesale/Images/main/90569_051933905696.jpg
90698_051933906983.jpg,https://raw.githubusercontent.com/SAL-Wholesale/Images/main/90698_051933906983.jpg
90975_054000506178.jpg,https://raw.githubusercontent.com/SAL-Wholesale/Images/main/90975_054000506178.jpg
91012_051933306653.jpg,https://raw.githubusercontent.com/SAL-Wholesale/Images/main/91012_051933306653.jpg
91122_034000293087.jpg,https://raw.githubusercontent.com/SAL-Wholesale/Images/main/91122_034000293087.jpg
91274_023545202869.png,https://raw.githubusercontent.com/SAL-Wholesale/Images/main/91274_023545202869.png
91276_036462000371.jpg,https://raw.githubusercontent.com/SAL-Wholesale/Images/main/91276_036462000371.jpg
91292_071720270264.jpg,https://raw.githubusercontent.com/SAL-Wholesale/Images/main/91292_071720270264.jpg
91293_046500052880.jpg,https://raw.githubusercontent.com/SAL-Wholesale/Images/main/91293_046500052880.jpg
91302_046500052910.jpg,https://raw.githubusercontent.com/SAL-Wholesale/Images/main/91302_046500052910.jpg
91313_046500055010.jpg,https://raw.githubusercontent.com/SAL-Wholesale/Images/main/91313_046500055010.jpg
91315_046500055027.jpg,https://raw.githubusercontent.com/SAL-Wholesale/Images/main/91315_046500055027.jpg
91323_040000579779.jpg,https://raw.githubusercontent.com/SAL-Wholesale/Images/main/91323_040000579779.jpg
91331_040000579793.jpg,https://raw.githubusercontent.com/SAL-Wholesale/Images/main/91331_040000579793.jpg
91332_040000579816.jpg,https://raw.githubusercontent.com/SAL-Wholesale/Images/main/91332_040000579816.jpg
91333_094514000137.jpg,https://raw.githubusercontent.com/SAL-Wholesale/Images/main/91333_094514000137.jpg
91343_094514020043.jpg,https://raw.githubusercontent.com/SAL-Wholesale/Images/main/91343_094514020043.jpg
91345_094514020050.png,https://raw.githubusercontent.com/SAL-Wholesale/Images/main/91345_094514020050.png
91382_045084229602.png,https://raw.githubusercontent.com/SAL-Wholesale/Images/main/91382_045084229602.png
91393_000081939311.jpg,https://raw.githubusercontent.com/SAL-Wholesale/Images/main/91393_000081939311.jpg
91403_000081939311.png,https://raw.githubusercontent.com/SAL-Wholesale/Images/main/91403_000081939311.png
91412_075243201484.png,https://raw.githubusercontent.com/SAL-Wholesale/Images/main/91412_075243201484.png
91413_000081939311.png,https://raw.githubusercontent.com/SAL-Wholesale/Images/main/91413_000081939311.png
91428_075243401099.jpg,https://raw.githubusercontent.com/SAL-Wholesale/Images/main/91428_075243401099.jpg
91432_075243401105.jpg,https://raw.githubusercontent.com/SAL-Wholesale/Images/main/91432_075243401105.jpg
91452_036000548983.jpg,https://raw.githubusercontent.com/SAL-Wholesale/Images/main/91452_036000548983.jpg
91453_036000548990.jpg,https://raw.githubusercontent.com/SAL-Wholesale/Images/main/91453_036000548990.jpg
91462_015900063352.jpg,https://raw.githubusercontent.com/SAL-Wholesale/Images/main/91462_015900063352.jpg
91463_015900063369.jpg,https://raw.githubusercontent.com/SAL-Wholesale/Images/main/91463_015900063369.jpg
91472_041387805284.jpg,https://raw.githubusercontent.com/SAL-Wholesale/Images/main/91472_041387805284.jpg
91474_013300760406.jpg,https://raw.githubusercontent.com/SAL-Wholesale/Images/main/91474_013300760406.jpg
91505_000019600511.jpg,https://raw.githubusercontent.com/SAL-Wholesale/Images/main/91505_000019600511.jpg
91506_000019600511.jpg,https://raw.githubusercontent.com/SAL-Wholesale/Images/main/91506_000019600511.jpg
91525_047300903105.jpg,https://raw.githubusercontent.com/SAL-Wholesale/Images/main/91525_047300903105.jpg
91526_033200000204.png,https://raw.githubusercontent.com/SAL-Wholesale/Images/main/91526_033200000204.png
91531_000080882911.jpg,https://raw.githubusercontent.com/SAL-Wholesale/Images/main/91531_000080882911.jpg
91533_000080882911.jpg,https://raw.githubusercontent.com/SAL-Wholesale/Images/main/91533_000080882911.jpg
91534_051933399242.jpg,https://raw.githubusercontent.com/SAL-Wholesale/Images/main/91534_051933399242.jpg
91537_051933399273.jpg,https://raw.githubusercontent.com/SAL-Wholesale/Images/main/91537_051933399273.jpg
91539_000080882911.jpg,https://raw.githubusercontent.com/SAL-Wholesale/Images/main/91539_000080882911.jpg
91541_000080882911.jpg,https://raw.githubusercontent.com/SAL-Wholesale/Images/main/91541_000080882911.jpg
91542_035000460455.jpg,https://raw.githubusercontent.com/SAL-Wholesale/Images/main/91542_035000460455.jpg
91567_019200997997.jpg,https://raw.githubusercontent.com/SAL-Wholesale/Images/main/91567_019200997997.jpg
91568_000003004111.jpg,https://raw.githubusercontent.com/SAL-Wholesale/Images/main/91568_000003004111.jpg
91569_000003014911.jpg,https://raw.githubusercontent.com/SAL-Wholesale/Images/main/91569_000003014911.jpg
91571_022600920502.png,https://raw.githubusercontent.com/SAL-Wholesale/Images/main/91571_022600920502.png
91572_036632036407.jpg,https://raw.githubusercontent.com/SAL-Wholesale/Images/main/91572_036632036407.jpg
91573_022600642039.png,https://raw.githubusercontent.com/SAL-Wholesale/Images/main/91573_022600642039.png
91577_000085194411.jpg,https://raw.githubusercontent.com/SAL-Wholesale/Images/main/91577_000085194411.jpg
91578_000085194411.jpg,https://raw.githubusercontent.com/SAL-Wholesale/Images/main/91578_000085194411.jpg
91583_072392005789.png,https://raw.githubusercontent.com/SAL-Wholesale/Images/main/91583_072392005789.png
91683_023545700303.png,https://raw.githubusercontent.com/SAL-Wholesale/Images/main/91683_023545700303.png
91688_054800423323.jpg,https://raw.githubusercontent.com/SAL-Wholesale/Images/main/91688_054800423323.jpg
91691_000007617211.jpg,https://raw.githubusercontent.com/SAL-Wholesale/Images/main/91691_000007617211.jpg
91930_082988000067.jpg,https://raw.githubusercontent.com/SAL-Wholesale/Images/main/91930_082988000067.jpg
91934_024000550457.png,https://raw.githubusercontent.com/SAL-Wholesale/Images/main/91934_024000550457.png
92035_000003057311.jpg,https://raw.githubusercontent.com/SAL-Wholesale/Images/main/92035_000003057311.jpg
92038_000078117211.jpg,https://raw.githubusercontent.com/SAL-Wholesale/Images/main/92038_000078117211.jpg
92165_030000573815.jpg,https://raw.githubusercontent.com/SAL-Wholesale/Images/main/92165_030000573815.jpg
92171_000075752811.png,https://raw.githubusercontent.com/SAL-Wholesale/Images/main/92171_000075752811.png
92183_044600006284.jpg,https://raw.githubusercontent.com/SAL-Wholesale/Images/main/92183_044600006284.jpg
92184_044600169330.png,https://raw.githubusercontent.com/SAL-Wholesale/Images/main/92184_044600169330.png
92193_071720017265.jpg,https://raw.githubusercontent.com/SAL-Wholesale/Images/main/92193_071720017265.jpg
92206_070970475337.jpg,https://raw.githubusercontent.com/SAL-Wholesale/Images/main/92206_070970475337.jpg
92207_070970475313.jpg,https://raw.githubusercontent.com/SAL-Wholesale/Images/main/92207_070970475313.jpg
92211_041820821628.png,https://raw.githubusercontent.com/SAL-Wholesale/Images/main/92211_041820821628.png
92214_000003004511.jpg,https://raw.githubusercontent.com/SAL-Wholesale/Images/main/92214_000003004511.jpg
92215_000003813711.png,https://raw.githubusercontent.com/SAL-Wholesale/Images/main/92215_000003813711.png
92217_023700016287.png,https://raw.githubusercontent.com/SAL-Wholesale/Images/main/92217_023700016287.png
92219_021200979620.jpg,https://raw.githubusercontent.com/SAL-Wholesale/Images/main/92219_021200979620.jpg
92221_071720926116.jpg,https://raw.githubusercontent.com/SAL-Wholesale/Images/main/92221_071720926116.jpg
92222_071720988701.jpg,https://raw.githubusercontent.com/SAL-Wholesale/Images/main/92222_071720988701.jpg
92224_014200824533.jpg,https://raw.githubusercontent.com/SAL-Wholesale/Images/main/92224_014200824533.jpg
92225_059642103433.jpg,https://raw.githubusercontent.com/SAL-Wholesale/Images/main/92225_059642103433.jpg
92227_041116263149.jpg,https://raw.githubusercontent.com/SAL-Wholesale/Images/main/92227_041116263149.jpg
92244_070330602687.jpg,https://raw.githubusercontent.com/SAL-Wholesale/Images/main/92244_070330602687.jpg
92267_010700808493.jpg,https://raw.githubusercontent.com/SAL-Wholesale/Images/main/92267_010700808493.jpg
92277_030772087251.jpg,https://raw.githubusercontent.com/SAL-Wholesale/Images/main/92277_030772087251.jpg
92278_030772100332.jpg,https://raw.githubusercontent.com/SAL-Wholesale/Images/main/92278_030772100332.jpg
92283_073854009147.jpg,https://raw.githubusercontent.com/SAL-Wholesale/Images/main/92283_073854009147.jpg
92290_009800000555.jpg,https://raw.githubusercontent.com/SAL-Wholesale/Images/main/92290_009800000555.jpg
92291_079200049058.jpg,https://raw.githubusercontent.com/SAL-Wholesale/Images/main/92291_079200049058.jpg
92294_079200060671.jpg,https://raw.githubusercontent.com/SAL-Wholesale/Images/main/92294_079200060671.jpg
92301_029000075689.jpg,https://raw.githubusercontent.com/SAL-Wholesale/Images/main/92301_029000075689.jpg
92302_029000027947.jpg,https://raw.githubusercontent.com/SAL-Wholesale/Images/main/92302_029000027947.jpg
92303_042238377554.png,https://raw.githubusercontent.com/SAL-Wholesale/Images/main/92303_042238377554.png
92304_000085292311.jpg,https://raw.githubusercontent.com/SAL-Wholesale/Images/main/92304_000085292311.jpg
92305_040000580164.jpg,https://raw.githubusercontent.com/SAL-Wholesale/Images/main/92305_040000580164.jpg
92315_070462008234.jpg,https://raw.githubusercontent.com/SAL-Wholesale/Images/main/92315_070462008234.jpg
92316_070462008258.jpg,https://raw.githubusercontent.com/SAL-Wholesale/Images/main/92316_070462008258.jpg
92317_034856822653.jpg,https://raw.githubusercontent.com/SAL-Wholesale/Images/main/92317_034856822653.jpg
92322_068305686312.jpg,https://raw.githubusercontent.com/SAL-Wholesale/Images/main/92322_068305686312.jpg
92323_072820275791.jpeg,https://raw.githubusercontent.com/SAL-Wholesale/Images/main/92323_072820275791.jpeg
92372_000085798311.jpg,https://raw.githubusercontent.com/SAL-Wholesale/Images/main/92372_000085798311.jpg
92405_041458551003.jpg,https://raw.githubusercontent.com/SAL-Wholesale/Images/main/92405_041458551003.jpg
92534_015900069958.jpg,https://raw.githubusercontent.com/SAL-Wholesale/Images/main/92534_015900069958.jpg
92535_015900069965.png,https://raw.githubusercontent.com/SAL-Wholesale/Images/main/92535_015900069965.png
92566_074584645049.png,https://raw.githubusercontent.com/SAL-Wholesale/Images/main/92566_074584645049.png
92567_074584645056.png,https://raw.githubusercontent.com/SAL-Wholesale/Images/main/92567_074584645056.png
92568_074584645063.png,https://raw.githubusercontent.com/SAL-Wholesale/Images/main/92568_074584645063.png
92569_074584645087.png,https://raw.githubusercontent.com/SAL-Wholesale/Images/main/92569_074584645087.png
92610_051933926103.jpg,https://raw.githubusercontent.com/SAL-Wholesale/Images/main/92610_051933926103.jpg
92721_052738001538.jpg,https://raw.githubusercontent.com/SAL-Wholesale/Images/main/92721_052738001538.jpg
92727_046500117176.jpg,https://raw.githubusercontent.com/SAL-Wholesale/Images/main/92727_046500117176.jpg
92812_000003004111.jpg,https://raw.githubusercontent.com/SAL-Wholesale/Images/main/92812_000003004111.jpg
92927_073390013035.jpg,https://raw.githubusercontent.com/SAL-Wholesale/Images/main/92927_073390013035.jpg
92928_073390026349.jpg,https://raw.githubusercontent.com/SAL-Wholesale/Images/main/92928_073390026349.jpg
92929_034000938346.jpg,https://raw.githubusercontent.com/SAL-Wholesale/Images/main/92929_034000938346.jpg
92932_034000000067.jpg,https://raw.githubusercontent.com/SAL-Wholesale/Images/main/92932_034000000067.jpg
92934_000085798311.jpg,https://raw.githubusercontent.com/SAL-Wholesale/Images/main/92934_000085798311.jpg
92935_034000531042.jpg,https://raw.githubusercontent.com/SAL-Wholesale/Images/main/92935_034000531042.jpg
92936_026200471594.jpg,https://raw.githubusercontent.com/SAL-Wholesale/Images/main/92936_026200471594.jpg
92937_026200471587.jpg,https://raw.githubusercontent.com/SAL-Wholesale/Images/main/92937_026200471587.jpg
92938_032134217009.png,https://raw.githubusercontent.com/SAL-Wholesale/Images/main/92938_032134217009.png
92959_026200002330.jpg,https://raw.githubusercontent.com/SAL-Wholesale/Images/main/92959_026200002330.jpg
92961_026200115900.jpg,https://raw.githubusercontent.com/SAL-Wholesale/Images/main/92961_026200115900.jpg
92964_022000000675.png,https://raw.githubusercontent.com/SAL-Wholesale/Images/main/92964_022000000675.png
92965_022000290090.jpg,https://raw.githubusercontent.com/SAL-Wholesale/Images/main/92965_022000290090.jpg
92966_041376113598.jpg,https://raw.githubusercontent.com/SAL-Wholesale/Images/main/92966_041376113598.jpg
92967_022000021977.png,https://raw.githubusercontent.com/SAL-Wholesale/Images/main/92967_022000021977.png
92968_022000021908.jpg,https://raw.githubusercontent.com/SAL-Wholesale/Images/main/92968_022000021908.jpg
92969_010700702302.png,https://raw.githubusercontent.com/SAL-Wholesale/Images/main/92969_010700702302.png
9296_000030025811.jpg,https://raw.githubusercontent.com/SAL-Wholesale/Images/main/9296_000030025811.jpg
92971_041116232190.jpg,https://raw.githubusercontent.com/SAL-Wholesale/Images/main/92971_041116232190.jpg
92972_040000001447.jpg,https://raw.githubusercontent.com/SAL-Wholesale/Images/main/92972_040000001447.jpg
92973_022000283818.jpg,https://raw.githubusercontent.com/SAL-Wholesale/Images/main/92973_022000283818.jpg
92974_022000283863.jpg,https://raw.githubusercontent.com/SAL-Wholesale/Images/main/92974_022000283863.jpg
92975_022000004833.png,https://raw.githubusercontent.com/SAL-Wholesale/Images/main/92975_022000004833.png
92978_026200144771.jpg,https://raw.githubusercontent.com/SAL-Wholesale/Images/main/92978_026200144771.jpg
92979_086106022702.png,https://raw.githubusercontent.com/SAL-Wholesale/Images/main/92979_086106022702.png
92981_086106025246.jpg,https://raw.githubusercontent.com/SAL-Wholesale/Images/main/92981_086106025246.jpg
92982_086106022740.png,https://raw.githubusercontent.com/SAL-Wholesale/Images/main/92982_086106022740.png
92983_NOUPC.jpg,https://raw.githubusercontent.com/SAL-Wholesale/Images/main/92983_NOUPC.jpg
92984_010700858405.png,https://raw.githubusercontent.com/SAL-Wholesale/Images/main/92984_010700858405.png
92992_073390055219.jpg,https://raw.githubusercontent.com/SAL-Wholesale/Images/main/92992_073390055219.jpg
92993_044700063767.jpg,https://raw.githubusercontent.com/SAL-Wholesale/Images/main/92993_044700063767.jpg
92998_076410905563.jpg,https://raw.githubusercontent.com/SAL-Wholesale/Images/main/92998_076410905563.jpg
93001_000075703811.jpg,https://raw.githubusercontent.com/SAL-Wholesale/Images/main/93001_000075703811.jpg
93003_015900000722.jpg,https://raw.githubusercontent.com/SAL-Wholesale/Images/main/93003_015900000722.jpg
93004_015900000258.jpg,https://raw.githubusercontent.com/SAL-Wholesale/Images/main/93004_015900000258.jpg
93005_015900000210.jpg,https://raw.githubusercontent.com/SAL-Wholesale/Images/main/93005_015900000210.jpg
93013_014500002563.jpg,https://raw.githubusercontent.com/SAL-Wholesale/Images/main/93013_014500002563.jpg
93016_042400416203.jpg,https://raw.githubusercontent.com/SAL-Wholesale/Images/main/93016_042400416203.jpg
93028_033844007027.jpg,https://raw.githubusercontent.com/SAL-Wholesale/Images/main/93028_033844007027.jpg
93029_051700996667.jpg,https://raw.githubusercontent.com/SAL-Wholesale/Images/main/93029_051700996667.jpg
93030_030772081242.jpg,https://raw.githubusercontent.com/SAL-Wholesale/Images/main/93030_030772081242.jpg
93031_037000338369.jpg,https://raw.githubusercontent.com/SAL-Wholesale/Images/main/93031_037000338369.jpg
93032_000082785411.png,https://raw.githubusercontent.com/SAL-Wholesale/Images/main/93032_000082785411.png
93033_035000498748.jpg,https://raw.githubusercontent.com/SAL-Wholesale/Images/main/93033_035000498748.jpg
93036_042238302815.png,https://raw.githubusercontent.com/SAL-Wholesale/Images/main/93036_042238302815.png
93037_042238312234.png,https://raw.githubusercontent.com/SAL-Wholesale/Images/main/93037_042238312234.png
93057_038000281907.jpg,https://raw.githubusercontent.com/SAL-Wholesale/Images/main/93057_038000281907.jpg
93058_038000281860.jpg,https://raw.githubusercontent.com/SAL-Wholesale/Images/main/93058_038000281860.jpg
93059_038000281884.jpg,https://raw.githubusercontent.com/SAL-Wholesale/Images/main/93059_038000281884.jpg
93064_046500769566.jpg,https://raw.githubusercontent.com/SAL-Wholesale/Images/main/93064_046500769566.jpg
93069_000031254711.jpg,https://raw.githubusercontent.com/SAL-Wholesale/Images/main/93069_000031254711.jpg
93071_000031254711.jpg,https://raw.githubusercontent.com/SAL-Wholesale/Images/main/93071_000031254711.jpg
93078_086106152706.jpg,https://raw.githubusercontent.com/SAL-Wholesale/Images/main/93078_086106152706.jpg
93079_086106152683.jpg,https://raw.githubusercontent.com/SAL-Wholesale/Images/main/93079_086106152683.jpg
93081_086106152751.png,https://raw.githubusercontent.com/SAL-Wholesale/Images/main/93081_086106152751.png
93087_046500769580.jpg,https://raw.githubusercontent.com/SAL-Wholesale/Images/main/93087_046500769580.jpg
93107_041294601467.jpg,https://raw.githubusercontent.com/SAL-Wholesale/Images/main/93107_041294601467.jpg
93108_091475630045.jpg,https://raw.githubusercontent.com/SAL-Wholesale/Images/main/93108_091475630045.jpg
93109_091475931982.jpg,https://raw.githubusercontent.com/SAL-Wholesale/Images/main/93109_091475931982.jpg
93111_091475041896.jpg,https://raw.githubusercontent.com/SAL-Wholesale/Images/main/93111_091475041896.jpg
93114_000030025911.jpg,https://raw.githubusercontent.com/SAL-Wholesale/Images/main/93114_000030025911.jpg
93115_000030025911.jpg,https://raw.githubusercontent.com/SAL-Wholesale/Images/main/93115_000030025911.jpg
93116_000085898211.png,https://raw.githubusercontent.com/SAL-Wholesale/Images/main/93116_000085898211.png
93118_040000596370.jpg,https://raw.githubusercontent.com/SAL-Wholesale/Images/main/93118_040000596370.jpg
93119_040000596356.jpg,https://raw.githubusercontent.com/SAL-Wholesale/Images/main/93119_040000596356.jpg
93121_040000596394.png,https://raw.githubusercontent.com/SAL-Wholesale/Images/main/93121_040000596394.png
93122_040000596332.jpg,https://raw.githubusercontent.com/SAL-Wholesale/Images/main/93122_040000596332.jpg
93123_022000295644.jpg,https://raw.githubusercontent.com/SAL-Wholesale/Images/main/93123_022000295644.jpg
93128_038000183690.jpg,https://raw.githubusercontent.com/SAL-Wholesale/Images/main/93128_038000183690.jpg
93137_037000764052.jpg,https://raw.githubusercontent.com/SAL-Wholesale/Images/main/93137_037000764052.jpg
93139_030772088586.png,https://raw.githubusercontent.com/SAL-Wholesale/Images/main/93139_030772088586.png
93141_012800537945.jpg,https://raw.githubusercontent.com/SAL-Wholesale/Images/main/93141_012800537945.jpg
93142_044700103203.jpg,https://raw.githubusercontent.com/SAL-Wholesale/Images/main/93142_044700103203.jpg
93144_000072242911.jpg,https://raw.githubusercontent.com/SAL-Wholesale/Images/main/93144_000072242911.jpg
93145_000072242911.jpg,https://raw.githubusercontent.com/SAL-Wholesale/Images/main/93145_000072242911.jpg
93146_000072242911.jpg,https://raw.githubusercontent.com/SAL-Wholesale/Images/main/93146_000072242911.jpg
93148_000072242911.jpg,https://raw.githubusercontent.com/SAL-Wholesale/Images/main/93148_000072242911.jpg
93149_000007224311.jpg,https://raw.githubusercontent.com/SAL-Wholesale/Images/main/93149_000007224311.jpg
93151_000007224311.jpg,https://raw.githubusercontent.com/SAL-Wholesale/Images/main/93151_000007224311.jpg
93152_000007224311.jpg,https://raw.githubusercontent.com/SAL-Wholesale/Images/main/93152_000007224311.jpg
93155_034000008360.jpg,https://raw.githubusercontent.com/SAL-Wholesale/Images/main/93155_034000008360.jpg
93165_015000006907.jpg,https://raw.githubusercontent.com/SAL-Wholesale/Images/main/93165_015000006907.jpg
93166_015000044558.jpg,https://raw.githubusercontent.com/SAL-Wholesale/Images/main/93166_015000044558.jpg
93167_015000664398.jpg,https://raw.githubusercontent.com/SAL-Wholesale/Images/main/93167_015000664398.jpg
93168_015000664428.jpg,https://raw.githubusercontent.com/SAL-Wholesale/Images/main/93168_015000664428.jpg
93171_015000049645.jpg,https://raw.githubusercontent.com/SAL-Wholesale/Images/main/93171_015000049645.jpg
93185_024100940271.jpg,https://raw.githubusercontent.com/SAL-Wholesale/Images/main/93185_024100940271.jpg
93193_000000686711.jpg,https://raw.githubusercontent.com/SAL-Wholesale/Images/main/93193_000000686711.jpg
93194_016000214972.jpg,https://raw.githubusercontent.com/SAL-Wholesale/Images/main/93194_016000214972.jpg
93196_027000373781.jpg,https://raw.githubusercontent.com/SAL-Wholesale/Images/main/93196_027000373781.jpg
93199_037000978350.jpg,https://raw.githubusercontent.com/SAL-Wholesale/Images/main/93199_037000978350.jpg
93202_017800174152.jpg,https://raw.githubusercontent.com/SAL-Wholesale/Images/main/93202_017800174152.jpg
93204_017800143097.jpg,https://raw.githubusercontent.com/SAL-Wholesale/Images/main/93204_017800143097.jpg
93205_017800143141.jpg,https://raw.githubusercontent.com/SAL-Wholesale/Images/main/93205_017800143141.jpg
93214_041000003011.jpg,https://raw.githubusercontent.com/SAL-Wholesale/Images/main/93214_041000003011.jpg
93216_044276037001.png,https://raw.githubusercontent.com/SAL-Wholesale/Images/main/93216_044276037001.png
93217_019200791328.jpg,https://raw.githubusercontent.com/SAL-Wholesale/Images/main/93217_019200791328.jpg
93218_071921823795.jpg,https://raw.githubusercontent.com/SAL-Wholesale/Images/main/93218_071921823795.jpg
93222_074584062136.jpg,https://raw.githubusercontent.com/SAL-Wholesale/Images/main/93222_074584062136.jpg
93223_074584062129.png,https://raw.githubusercontent.com/SAL-Wholesale/Images/main/93223_074584062129.png
93259_000006527311.png,https://raw.githubusercontent.com/SAL-Wholesale/Images/main/93259_000006527311.png
93261_000006527311.jpg,https://raw.githubusercontent.com/SAL-Wholesale/Images/main/93261_000006527311.jpg
93569_077900001697.jpg,https://raw.githubusercontent.com/SAL-Wholesale/Images/main/93569_077900001697.jpg
93728_029700341411.jpg,https://raw.githubusercontent.com/SAL-Wholesale/Images/main/93728_029700341411.jpg
93729_029700341459.jpg,https://raw.githubusercontent.com/SAL-Wholesale/Images/main/93729_029700341459.jpg
93971_043000094204.jpg,https://raw.githubusercontent.com/SAL-Wholesale/Images/main/93971_043000094204.jpg
94031_000081011611.png,https://raw.githubusercontent.com/SAL-Wholesale/Images/main/94031_000081011611.png
94089_051933315143.jpg,https://raw.githubusercontent.com/SAL-Wholesale/Images/main/94089_051933315143.jpg
94580_014800513240.jpg,https://raw.githubusercontent.com/SAL-Wholesale/Images/main/94580_014800513240.jpg
95010_071240012344.jpg,https://raw.githubusercontent.com/SAL-Wholesale/Images/main/95010_071240012344.jpg
9502_044700360002.jpg,https://raw.githubusercontent.com/SAL-Wholesale/Images/main/9502_044700360002.jpg
95145_025000047725.jpg,https://raw.githubusercontent.com/SAL-Wholesale/Images/main/95145_025000047725.jpg
95289_039400017004.jpg,https://raw.githubusercontent.com/SAL-Wholesale/Images/main/95289_039400017004.jpg
95291_039400016731.jpg,https://raw.githubusercontent.com/SAL-Wholesale/Images/main/95291_039400016731.jpg
95311_051000228161.jpg,https://raw.githubusercontent.com/SAL-Wholesale/Images/main/95311_051000228161.jpg
95317_030772120859.jpg,https://raw.githubusercontent.com/SAL-Wholesale/Images/main/95317_030772120859.jpg
95319_000089344711.png,https://raw.githubusercontent.com/SAL-Wholesale/Images/main/95319_000089344711.png
95321_000089344711.png,https://raw.githubusercontent.com/SAL-Wholesale/Images/main/95321_000089344711.png
95325_000089344711.png,https://raw.githubusercontent.com/SAL-Wholesale/Images/main/95325_000089344711.png
9532_073890050332.jpg,https://raw.githubusercontent.com/SAL-Wholesale/Images/main/9532_073890050332.jpg
95331_000089344711.jpg,https://raw.githubusercontent.com/SAL-Wholesale/Images/main/95331_000089344711.jpg
95341_041192103759.jpg,https://raw.githubusercontent.com/SAL-Wholesale/Images/main/95341_041192103759.jpg
95363_091475930985.jpg,https://raw.githubusercontent.com/SAL-Wholesale/Images/main/95363_091475930985.jpg
95381_041192103797.jpg,https://raw.githubusercontent.com/SAL-Wholesale/Images/main/95381_041192103797.jpg
95395_034000725083.jpg,https://raw.githubusercontent.com/SAL-Wholesale/Images/main/95395_034000725083.jpg
953_034000008438.jpg,https://raw.githubusercontent.com/SAL-Wholesale/Images/main/953_034000008438.jpg
95451_079100761579.jpg,https://raw.githubusercontent.com/SAL-Wholesale/Images/main/95451_079100761579.jpg
95461_079100761586.jpg,https://raw.githubusercontent.com/SAL-Wholesale/Images/main/95461_079100761586.jpg
95469_079100761609.jpg,https://raw.githubusercontent.com/SAL-Wholesale/Images/main/95469_079100761609.jpg
95471_079100518494.jpg,https://raw.githubusercontent.com/SAL-Wholesale/Images/main/95471_079100518494.jpg
95515_000071785411.jpg,https://raw.githubusercontent.com/SAL-Wholesale/Images/main/95515_000071785411.jpg
95531_013300123072.jpg,https://raw.githubusercontent.com/SAL-Wholesale/Images/main/95531_013300123072.jpg
95541_000000008911.jpg,https://raw.githubusercontent.com/SAL-Wholesale/Images/main/95541_000000008911.jpg
95551_000008488611.jpg,https://raw.githubusercontent.com/SAL-Wholesale/Images/main/95551_000008488611.jpg
95601_000084042611.jpg,https://raw.githubusercontent.com/SAL-Wholesale/Images/main/95601_000084042611.jpg
95631_027800053357.jpg,https://raw.githubusercontent.com/SAL-Wholesale/Images/main/95631_027800053357.jpg
95651_000008111311.jpg,https://raw.githubusercontent.com/SAL-Wholesale/Images/main/95651_000008111311.jpg
95661_000008488611.jpg,https://raw.githubusercontent.com/SAL-Wholesale/Images/main/95661_000008488611.jpg
95759_031000000004.jpg,https://raw.githubusercontent.com/SAL-Wholesale/Images/main/95759_031000000004.jpg
95761_031000008451.jpg,https://raw.githubusercontent.com/SAL-Wholesale/Images/main/95761_031000008451.jpg
95791_000068208211.jpg,https://raw.githubusercontent.com/SAL-Wholesale/Images/main/95791_000068208211.jpg
95801_000078533211.jpg,https://raw.githubusercontent.com/SAL-Wholesale/Images/main/95801_000078533211.jpg
95804_000078533211.png,https://raw.githubusercontent.com/SAL-Wholesale/Images/main/95804_000078533211.png
95811_000078533211.png,https://raw.githubusercontent.com/SAL-Wholesale/Images/main/95811_000078533211.png
9585_000085998711.png,https://raw.githubusercontent.com/SAL-Wholesale/Images/main/9585_000085998711.png
95861_NOUPC.jpg,https://raw.githubusercontent.com/SAL-Wholesale/Images/main/95861_NOUPC.jpg
95911_000074616711.png,https://raw.githubusercontent.com/SAL-Wholesale/Images/main/95911_000074616711.png
95946_034000176229.png,https://raw.githubusercontent.com/SAL-Wholesale/Images/main/95946_034000176229.png
96482_051933964822.jpg,https://raw.githubusercontent.com/SAL-Wholesale/Images/main/96482_051933964822.jpg
96691_015900067848.png,https://raw.githubusercontent.com/SAL-Wholesale/Images/main/96691_015900067848.png
96902_000086000411.png,https://raw.githubusercontent.com/SAL-Wholesale/Images/main/96902_000086000411.png
97203_051500241776.jpg,https://raw.githubusercontent.com/SAL-Wholesale/Images/main/97203_051500241776.jpg
97227_051000065018.jpg,https://raw.githubusercontent.com/SAL-Wholesale/Images/main/97227_051000065018.jpg
9747_047800000540.jpg,https://raw.githubusercontent.com/SAL-Wholesale/Images/main/9747_047800000540.jpg
9749_072730735521.jpg,https://raw.githubusercontent.com/SAL-Wholesale/Images/main/9749_072730735521.jpg
97667_040697712053.png,https://raw.githubusercontent.com/SAL-Wholesale/Images/main/97667_040697712053.png
97674_051933976740.jpg,https://raw.githubusercontent.com/SAL-Wholesale/Images/main/97674_051933976740.jpg
9797_077900471315.jpg,https://raw.githubusercontent.com/SAL-Wholesale/Images/main/9797_077900471315.jpg
98333_051933983335.jpg,https://raw.githubusercontent.com/SAL-Wholesale/Images/main/98333_051933983335.jpg
98774_000041388211.jpg,https://raw.githubusercontent.com/SAL-Wholesale/Images/main/98774_000041388211.jpg
99385_000081547311.png,https://raw.githubusercontent.com/SAL-Wholesale/Images/main/99385_000081547311.png
99673_051933996731.jpg,https://raw.githubusercontent.com/SAL-Wholesale/Images/main/99673_051933996731.jpg
99773_016000224445.jpg,https://raw.githubusercontent.com/SAL-Wholesale/Images/main/99773_016000224445.jpg
99832_030772158081.jpg,https://raw.githubusercontent.com/SAL-Wholesale/Images/main/99832_030772158081.jpg
99841_030772158074.jpg,https://raw.githubusercontent.com/SAL-Wholesale/Images/main/99841_030772158074.jpg
99843_030772158043.jpg,https://raw.githubusercontent.com/SAL-Wholesale/Images/main/99843_030772158043.jpg
99849_030772158005.jpg,https://raw.githubusercontent.com/SAL-Wholesale/Images/main/99849_030772158005.jpg
99851_030772158166.jpg,https://raw.githubusercontent.com/SAL-Wholesale/Images/main/99851_030772158166.jpg
99856_030772158128.jpg,https://raw.githubusercontent.com/SAL-Wholesale/Images/main/99856_030772158128.jpg
99861_030772158104.jpg,https://raw.githubusercontent.com/SAL-Wholesale/Images/main/99861_030772158104.jpg
99871_030772158234.jpg,https://raw.githubusercontent.com/SAL-Wholesale/Images/main/99871_030772158234.jpg
99881_030772158227.jpg,https://raw.githubusercontent.com/SAL-Wholesale/Images/main/99881_030772158227.jpg
99884_030772158067.png,https://raw.githubusercontent.com/SAL-Wholesale/Images/main/99884_030772158067.png
99891_030772158241.jpg,https://raw.githubusercontent.com/SAL-Wholesale/Images/main/99891_030772158241.jpg
SaveALotLogo.png,https://raw.githubusercontent.com/SAL-Wholesale/Images/main/SaveALotLogo.png
