"Item","UPC","Image URL","Apply?","Portal","Brand","Description"
"35867","051933358676","images/35867_051933358676.jpg","Y","Unknown","Fairhill Farms","Fairhill Farms FRUIT COCKTAIL IN 100% JUICE"
"37456","075725114905","images/37456_075725114905.jpg","Y","Unknown","Fairhill Farms","Fairhill Farms FRUIT COCKTAIL IN HS 15.2"
"37458","075725115100","images/37458_075725115100.jpg","Y","Unknown","Fairhill Farms","Fairhill Farms SLICED PEACH HEAVY SYRUP 14.5"
"11632","000007102111","images/11632_000007102111.jpg","Y","Unknown","Fairhill Farms","Fairhill Farms SLICED PEACH HEAVY SYRUP 29OZ"
"37459","051933358713","images/37459_051933358713.jpg","Y","Unknown","Fairhill Farms","Fairhill Farms SLICED PEACHES IN JUICE 14.5"
"36054","051933360549","images/36054_051933360549.jpg","Y","Unknown","Fairhill Farms","Fairhill Farms SLICED PEARS IN JUICE"
"20631","074584062013","images/20631_074584062013.jpg","Y","Unknown","","LIBBY'S CHUNK PINEAPPLE"
"20632","074584062020","images/20632_074584062020.jpg","Y","Unknown","","LIBBY'S CRUSHED PINEAPPLE"
"93223","074584062129","images/93223_074584062129.png","Y","Unknown","","LIBBY'S CRUSHED PINEAPPLE"
"30789","074584075204","images/30789_074584075204.jpg","Y","Unknown","","LIBBY'S MANDARIN ORANGE LIGHT SYRUP"
"93222","074584062136","images/93222_074584062136.jpg","Y","Unknown","","LIBBY'S PINEAPPLE TIDBITS"
"20633","074584062006","images/20633_074584062006.jpg","Y","Unknown","","LIBBY'S SLICED PINEAPPLE"
"20634","074584400204","images/20634_074584400204.jpg","Y","Unknown","","LIBBY'S TROPICAL FRUIT SALAD"
"34202","051933342026","images/34202_051933342026.jpg","Y","Unknown","Fairhill Farms","Fairhill Farms APPLESAUCE 24 OZ"
"34206","051933342064","images/34206_051933342064.jpg","Y","Unknown","Fairhill Farms","Fairhill Farms CINNAMON APPLESAUCE 24 OZ"
"37470","051933374706","images/37470_051933374706.jpg","Y","Unknown","Fairhill Farms","Fairhill Farms SWEETENED APPLESAUCE"
"34204","051933342040","images/34204_051933342040.jpg","Y","Unknown","Fairhill Farms","Fairhill Farms UNSWEETENED APPLESAUCE 23 OZ"
"95541","000000008911","images/95541_000000008911.jpg","Y","Unknown","","GOGO APLESCE APPLE APPLE12CT"
"51472","000000008911","images/51472_000000008911.jpg","Y","Unknown","","GOGO APLSCE APPLE APPLE 4CT"
"51486","000000008911","images/51486_000000008911.jpg","Y","Unknown","","GOGO APPLE STRWBRRY 4CT"
"95661","000008488611","images/95661_000008488611.jpg","Y","Unknown","","GOGO STRA-BAN VP YGRT 10 CT"
"95601","000084042611","images/95601_000084042611.jpg","Y","Unknown","","GOGO STRAWBERRY YOGURTZ 4 CT"
"95551","000008488611","images/95551_000008488611.jpg","Y","Unknown","","GOGO VAR PK APPLESAUCE 12CT"
"37528","051933660137","images/37528_051933660137.jpg","Y","Unknown","Fairhill Farms","Fairhill Farms CINNAMON APPLESAUCE 6 PK"
"92569","074584645087","images/92569_074584645087.png","Y","Unknown","","LIBBY DICE PEACH/GEL 4PK CUP"
"92568","074584645063","images/92568_074584645063.png","Y","Unknown","","LIBBY DICED PEACHES 4PK CUP"
"92566","074584645049","images/92566_074584645049.png","Y","Unknown","","LIBBY MANDARIN ORANG 4PK CUP"
"92567","074584645056","images/92567_074584645056.png","Y","Unknown","","LIBBY PINAPLE TIDBIT 4PK CUP"
"10010","075725100106","images/10010_075725100106.jpg","Y","Unknown","Fairhill Farms","Fairhill Farms CREAM STYLE CORN"
"16080","075725160803","images/16080_075725160803.jpg","Y","Unknown","Fairhill Farms","Fairhill Farms CUT GREEN BEANS"
"10000","075725100007","images/10000_075725100007.jpg","Y","Unknown","Fairhill Farms","Fairhill Farms FRENCH GREEN BEANS"
"60648","051933606487","images/60648_051933606487.jpg","Y","Unknown","Fairhill Farms","Fairhill Farms ITALIAN GREEN BEANS"
"10130","075725518024","images/10130_075725518024.jpg","Y","Unknown","Fairhill Farms","Fairhill Farms MIXED VEGETABLES"
"10230","000006333411","images/10230_000006333411.jpg","Y","Unknown","Fairhill Farms","Fairhill Farms MUSHROOMS P & S"
"30330","075725303309","images/30330_075725303309.jpg","Y","Unknown","Fairhill Farms","Fairhill Farms NO SALT CUT GREEN BEANS"
"30350","075725818018","images/30350_075725818018.jpg","Y","Unknown","Fairhill Farms","Fairhill Farms NO SALT MIXED VEGETABLES"
"30320","075725515115","images/30320_075725515115.jpg","Y","Unknown","Fairhill Farms","Fairhill Farms NO SALT SWEET PEAS"
"16920","075725169202","images/16920_075725169202.jpg","Y","Unknown","Fairhill Farms","Fairhill Farms NO SALT WHOLE KERNEL CORN"
"10140","075725516013","images/10140_075725516013.jpg","Y","Unknown","Fairhill Farms","Fairhill Farms SAUERKRAUT SHREDDED"
"10110","075725101103","images/10110_075725101103.jpg","Y","Unknown","Fairhill Farms","Fairhill Farms SLICED BEETS"
"10120","075725101202","images/10120_075725101202.jpg","Y","Unknown","Fairhill Farms","Fairhill Farms SLICED CARROTS"
"10260","075725102605","images/10260_075725102605.jpg","Y","Unknown","Fairhill Farms","Fairhill Farms SLICED POTATOES"
"10180","075725515511","images/10180_075725515511.jpg","Y","Unknown","Fairhill Farms","Fairhill Farms SMALL WHOLE POTATOES"
"16090","075725160902","images/16090_075725160902.jpg","Y","Unknown","Fairhill Farms","Fairhill Farms SUPER SWEET WHOLE KERNL CORN"
"10270","075725102704","images/10270_075725102704.jpg","Y","Unknown","Fairhill Farms","Fairhill Farms SWEET PEAS"
"33329","051933333291","images/33329_051933333291.jpg","Y","Unknown","Senora Verde","Senora Verde CORN & PEPPERS"
"10170","075725515610","images/10170_075725515610.jpg","Y","Unknown","Fairhill Farms","Fairhill Farms CUT SWEET POTATOES"
"15710","075725157100","images/15710_075725157100.jpg","Y","Unknown","Fairhill Farms","Fairhill Farms GREEN & SHELLED BEANS"
"39946","","images/39946_NOUPC.jpg","Y","Unknown","Fairhill Farms","Fairhill Farms PICKWELL WHITE HOMINY"
"10100","075725514965","images/10100_075725514965.jpg","Y","Unknown","Wylwood","Wylwood BLACKEYE PEAS"
"33613","051933336131","images/33613_051933336131.jpg","Y","Unknown","Wylwood","Wylwood BLACKEYE PEAS"
"10160","075725514613","images/10160_075725514613.jpg","Y","Unknown","Wylwood","Wylwood WHITE HOMINY"
"15766","000073639311","images/15766_000073639311.jpg","Y","Unknown","","GLORY SEASND COLLARD GREENS"
"15764","000073639311","images/15764_000073639311.png","Y","Unknown","","GLORY SEASONED TURNIP GREENS"
"4471","041443102111","images/4471_041443102111.jpg","Y","Unknown","","MARGARET HOLMES CHOPPED COLLARD GREENS"
"4468","041443102319","images/4468_041443102319.jpg","Y","Unknown","","MARGARET HOLMES CHOPPED MUSTARD GREENS"
"4472","041443102418","images/4472_041443102418.jpg","Y","Unknown","","MARGARET HOLMES CHOPPED SPINACH"
"4473","041443102517","images/4473_041443102517.png","Y","Unknown","","MARGARET HOLMES CHOPPED TURNIP GREENS"
"42165","041443033033","images/42165_041443033033.jpg","Y","Unknown","","MARGARET HOLMES SEASND BLACKEYE PEAS"
"41885","041443118433","images/41885_041443118433.png","Y","Unknown","","MARGARET HOLMES SEASND CABBAGE"
"41205","041443023232","images/41205_041443023232.jpg","Y","Unknown","","MARGARET HOLMES SEASND FIELD PEAS & SNAPS"
"42105","041443113346","images/42105_041443113346.jpg","Y","Unknown","","MARGARET HOLMES SEASND GRN BEAN & POTATO"
"42155","041443112745","images/42155_041443112745.png","Y","Unknown","","MARGARET HOLMES SEASND MIXED GREENS"
"39285","041443112349","images/39285_041443112349.jpg","Y","Unknown","","MARGARET HOLMES SEASND MUSTARD GREENS"
"64758","051933647589","images/64758_051933647589.jpg","Y","Unknown","Fairhill Farms","Fairhill Farms GREEN LIMA BEANS"
"30650","000051933311","images/30650_000051933311.jpg","Y","Unknown","Senora Verde","Senora Verde REFRIED BEANS"
"10450","051933104501","images/10450_051933104501.jpg","Y","Unknown","Wylwood","Wylwood BLACK BEANS"
"33617","051933336179","images/33617_051933336179.jpg","Y","Unknown","Wylwood","Wylwood BLACK BEANS"
"10030","075725512619","images/10030_075725512619.jpg","Y","Unknown","Wylwood","Wylwood BUTTER BEANS"
"10040","075725511940","images/10040_075725511940.jpg","Y","Unknown","Wylwood","Wylwood CHILI BEANS"
"33614","051933336148","images/33614_051933336148.jpg","Y","Unknown","Wylwood","Wylwood DARK RED KIDNEY BEANS"
"43385","051933433854","images/43385_051933433854.jpg","Y","Unknown","Wylwood","Wylwood GARBANZO BEANS (CHICK PEAS)"
"10080","075725512718","images/10080_075725512718.jpg","Y","Unknown","Wylwood","Wylwood GREAT NORTHERN BEANS"
"10060","075725512022","images/10060_075725512022.jpg","Y","Unknown","Wylwood","Wylwood LIGHT KIDNEY BEANS"
"33616","051933336162","images/33616_051933336162.jpg","Y","Unknown","Wylwood","Wylwood LIGHT RED KIDNEY BEANS"
"10070","075725512817","images/10070_075725512817.jpg","Y","Unknown","Wylwood","Wylwood PINTO BEANS"
"17478","039400018803","images/17478_039400018803.jpg","Y","Unknown","","BUSH'S BEST BLACK BEANS"
"95291","039400016731","images/95291_039400016731.jpg","Y","Unknown","","BUSH'S BUTTER BEANS"
"95289","039400017004","images/95289_039400017004.jpg","Y","Unknown","","BUSH'S CHICK PEAS"
"38425","039400018100","images/38425_039400018100.jpg","Y","Unknown","","BUSH'S PINTO BEANS"
"54222","000088439511","images/54222_000088439511.jpg","Y","Unknown","","LUCK'S PINTO BEANS W/PRK"
"32895","075725328951","images/32895_075725328951.jpg","Y","Unknown","Fairhill Farms","Fairhill Farms NO SALT TOMATO SAUCE"
"10210","075725517560","images/10210_075725517560.jpg","Y","Unknown","Fairhill Farms","Fairhill Farms TOMATO SAUCE"
"10240","075725102407","images/10240_075725102407.jpg","Y","Unknown","Fairhill Farms","Fairhill Farms TOMATO SAUCE"
"10220","075725517751","images/10220_075725517751.jpg","Y","Unknown","Fairhill Farms","Fairhill Farms TOMATO PASTE"
"10204","051933102040","images/10204_051933102040.jpg","Y","Unknown","Fairhill Farms","Fairhill Farms CRUSHED TOMATOES"
"10512","075725105125","images/10512_075725105125.jpg","Y","Unknown","Fairhill Farms","Fairhill Farms DICED TOM-BASIL/GRLC/OREG"
"10510","075725105101","images/10510_075725105101.jpg","Y","Unknown","Fairhill Farms","Fairhill Farms DICED TOMATOES"
"32885","075725328852","images/32885_075725328852.jpg","Y","Unknown","Fairhill Farms","Fairhill Farms NO SALT DICED TOMATOES"
"10514","051933105140","images/10514_051933105140.jpg","Y","Unknown","Fairhill Farms","Fairhill Farms PETITE DICED TOMATOES"
"16270","075725517041","images/16270_075725517041.jpg","Y","Unknown","Fairhill Farms","Fairhill Farms SLICED STEWED TOMATOES"
"10200","075725517133","images/10200_075725517133.jpg","Y","Unknown","Fairhill Farms","Fairhill Farms WHOLE PEELED TOMATOES"
"91012","051933306653","images/91012_051933306653.jpg","Y","Unknown","Senora Verde","Senora Verde DICED TOMATOES W/GRN CHILIES"
"41245","064144282630","images/41245_064144282630.jpg","Y","Unknown","","RO TEL MILD DICED TOMATOES"
"42295","064144282432","images/42295_064144282432.jpg","Y","Unknown","","RO TEL ORIG DICED TOMATOES"
"30307","051933303072","images/30307_051933303072.jpg","Y","Unknown","Wylwood","Wylwood BAKED BEAN MAPLE BACON"
"30305","051933303058","images/30305_051933303058.jpg","Y","Unknown","Wylwood","Wylwood BAKED BEANS HOMESTYLE"
"32325","","images/32325_NOUPC.jpg","Y","Unknown","Wylwood","Wylwood BAKED BEANS HOMESTYLE PLT"
"30303","051933303034","images/30303_051933303034.jpg","Y","Unknown","Wylwood","Wylwood BAKED BEANS ORIGINAL"
"10090","075725390101","images/10090_075725390101.jpg","Y","Unknown","Wylwood","Wylwood PORK & BEANS"
"33652","051933336520","images/33652_051933336520.jpg","Y","Unknown","Wylwood","Wylwood PORK & BEANS"
"87203","039400227649","images/87203_039400227649.jpg","Y","Unknown","","BUSH BRWN SUGR HCKY BKD BEAN"
"190","039400016137","images/190_039400016137.png","Y","Unknown","","BUSH'S BAKED BEANS ORIG"
"19740","039400182351","images/19740_039400182351.png","Y","Unknown","","BUSH'S CNTRY STYLE BEANS"
"8685","052000011227","images/8685_052000011227.jpg","Y","Unknown","","VAN CAMPS PORK N' BEANS"
"62981","000072057911","images/62981_000072057911.jpg","Y","Unknown","Simple Earth","Simple Earth BASMATI WHITE RICE"
"34142","051933652354","images/34142_051933652354.jpg","Y","Unknown","Simple Earth","Simple Earth JASMINE RICE"
"30830","051933308305","images/30830_051933308305.jpg","Y","Unknown","Simple Earth","Simple Earth LONG GRAIN RICE 10LB"
"30840","072806001420","images/30840_072806001420.jpg","Y","Unknown","Simple Earth","Simple Earth LONG GRAIN WHITE RICE 3 LBS"
"38075","000007205811","images/38075_000007205811.jpg","Y","Unknown","","LONG GRAIN BROWN RICE"
"16317","000007205811","images/16317_000007205811.jpg","Y","Unknown","Simple Earth","Simple Earth BOIL IN BAG WHITE RICE"
"16319","000007205811","images/16319_000007205811.jpg","Y","Unknown","Simple Earth","Simple Earth INSTANT BROWN RICE"
"81800","051933051645","images/81800_051933051645.jpg","Y","Unknown","Simple Earth","Simple Earth INSTANT WHITE RICE"
"34862","051933122802","images/34862_051933122802.jpg","Y","Unknown","Dish'd","Dish'd BEEF FLAVORED RICE"
"12280","","images/12280_NOUPC.jpg","Y","Unknown","Dish'd","Dish'd BOX RICE BEEF"
"12270","","images/12270_NOUPC.jpg","Y","Unknown","Dish'd","Dish'd BOX RICE CHICKEN"
"34868","051933522213","images/34868_051933522213.jpg","Y","Unknown","Dish'd","Dish'd JAMBALAYA"
"52221","","images/52221_NOUPC.jpg","Y","Unknown","Dish'd","Dish'd JAMBALAYA RICE MIX"
"34867","051933522237","images/34867_051933522237.jpg","Y","Unknown","Dish'd","Dish'd RED BEANS AND RICE"
"91688","054800423323","images/91688_054800423323.jpg","Y","Unknown","","BENS READY RICE SPANISH"
"32891","054800423392","images/32891_054800423392.jpg","Y","Unknown","","BENS RICE JASMINE"
"32884","054800423309","images/32884_054800423309.jpg","Y","Unknown","","BENS RICE ROAST CHICKEN"
"42604","041000022630","images/42604_041000022630.jpg","Y","Unknown","","KNORR CHICKEN BROCCOLI RICE"
"40945","041000022784","images/40945_041000022784.png","Y","Unknown","","KNORR RICE & CHEDDR BROC"
"40944","041000022661","images/40944_041000022661.jpg","Y","Unknown","","KNORR RICE SC CHICKEN"
"42606","041000022685","images/42606_041000022685.jpg","Y","Unknown","","KNORR RICE SC SPANISH"
"11000","051933110007","images/11000_051933110007.jpg","Y","Unknown","Mantia's","Mantia's ANGEL HAIR PASTA"
"11997","051933119970","images/11997_051933119970.jpg","Y","Unknown","Mantia's","Mantia's BOW TIE PASTA 12OZ"
"37669","051933376694","images/37669_051933376694.jpg","Y","Unknown","Mantia's","Mantia's CAVATAPPI 16OZ"
"21297","068062023481","images/21297_068062023481.jpg","Y","Unknown","Mantia's","Mantia's EGG NOODLES BROAD 12OZ"
"30593","051933305939","images/30593_051933305939.jpg","Y","Unknown","Mantia's","Mantia's ELBOW MACARONI 32 OZ"
"36654","051933106307","images/36654_051933106307.jpg","Y","Unknown","Mantia's","Mantia's ELBOW PASTA 16OZ"
"32357","051933323575","images/32357_051933323575.jpg","Y","Unknown","Mantia's","Mantia's EXTRA BROAD EGG NOODLE"
"23395","051933233959","images/23395_051933233959.jpg","Y","Unknown","Mantia's","Mantia's FETTUCCINI PASTA 16OZ"
"32359","051933323599","images/32359_051933323599.jpg","Y","Unknown","Mantia's","Mantia's JUMBO SHELLS PASTA"
"10370","051933103702","images/10370_051933103702.jpg","Y","Unknown","Mantia's","Mantia's LASAGNA 16 OZ"
"33659","051933336599","images/33659_051933336599.jpg","Y","Unknown","Mantia's","Mantia's MANTIA BOX RIGATONI"
"36652","051933106406","images/36652_051933106406.jpg","Y","Unknown","Mantia's","Mantia's MEDIUM SHELLS 16OZ"
"32358","051933323582","images/32358_051933323582.jpg","Y","Unknown","Mantia's","Mantia's OVEN READY LASAGNA"
"65167","051933651678","images/65167_051933651678.jpg","Y","Unknown","Mantia's","Mantia's PENNE RIGATE 16OZ"
"30610","071710004374","images/30610_071710004374.jpg","Y","Unknown","Mantia's","Mantia's ROTINI 16OZ"
"32361","051933323612","images/32361_051933323612.jpg","Y","Unknown","Mantia's","Mantia's SMALL SHELL BOX"
"10620","051933371880","images/10620_051933371880.jpg","Y","Unknown","Mantia's","Mantia's SPAGHETTI 16OZ"
"37237","051933372375","images/37237_051933372375.jpg","Y","Unknown","Mantia's","Mantia's SPAGHETTI 32OZ"
"34519","051933345195","images/34519_051933345195.jpg","Y","Unknown","Mantia's","Mantia's THIN SPAGHETTI 16OZ"
"62991","051933115156","images/62991_051933115156.jpg","Y","Unknown","Mantia's","Mantia's TRI-COLOR RONTINI 12 OZ"
"32600","051933326002","images/32600_051933326002.jpg","Y","Unknown","Dish'd","Dish'd ALFREDO NOODLES & SAUCE"
"34162","051933341623","images/34162_051933341623.jpg","Y","Unknown","Dish'd","Dish'd CHEDDAR BROCCOLI PASTA"
"32620","051933326200","images/32620_051933326200.jpg","Y","Unknown","Dish'd","Dish'd CHICKEN PASTA SIDE & SAUCE"
"99673","051933996731","images/99673_051933996731.jpg","Y","Unknown","Dish'd","Dish'd PASTA SALAD CLASSIC ITALIAN"
"43165","051933996724","images/43165_051933996724.jpg","Y","Unknown","Dish'd","Dish'd PASTA SALAD RANCH-BACON"
"34591","051933889903","images/34591_051933889903.jpg","Y","Unknown","So-Cheezy","So-Cheezy DELUXE ELBOW MAC & CHEESE"
"10750","051933502802","images/10750_051933502802.jpg","Y","Unknown","So-Cheezy","So-Cheezy MAC & CHEESE"
"34652","051933502871","images/34652_051933502871.jpg","Y","Unknown","So-Cheezy","So-Cheezy MAC CHEESE CUPS ORIG 4PK"
"35622","051933356221","images/35622_051933356221.jpg","Y","Unknown","So-Cheezy","So-Cheezy SHELLS & CHEESE 4 PK"
"34592","051933434257","images/34592_051933434257.jpg","Y","Unknown","So-Cheezy","So-Cheezy SO CHEEZY SHELLS & CHEESE"
"34823","051933502864","images/34823_051933502864.jpg","Y","Unknown","So-Cheezy","So-Cheezy SO CHZY DELUX CHDR BACON SHL"
"40946","041000022531","images/40946_041000022531.jpg","Y","Unknown","","KNORR PASTA & ALFREDO SAUCE"
"40947","041000022463","images/40947_041000022463.jpg","Y","Unknown","","KNORR PASTA & CHICKEN SAUCE"
"11587","041000022906","images/11587_041000022906.jpg","Y","Unknown","","KNORR PASTA SC CREAMY GARLIC"
"1711","041000022869","images/1711_041000022869.jpg","Y","Unknown","","KNORR PASTA&SC CHED BROCCOLI"
"17414","021000658862","images/17414_021000658862.jpg","Y","Unknown","","KRAFT DELUXE MAC & CHEESE"
"18153","021000658831","images/18153_021000658831.jpg","Y","Unknown","","KRAFT MAC & CHEESE"
"93261","000006527311","images/93261_000006527311.jpg","Y","Unknown","","SUDD SALAD CLASSIC"
"93259","000006527311","images/93259_000006527311.png","Y","Unknown","","SUDD SALAD RANCH & BACON"
"17415","021000658930","images/17415_021000658930.jpg","Y","Unknown","","VEL SHELLS & CHEESE"
"35617","051933356177","images/35617_051933356177.jpg","Y","Unknown","Wylwood","Wylwood BLACK BEANS-DRY"
"30720","075725307208","images/30720_075725307208.jpg","Y","Unknown","Wylwood","Wylwood BLACKEYE PEAS-DRY"
"30670","075725306706","images/30670_075725306706.jpg","Y","Unknown","Wylwood","Wylwood FAMILY SIZE DRY PINTO BEAN"
"30690","075725306904","images/30690_075725306904.jpg","Y","Unknown","Wylwood","Wylwood GREAT NORTHERN BEANS-DRY"
"35619","051933356191","images/35619_051933356191.jpg","Y","Unknown","Wylwood","Wylwood LENTILS-DRY"
"30710","075725307109","images/30710_075725307109.jpg","Y","Unknown","Wylwood","Wylwood LIMA BEANS LARGE-DRY"
"33590","072769241352","images/33590_072769241352.jpg","Y","Unknown","Wylwood","Wylwood NAVY BEANS-DRY"
"37437","051933374379","images/37437_051933374379.jpg","Y","Unknown","Wylwood","Wylwood PINTO BEANS 10 LBS"
"30680","075725306805","images/30680_075725306805.jpg","Y","Unknown","Wylwood","Wylwood PINTO BEANS-DRY 1LB"
"57952","051933579521","images/57952_051933579521.jpg","Y","Unknown","Dish'd","Dish'd 4 CHEESE LASAGNA SKLLT MASTR"
"24945","051933249455","images/24945_051933249455.jpg","Y","Unknown","Dish'd","Dish'd BEEF STROGANOFF SKLT DINNER"
"57953","051933579538","images/57953_051933579538.jpg","Y","Unknown","Dish'd","Dish'd DBLE CHEESEBURGR MAC SKLT MS"
"65342","051933653429","images/65342_051933653429.jpg","Y","Unknown","Dish'd","Dish'd DISH'D BEEF PASTA"
"57951","051933579514","images/57951_051933579514.jpg","Y","Unknown","Dish'd","Dish'd DISH'D CHEESY TUNA PASTA"
"39989","","images/39989_NOUPC.jpg","Y","Unknown","Dish'd","Dish'd ULT CHEESEBURGER SKILLET"
"35076","051933339590","images/35076_051933339590.jpg","Y","Unknown","Dish'd","Dish'd ULT SKILLET CHEESEBURGER"
"17280","051933172807","images/17280_051933172807.jpg","Y","Unknown","Senora Verde","Senora Verde CRUNCHY DINNER KIT"
"10730","051933107304","images/10730_051933107304.jpg","Y","Unknown","Senora Verde","Senora Verde TACO SHELLS 12 CT"
"39641","041501519455","images/39641_041501519455.jpg","Y","Unknown","","ORTEGA YELLOW TACO SHELL 12C"
"33155","","images/33155_NOUPC.jpg","Y","Unknown","Mantia's","Mantia's PIZZA CRUST MIX"
"17670","051933176706","images/17670_051933176706.jpg","Y","Unknown","Mantia's","Mantia's PIZZA SAUCE JAR"
"1018","023402087158","images/1018_023402087158.jpg","Y","Unknown","","GHBP ULTRA THN 7IN CRUST"
"55953","023402087103","images/55953_023402087103.jpg","Y","Unknown","","GHBP ULTRA THN PZZA CRST 3CT"
"32025","051933320253","images/32025_051933320253.jpg","Y","Unknown","Mantia's","Mantia's ALFREDO SAUCE"
"18385","051933141650","images/18385_051933141650.jpg","Y","Unknown","Mantia's","Mantia's GARLIC HERB PASTA SAUCE"
"31879","051933318793","images/31879_051933318793.jpg","Y","Unknown","Mantia's","Mantia's MARINARA PASTA SAUCE"
"18365","051933141452","images/18365_051933141452.jpg","Y","Unknown","Mantia's","Mantia's MUSHROOM PASTA SAUCE"
"18375","051933141551","images/18375_051933141551.jpg","Y","Unknown","Mantia's","Mantia's PASTA SAUCE FLAVORED W/MEAT"
"32026","051933320260","images/32026_051933320260.jpg","Y","Unknown","Mantia's","Mantia's ROASTED GARLIC ALFREDO SAUCE"
"32007","051933320079","images/32007_051933320079.jpg","Y","Unknown","Mantia's","Mantia's THREE CHEESE PASTA SAUCE"
"32006","051933320062","images/32006_051933320062.jpg","Y","Unknown","Mantia's","Mantia's TOMATO BASIL PASTA SAUCE"
"18355","051933141254","images/18355_051933141254.jpg","Y","Unknown","Mantia's","Mantia's TRADITIONAL PASTA SAUCE"
"33225","027000500064","images/33225_027000500064.jpg","Y","Unknown","","HUNT'S PASTA SAUCE TRDITIONL"
"43767","027000500118","images/43767_027000500118.jpg","Y","Unknown","","HUNT'S SPAG SCE GRLC & HERB"
"27235","027000500088","images/27235_027000500088.jpg","Y","Unknown","","HUNTS PASTA SCE W/MEAT FLAVR"
"84696","051000212214","images/84696_051000212214.jpg","Y","Unknown","","PREGO ALFREDO ROAST GARLIC"
"54015","051000197597","images/54015_051000197597.jpg","Y","Unknown","","PREGO HOMESTYLE ALFREDO"
"14057","051000027948","images/14057_051000027948.jpg","Y","Unknown","","PREGO MEAT PASTA SAUCE"
"95311","051000228161","images/95311_051000228161.jpg","Y","Unknown","","PREGO PESTO"
"14056","051000025494","images/14056_051000025494.jpg","Y","Unknown","","PREGO TRAD ITALIAN RED SAUCE"
"32433","051933324336","images/32433_051933324336.jpg","Y","Unknown","Dish'd","Dish'd DISHD AU GRATIN POTATOES"
"32429","051933324299","images/32429_051933324299.jpg","Y","Unknown","Dish'd","Dish'd DISHD BUTTERY MASH POT POUCH"
"32436","051933324367","images/32436_051933324367.jpg","Y","Unknown","Dish'd","Dish'd DISHD INSTANT POTATOE MIX"
"32431","051933324312","images/32431_051933324312.jpg","Y","Unknown","Dish'd","Dish'd DISHD RSTD GARLIC POT POUCH"
"32428","051933324282","images/32428_051933324282.jpg","Y","Unknown","Dish'd","Dish'd DISHD SCALLOPED POTATOES"
"46076","029700001384","images/46076_029700001384.jpg","Y","Unknown","","ID BABY REDS MASHED"
"93728","029700341411","images/93728_029700341411.jpg","Y","Unknown","","ID BUTRY HMSTYL MASH CUP 4PK"
"84692","029700001469","images/84692_029700001469.jpg","Y","Unknown","","ID BUTTER & HERB"
"10528","029700131418","images/10528_029700131418.jpg","Y","Unknown","","ID BUTTERY HOMESTYLE FAM SZ"
"46072","029700001414","images/46072_029700001414.jpg","Y","Unknown","","ID BUTTERY HOMESTYLE POTATO"
"46071","029700001452","images/46071_029700001452.jpg","Y","Unknown","","ID FOUR CHEESE MASH"
"93729","029700341459","images/93729_029700341459.jpg","Y","Unknown","","ID FOUR CHEESE MASH CUP 4PK"
"46073","029700001483","images/46073_029700001483.jpg","Y","Unknown","","ID LOADED BAKED MASH"
"10529","029700131470","images/10529_029700131470.jpg","Y","Unknown","","ID ROASTED GARLIC FAM SIZE"
"46074","029700001476","images/46074_029700001476.jpg","Y","Unknown","","ID ROASTED GARLIC POTATOES"
"90528","051933905283","images/90528_051933905283.jpg","Y","Unknown","Dish'd","Dish'd CORNBREAD STUFFING MIX"
"37043","051933657243","images/37043_051933657243.jpg","Y","Unknown","Dish'd","Dish'd STUFFING MIX-CHICKEN"
"11482","051933114821","images/11482_051933114821.jpg","Y","Unknown","Kurtz","Kurtz KETCHUP"
"36404","051933364042","images/36404_051933364042.jpg","Y","Unknown","Kurtz","Kurtz KETCHUP"
"47552","013000004664","images/47552_013000004664.jpg","Y","Unknown","","HEINZ KETCHUP"
"31849","","images/31849_NOUPC.jpg","Y","Unknown","Kurtz","Kurtz DIJON MUSTARD"
"31867","","images/31867_NOUPC.jpg","Y","Unknown","Kurtz","Kurtz HONEY MUSTARD SQZ"
"18810","051933188105","images/18810_051933188105.jpg","Y","Unknown","Kurtz","Kurtz SPICY BROWN MUSTARD SQZ"
"36622","051933366220","images/36622_051933366220.jpg","Y","Unknown","Kurtz","Kurtz YELLOW MUSTARD"
"31422","051933314221","images/31422_051933314221.jpg","Y","Unknown","Kurtz","Kurtz HONEY BBQ SAUCE"
"31414","051933314146","images/31414_051933314146.jpg","Y","Unknown","Kurtz","Kurtz ORIGINAL BBQ SAUCE"
"31416","051933314160","images/31416_051933314160.jpg","Y","Unknown","Kurtz","Kurtz SWEET & SPICY BBQ SAUCE"
"21121","029988361200","images/21121_029988361200.jpg","Y","Unknown","","COUNTRY BOB ORIG BBQ SCE"
"37525","013409341155","images/37525_013409341155.jpg","Y","Unknown","","SBR HONEY BBQ SAUCE"
"47317","013409343418","images/47317_013409343418.jpg","Y","Unknown","","SBR HONEY BBQ SAUCE"
"37515","013409918104","images/37515_013409918104.jpg","Y","Unknown","","SBR ORIGINAL BBQ SAUCE"
"62652","013409352311","images/62652_013409352311.jpg","Y","Unknown","","SBR ORIGINAL BBQ SAUCE"
"18800","051933181007","images/18800_051933181007.jpg","Y","Unknown","Kurtz","Kurtz STEAK SAUCE"
"58397","054400000054","images/58397_054400000054.jpg","Y","Unknown","","A1 STEAK SAUCE ORIGINAL"
"57534","029988243100","images/57534_029988243100.jpg","Y","Unknown","","COUNTRY BOB ALL PURPOSE SCE"
"33686","051933336865","images/33686_051933336865.jpg","Y","Unknown","Kurtz","Kurtz GARLIC & HERB MARINADE"
"33687","051933336872","images/33687_051933336872.jpg","Y","Unknown","Kurtz","Kurtz STEAK & CHOP MARINADE"
"13240","051933132405","images/13240_051933132405.jpg","Y","Unknown","Kurtz","Kurtz HOT SAUCE"
"1230","051933112308","images/1230_051933112308.jpg","Y","Unknown","Kurtz","Kurtz HOT WING SAUCE"
"46493","049733091015","images/46493_049733091015.png","Y","Unknown","","CHOLULA ORIGINAL HOT SAUCE"
"16782","048400000107","images/16782_048400000107.png","Y","Unknown","","CRYSTAL HOT SAUCE"
"64889","041500805023","images/64889_041500805023.jpg","Y","Unknown","","FRANKS RED HOT SAUCE"
"16828","000019029811","images/16828_000019029811.jpg","Y","Unknown","","LOUISIANA HOT SAUCE"
"13245","075500000027","images/13245_075500000027.jpg","Y","Unknown","","TEXAS PETE HOT SAUCE"
"6775","051933067752","images/6775_051933067752.jpg","Y","Unknown","Jade Dragon","Jade Dragon JADE DRAGON TERIYAKI SAUCE"
"10430","051933104303","images/10430_051933104303.jpg","Y","Unknown","Jade Dragon","Jade Dragon SOY SAUCE"
"33663","","images/33663_NOUPC.jpg","Y","Unknown","Kurtz","Kurtz BUFFALO WING SAUCE"
"33662","","images/33662_NOUPC.jpg","Y","Unknown","Kurtz","Kurtz CHICKEN DIPPING SAUCE"
"36059","051933959880","images/36059_051933959880.jpg","Y","Unknown","Kurtz","Kurtz CHILI SAUCE"
"44330","051933443303","images/44330_051933443303.jpg","Y","Unknown","Kurtz","Kurtz COCKTAIL SAUCE"
"33772","","images/33772_NOUPC.jpg","Y","Unknown","Kurtz","Kurtz GARLIC PARM WING SAUCE"
"31536","051933315365","images/31536_051933315365.jpg","Y","Unknown","Kurtz","Kurtz TARTAR SAUCE"
"13100","051933131002","images/13100_051933131002.jpg","Y","Unknown","Kurtz","Kurtz WORCESTERSHIRE SAUCE"
"32349","051933323490","images/32349_051933323490.jpg","Y","Unknown","Senora Verde","Senora Verde ENCHILADA SAUCE CAN"
"13400","051933134003","images/13400_051933134003.jpg","Y","Unknown","Senora Verde","Senora Verde TACO SAUCE MILD JAR"
"6568","070200790056","images/6568_070200790056.jpg","Y","Unknown","","CHICK-FIL-A ORIGINAL SAUCE"
"42583","021000026838","images/42583_021000026838.jpg","Y","Unknown","","KRAFT SWEET N SOUR SAUCE"
"16685","044300120822","images/16685_044300120822.jpg","Y","Unknown","","LACHOY SWEET & SOUR SAUCE"
"18943","044300120853","images/18943_044300120853.jpg","Y","Unknown","","LACHOY SWEET CHILI SAUCE"
"18941","044300120839","images/18941_044300120839.jpg","Y","Unknown","","LACHOY TERIYAKI SAUCE"
"37733","039000008907","images/37733_039000008907.png","Y","Unknown","","ORTEGA TACO SAUCE MILD"
"20119","000008517611","images/20119_000008517611.jpg","Y","Unknown","","WAHLBURGERS WAHL SAUCE"
"36216","051933362161","images/36216_051933362161.jpg","Y","Unknown","Kurtz","Kurtz BREAD & BUTTER PICKLE"
"11390","051933113909","images/11390_051933113909.jpg","Y","Unknown","Kurtz","Kurtz KOSHER DILL SPEARS"
"66586","051933665866","images/66586_051933665866.jpg","Y","Unknown","Kurtz","Kurtz KURTZ MILD BANANA PEPPR RING"
"11370","051933113701","images/11370_051933113701.jpg","Y","Unknown","Kurtz","Kurtz OVAL-CUT DILL SLICES"
"33924","051933339248","images/33924_051933339248.jpg","Y","Unknown","Kurtz","Kurtz PICKLE BABY DILLS"
"34148","051933341487","images/34148_051933341487.jpg","Y","Unknown","Kurtz","Kurtz SANDWICH STACKER DILL PICKLE"
"15620","051933156203","images/15620_051933156203.jpg","Y","Unknown","Kurtz","Kurtz SWEET PICKLES"
"15630","051933156302","images/15630_051933156302.jpg","Y","Unknown","Kurtz","Kurtz SWEET RELISH"
"36217","051933362178","images/36217_051933362178.jpg","Y","Unknown","Kurtz","Kurtz WHOLE DILL PICKLE"
"98333","051933983335","images/98333_051933983335.jpg","Y","Unknown","Kurtz","Kurtz WHOLE DILL PICKLE GALLON"
"11430","070118005006","images/11430_070118005006.jpg","Y","Unknown","Senora Verde","Senora Verde JALAPENO NACHO SLICES"
"21465","038200000902","images/21465_038200000902.jpg","Y","Unknown","","VAN HOLTEN BIG PAPA DILL PKL"
"34396","051933343962","images/34396_051933343962.jpg","Y","Unknown","Kurtz","Kurtz DICED PIMENTOS"
"62733","051933627338","images/62733_051933627338.jpg","Y","Unknown","Kurtz","Kurtz LARGE PITTED RIPE OLIVES"
"36633","051933366336","images/36633_051933366336.jpg","Y","Unknown","Kurtz","Kurtz SLICED RIPE OLIVES"
"35866","051933357990","images/35866_051933357990.jpg","Y","Unknown","Kurtz","Kurtz SLICED SALAD OLIVES"
"35457","051933041103","images/35457_051933041103.jpg","Y","Unknown","Kurtz","Kurtz STUFFED SPANISH OLIVES"
"11310","000000746811","images/11310_000000746811.jpg","Y","Unknown","Kurtz","Kurtz APPLE CIDER VINEGAR"
"33947","051933170407","images/33947_051933170407.jpg","Y","Unknown","Kurtz","Kurtz APPLE CIDER VINEGAR GAL"
"33948","051933170308","images/33948_051933170308.jpg","Y","Unknown","Kurtz","Kurtz WHITE VINEGAR"
"11320","000000746811","images/11320_000000746811.jpg","Y","Unknown","Kurtz","Kurtz WHITE VINEGAR 32OZ"
"16835","051933500297","images/16835_051933500297.jpg","Y","Unknown","Kurtz","Kurtz BACON RANCH DRESSING"
"90569","051933905696","images/90569_051933905696.jpg","Y","Unknown","Kurtz","Kurtz BLUE CHEESE SALAD DRESSING"
"37249","051933372498","images/37249_051933372498.jpg","Y","Unknown","Kurtz","Kurtz BUTTERMILK RANCH DRESSING"
"16885","051933168855","images/16885_051933168855.jpg","Y","Unknown","Kurtz","Kurtz CREAMY CAESAR DRESSING"
"33705","051933337053","images/33705_051933337053.jpg","Y","Unknown","Kurtz","Kurtz GOLDEN ITALIAN DRESSING"
"16855","051933168558","images/16855_051933168558.jpg","Y","Unknown","Kurtz","Kurtz HONEY MUSTARD DRESSING"
"25020","051933250208","images/25020_051933250208.jpg","Y","Unknown","Kurtz","Kurtz LITE RANCH DRESSING"
"17800","051933178007","images/17800_051933178007.jpg","Y","Unknown","Kurtz","Kurtz RANCH DRESSING"
"31522","","images/31522_NOUPC.jpg","Y","Unknown","Kurtz","Kurtz RANCH DRESSING PLT"
"17840","051933178403","images/17840_051933178403.jpg","Y","Unknown","Kurtz","Kurtz SWEET/SAUCY FRENCH DRESSING"
"17830","051933178304","images/17830_051933178304.jpg","Y","Unknown","Kurtz","Kurtz THOUSAND ISLAND DRESSING"
"17820","051933178205","images/17820_051933178205.jpg","Y","Unknown","Kurtz","Kurtz ZESTY ITALIAN DRESSING"
"58398","071100005516","images/58398_071100005516.jpg","Y","Unknown","","HV ORIGINAL RANCH 16 OZ"
"17533","071100005783","images/17533_071100005783.jpg","Y","Unknown","","HV ORIGINAL RANCH 24 OZ"
"36319","051933363199","images/36319_051933363199.jpg","Y","Unknown","Kurtz","Kurtz LIGHT MAYONNAISE SQUEEZE"
"43465","051933434653","images/43465_051933434653.jpg","Y","Unknown","Kurtz","Kurtz MAYONNAISE"
"96482","051933964822","images/96482_051933964822.jpg","Y","Unknown","Kurtz","Kurtz REGULAR SQUEEZE MAYO"
"43475","051933434554","images/43475_051933434554.jpg","Y","Unknown","Kurtz","Kurtz WHIPPED DRESSING"
"18440","051933184404","images/18440_051933184404.jpg","Y","Unknown","Portmann's","Portmann's SANDWICH SPREAD"
"42115","052500050054","images/42115_052500050054.jpg","Y","Unknown","","DUKE'S MAYONNAISE"
"14658","048001354500","images/14658_048001354500.jpg","Y","Unknown","","HELLMANN MAYO SQZ"
"72961","048001016965","images/72961_048001016965.jpg","Y","Unknown","","HELLMANNS REAL MAYO"
"44892","021000026494","images/44892_021000026494.jpg","Y","Unknown","","MIRACLE WHIP"
"20725","086631313375","images/20725_086631313375.jpg","Y","Unknown","Kurtz","Kurtz CROUTONS CHS GRLC SEAS MARIE CALLENDER'S"
"34649","051933346499","images/34649_051933346499.jpg","Y","Unknown","Kurtz","Kurtz IMITATION BACON BITS"
"32065","051933167353","images/32065_051933167353.jpg","Y","Unknown","Kurtz","Kurtz REAL BACON BITS"
"35787","051933357877","images/35787_051933357877.jpg","Y","Unknown","Nutsome","Nutsome CREAMY PEANUT BUTTER"
"23400","051933234000","images/23400_051933234000.jpg","Y","Unknown","Nutsome","Nutsome CREAMY PEANUT BUTTER FAM SIZ"
"35786","051933357860","images/35786_051933357860.jpg","Y","Unknown","Nutsome","Nutsome CRUNCHY PEANUT BUTTER"
"33185","051933354272","images/33185_051933354272.jpg","Y","Unknown","Nutsome","Nutsome HAZELNUT SPREAD"
"32231","051933322318","images/32231_051933322318.jpg","Y","Unknown","Nutsome","Nutsome NUTSOME HONEY PEANUT BUTTER"
"58381","051500255162","images/58381_051500255162.png","Y","Unknown","","JIF CREAMY PEANUT BUTTER"
"97203","051500241776","images/97203_051500241776.jpg","Y","Unknown","","JIF CREAMY PEANUT BUTTER"
"36188","051933361881","images/36188_051933361881.jpg","Y","Unknown","Bramley's","Bramley's GRAPE JELLY"
"34621","051933346215","images/34621_051933346215.jpg","Y","Unknown","Bramley's","Bramley's GRAPE SQUEEZE JELLY"
"46480","051933464803","images/46480_051933464803.jpg","Y","Unknown","Bramley's","Bramley's GRAPE SWIRL PILLSBURY&J"
"34298","051933500150","images/34298_051933500150.jpg","Y","Unknown","Bramley's","Bramley's RED RASPBERRY PRESERVES"
"11140","071735081022","images/11140_071735081022.jpg","Y","Unknown","Bramley's","Bramley's STRAWBERRY PRESERVES"
"37211","051933372115","images/37211_051933372115.jpg","Y","Unknown","Bramley's","Bramley's STRAWBERRY PRESERVES"
"34622","051933346222","images/34622_051933346222.jpg","Y","Unknown","Bramley's","Bramley's STRAWBERRY SQUEEZE JELLY"
"89765","051500040423","images/89765_051500040423.jpg","Y","Unknown","","SMUCKERS SF STRAW PRESERVE"
"23230","051933232303","images/23230_051933232303.jpg","Y","Unknown","Bramley's","Bramley's 100% PURE CLOVER HONEY"
"97674","051933976740","images/97674_051933976740.jpg","Y","Unknown","Bramley's","Bramley's 100% PURE HONEY CLOVER BEAR"
"37174","051933371743","images/37174_051933371743.jpg","Y","Unknown","Bramley's","Bramley's RAW HONEY"
"37166","015000912147","images/37166_015000912147.png","Y","Unknown","","GBR 2ND FOODS BEEF"
"37167","015000912123","images/37167_015000912123.png","Y","Unknown","","GBR 2ND FOODS CHICKEN"
"37168","015000912178","images/37168_015000912178.jpg","Y","Unknown","","GBR 2ND FOODS TURKEY"
"54225","015000076078","images/54225_015000076078.jpg","Y","Unknown","","GBR 2ND FD 2 PK APPLE"
"54228","015000076092","images/54228_015000076092.jpg","Y","Unknown","","GBR 2ND FD 2 PK APPSTWBN"
"54223","015000076054","images/54223_015000076054.jpg","Y","Unknown","","GBR 2ND FD 2 PK BANANA"
"54227","015000076009","images/54227_015000076009.jpg","Y","Unknown","","GBR 2ND FD 2 PK CARROT"
"54231","015000076405","images/54231_015000076405.jpg","Y","Unknown","","GBR 2ND FD 2 PK PEACH"
"54229","015000076023","images/54229_015000076023.jpg","Y","Unknown","","GBR 2ND FD 2 PK PEAS"
"54224","015000076047","images/54224_015000076047.jpg","Y","Unknown","","GBR 2ND FD 2 PK SWEET POT"
"257","015000076733","images/257_015000076733.jpg","Y","Unknown","","GBR 2ND FD CRT/SWPTO/PEA 2PK"
"265","015000076719","images/265_015000076719.jpg","Y","Unknown","","GBR 2ND FOOD BAN/ORANGE 2PK"
"58366","015000076429","images/58366_015000076429.jpg","Y","Unknown","","GBR 2ND FOODS BAN APL PR 2PK"
"58365","015000076016","images/58365_015000076016.jpg","Y","Unknown","","GBR 2ND FOODS GREEN BEAN 2PK"
"58364","015000076030","images/58364_015000076030.jpg","Y","Unknown","","GBR 2ND FOODS SQUASH 2PK"
"93167","015000664398","images/93167_015000664398.jpg","Y","Unknown","","GERBER APPLE 2ND FOOD POUCH"
"93166","015000044558","images/93166_015000044558.jpg","Y","Unknown","","GERBER BANANA 2ND FOOD POUCH"
"93168","015000664428","images/93168_015000664428.jpg","Y","Unknown","","GERBER MANGO 2ND FOOD POUCH"
"3399","015000044992","images/3399_015000044992.jpg","Y","Unknown","","GERBER STRW/BAN YOGURT POUCH"
"65884","015000070038","images/65884_015000070038.jpg","Y","Unknown","","GBR MULTIGRAIN CEREAL"
"65873","015000070014","images/65873_015000070014.jpg","Y","Unknown","","GBR OATMEAL CEREAL"
"5064","070074802404","images/5064_070074802404.png","Y","Unknown","","PEDIALYTE GRAPE 1 LTR"
"5065","070074539843","images/5065_070074539843.png","Y","Unknown","","PEDIALYTE STRAWBERRY 1 LTR"
"42506","000030087511","images/42506_000030087511.jpg","Y","Unknown","","ENF GENTLEASE POWDER FORMULA"
"69220","000030087111","images/69220_000030087111.jpg","Y","Unknown","","ENF PREMIUM CONCENTRATE"
"69265","000030087111","images/69265_000030087111.png","Y","Unknown","","ENF PREMIUM POWDER"
"5063","000003008711","images/5063_000003008711.png","Y","Unknown","","ENFAMIL A R POWDER"
"14926","050000829897","images/14926_050000829897.jpg","Y","Unknown","","GRB GOOD START GNTLE CONCEN"
"42075","070074559582","images/42075_070074559582.jpg","Y","Unknown","","SIMILAC ADVANCE POWDER"
"42065","070074559643","images/42065_070074559643.jpg","Y","Unknown","","SIMILAC SENS ISOMIL SOY"
"50246","070074575414","images/50246_070074575414.jpg","Y","Unknown","","SIMILAC SENSITIVE G/F POWDER"
"50245","070074626000","images/50245_070074626000.jpg","Y","Unknown","","SIMILAC TOTAL COMFORT POWDER"
"53759","015000048303","images/53759_015000048303.png","Y","Unknown","","GBR LIL RUNCHY MILD CHEDDAR"
"53756","015000045210","images/53756_015000045210.jpg","Y","Unknown","","GERBER BAN PUFFS CANISTER"
"93165","015000006907","images/93165_015000006907.jpg","Y","Unknown","","GERBER PUFFS TO GO STRW/APPL"
"53758","015000045203","images/53758_015000045203.jpg","Y","Unknown","","GERBER STRWBRY APPLE CANISTR"
"93171","015000049645","images/93171_015000049645.jpg","Y","Unknown","","GERBER TEETHER STW APL SPNCH"
"53762","015000047306","images/53762_015000047306.jpg","Y","Unknown","","GERBER YOGURT MELTS STRWBRY"
"34889","051933348899","images/34889_051933348899.jpg","Y","Unknown","Fairchild","Fairchild BABY WIPES SINGLE PACK"
"34797","051933347977","images/34797_051933347977.jpg","Y","Unknown","Fairchild","Fairchild BABY WIPES THREE PACK"
"78660","000080882911","images/78660_000080882911.jpg","Y","Unknown","","BABY LOVE WIPES BLUE"
"99851","030772158166","images/99851_030772158166.jpg","Y","Unknown","","LUVS PLATINUM S1 JUMBO BLUEY"
"99856","030772158128","images/99856_030772158128.jpg","Y","Unknown","","LUVS PLATINUM S2 JUMBO BLUEY"
"99861","030772158104","images/99861_030772158104.jpg","Y","Unknown","","LUVS PLATINUM S3 JUMBO BLUEY"
"99832","030772158081","images/99832_030772158081.jpg","Y","Unknown","","LUVS PLATINUM S4 BIG BLUEY"
"99871","030772158234","images/99871_030772158234.jpg","Y","Unknown","","LUVS PLATINUM S4 JUMBO BLUEY"
"99841","030772158074","images/99841_030772158074.jpg","Y","Unknown","","LUVS PLATINUM S5 BIG BLUEY"
"99881","030772158227","images/99881_030772158227.jpg","Y","Unknown","","LUVS PLATINUM S5 JUMBO BLUEY"
"99843","030772158043","images/99843_030772158043.jpg","Y","Unknown","","LUVS PLATINUM S6 BIG BLUEY"
"99884","030772158067","images/99884_030772158067.png","Y","Unknown","","LUVS PLATINUM S6 JUMBO BLUEY"
"99849","030772158005","images/99849_030772158005.jpg","Y","Unknown","","LUVS PLATINUM S7 BIG BLUEY"
"99891","030772158241","images/99891_030772158241.jpg","Y","Unknown","","LUVS PLATINUM S7 JUMBO BLUEY"
"16228","037000764656","images/16228_037000764656.jpg","Y","Unknown","","PAMP EASYUP 4T-5T JUMBO"
"93137","037000764052","images/93137_037000764052.jpg","Y","Unknown","","PAMPERS EZ UP JUMBO 3T-4T"
"34947","051933349476","images/34947_051933349476.jpg","Y","Unknown","Fairchild","Fairchild BABY OIL"
"31411","000038137111","images/31411_000038137111.jpg","Y","Unknown","","JOHNSONS BABY LOTION"
"31433","000038137111","images/31433_000038137111.jpg","Y","Unknown","","JOHNSONS BABY SHAMPOO"
"31409","000038137111","images/31409_000038137111.jpg","Y","Unknown","","JOHNSONS HTT WASH & SHAMPOO"
"39968","051933399686","images/39968_051933399686.jpg","Y","Unknown","Newbury Mills","Newbury Mills OYSTER CRACKERS"
"18630","060383008055","images/18630_060383008055.jpg","Y","Unknown","Newbury Mills","Newbury Mills SALTINES-STACK"
"46721","030100001331","images/46721_030100001331.jpg","Y","Unknown","","ZESTA SALTINE CRCKR ORIG"
"35504","051933350373","images/35504_051933350373.jpg","Y","Unknown","Newbury Mills","Newbury Mills BUTTERY ROUND CRACKER"
"35828","051933358287","images/35828_051933358287.jpg","Y","Unknown","Newbury Mills","Newbury Mills DELI CRISP CRACKER"
"35036","051933350366","images/35036_051933350366.jpg","Y","Unknown","Newbury Mills","Newbury Mills UNSALTED BUTTERY RND CRCKR"
"17412","044000031138","images/17412_044000031138.jpg","Y","Unknown","","RITZ CRACKERS FRESH STACKS"
"35032","051933350328","images/35032_051933350328.jpg","Y","Unknown","Newbury Mills","Newbury Mills CHEESE BIT CRACKERS"
"65945","051933659452","images/65945_051933659452.jpg","Y","Unknown","Newbury Mills","Newbury Mills WHITE CHEDDAR CHEESE BIT"
"40469","024100191345","images/40469_024100191345.jpg","Y","Unknown","","CHEEZ-IT ORIG GNG CRACKER"
"17488","024100440702","images/17488_024100440702.jpg","Y","Unknown","","CHEEZ-IT ORIGINAL CRACKERS"
"40888","024100315345","images/40888_024100315345.jpg","Y","Unknown","","CHEEZ-IT WHITE CHED GNG CRCK"
"51654","014100085478","images/51654_014100085478.jpg","Y","Unknown","","GOLDFISH CHEDDAR"
"78757","014100055532","images/78757_014100055532.jpg","Y","Unknown","","PRAIRIE FARMS GOLDFISH SMORES GRAB BAG"
"78756","014100045557","images/78756_014100045557.jpg","Y","Unknown","","PRAIRIE FARMS GOLDFSH XTRA CHED GRABBAG"
"56985","044000006778","images/56985_044000006778.webp","Y","Unknown","","RITZ BITS CHEESE BIG BAG"
"23482","072320111766","images/23482_072320111766.jpg","Y","Unknown","","STAUF CHEESE WHALES CRACKERS"
"36666","051933366664","images/36666_051933366664.jpg","Y","Unknown","Newbury Mills","Newbury Mills MINI CHEESE SAND CRACKERS"
"36668","051933366688","images/36668_051933366688.jpg","Y","Unknown","Newbury Mills","Newbury Mills MINI PNT BUTTER SAND CRACKER"
"30497","076410400228","images/30497_076410400228.jpg","Y","Unknown","","LANCE CR CHEESE CAPT WAFER"
"30498","076410901190","images/30498_076410901190.png","Y","Unknown","","LANCE TOAST CHEE PILLSBURY 6 CT"
"92998","076410905563","images/92998_076410905563.jpg","Y","Unknown","","LANCE TOASTED CHEDDAR 6 CT"
"18597","076410093017","images/18597_076410093017.png","Y","Unknown","","LANCE TOASTY"
"36443","051933364431","images/36443_051933364431.jpg","Y","Unknown","Newbury Mills","Newbury Mills CHICKEN FLAVORED CRACKERS"
"31911","051933319110","images/31911_051933319110.jpg","Y","Unknown","Newbury Mills","Newbury Mills NWML ENTERTAINER CRACKERS"
"31931","051933319318","images/31931_051933319318.jpg","Y","Unknown","Newbury Mills","Newbury Mills NWML WHEAT ENTERTAINER CRCKR"
"23300","000075614511","images/23300_000075614511.jpg","Y","Unknown","So-Cheezy","So-Cheezy AEROSOL CHEDDAR CHEESE"
"23440","046100037713","images/23440_046100037713.png","Y","Unknown","","DIPPABLES CHSE & STICKS 5 PK"
"14202","051933142022","images/14202_051933142022.jpg","Y","Unknown","Sunny's","Sunny's CINNAMON GRAHAMS"
"14072","051933140721","images/14072_051933140721.jpg","Y","Unknown","Sunny's","Sunny's HONEY GRAHAMS"
"23335","051933233355","images/23335_051933233355.jpg","Y","Unknown","Save Today","Save Today DUPLEX SANDWICH CREMES 25 OZ"
"23355","051933233553","images/23355_051933233553.jpg","Y","Unknown","Save Today","Save Today LEMON SANDWICH CREMES 25 OZ"
"34471","000010045111","images/34471_000010045111.jpg","Y","Unknown","Sunny's","Sunny's CHOCOLATE SANDWICH CREMES"
"15151","051933151512","images/15151_051933151512.jpg","Y","Unknown","Sunny's","Sunny's DOUBLE STUFF SANDWICH CREMES"
"51753","051933517530","images/51753_051933517530.jpg","Y","Unknown","Sunny's","Sunny's EF VAN GOLDEN SANDWICH CREAM"
"37138","051933053601","images/37138_051933053601.jpg","Y","Unknown","Sunny's","Sunny's PEANUT BUTTER SANDWCH COOKIE"
"23345","051933233454","images/23345_051933233454.jpg","Y","Unknown","Sunny's","Sunny's VANILLA SANDWICH CREME 25 OZ"
"92982","086106022740","images/92982_086106022740.png","Y","Unknown","","LIL DUTCH MAID DUPLEX CREME"
"92981","086106025246","images/92981_086106025246.jpg","Y","Unknown","","LIL DUTCH MAID PNBTR BTR CRM"
"92979","086106022702","images/92979_086106022702.png","Y","Unknown","","LITL DUTCH MAID VAN CREME"
"56983","044000006808","images/56983_044000006808.png","Y","Unknown","","MINI OREO BIG BAG"
"48681","044000032029","images/48681_044000032029.png","Y","Unknown","","NABISCO OREO ORIGINAL"
"89013","044000060251","images/89013_044000060251.jpg","Y","Unknown","","OREO DOUBLE STUFF FAM SZ"
"89012","044000060237","images/89012_044000060237.jpg","Y","Unknown","","OREO REGULAR FAM SIZE"
"33706","051933337060","images/33706_051933337060.jpg","Y","Unknown","Save Today","Save Today CHOCOLATE CHIP COOKIES"
"35204","051933500273","images/35204_051933500273.jpg","Y","Unknown","Sunny's","Sunny's CHEWY CHOCOLATE CHIP COOKIES"
"35207","051933500259","images/35207_051933500259.jpg","Y","Unknown","Sunny's","Sunny's CHOC CHIP PREMIUM COOKIES"
"65977","051933659773","images/65977_051933659773.jpg","Y","Unknown","Sunny's","Sunny's CHOCOLATE CHIP COOKIES"
"31992","051933319929","images/31992_051933319929.jpg","Y","Unknown","Sunny's","Sunny's SUNNYS CNDY CHIP TASTIC CKIE"
"52153","044000033392","images/52153_044000033392.jpg","Y","Unknown","","CHIPS AHOY CHEWY FAM SZ"
"52152","044000033385","images/52152_044000033385.jpg","Y","Unknown","","CHIPS AHOY ORIG FAM SIZE"
"56984","044000006792","images/56984_044000006792.png","Y","Unknown","","MINI CHIPS AHOY BIG BAG"
"33935","051933500204","images/33935_051933500204.jpg","Y","Unknown","Sunny's","Sunny's CARAMEL COCONUT FUDGE"
"62695","051933626959","images/62695_051933626959.jpg","Y","Unknown","Sunny's","Sunny's FUDGE FLUFF COOKIE"
"62696","051933630062","images/62696_051933630062.jpg","Y","Unknown","Sunny's","Sunny's FUDGE THIN MINT COOKIE"
"32467","051933324671","images/32467_051933324671.jpg","Y","Unknown","Sunny's","Sunny's PEANUT BUTTER FUDGE COOKIES"
"24929","020200600008","images/24929_020200600008.gif","Y","Unknown","","OB PEANUT BUTTER PATTIE"
"33707","051933337077","images/33707_051933337077.jpg","Y","Unknown","Save Today","Save Today ICED OATMEAL COOKIES"
"65976","051933659766","images/65976_051933659766.jpg","Y","Unknown","Sunny's","Sunny's ICED OATMEAL"
"14373","051933500181","images/14373_051933500181.jpg","Y","Unknown","Sunny's","Sunny's FUDGE STRIPED SHORTBREAD"
"31963","051933319639","images/31963_051933319639.jpg","Y","Unknown","Sunny's","Sunny's PECAN SHORTBREAD COOKIES"
"93078","086106152706","images/93078_086106152706.jpg","Y","Unknown","","LIL DUTCH MAID ALMOND WINDMILL"
"93081","086106152751","images/93081_086106152751.png","Y","Unknown","","LIL DUTCH MAID BUTTER RINGS"
"93079","086106152683","images/93079_086106152683.jpg","Y","Unknown","","LIL DUTCH MAID COCONUT BAR"
"30719","051933307193","images/30719_051933307193.jpg","Y","Unknown","Newbury Mills","Newbury Mills VANILLA WAFER"
"30637","051933306370","images/30637_051933306370.jpg","Y","Unknown","Save Today","Save Today CHOCOLATE SUGAR WAFERS"
"30638","051933306387","images/30638_051933306387.jpg","Y","Unknown","Save Today","Save Today STRAWBERRY SUGAR WAFERS"
"30636","051933306363","images/30636_051933306363.jpg","Y","Unknown","Save Today","Save Today VANILLA SUGAR WAFERS"
"62893","000087694111","images/62893_000087694111.png","Y","Unknown","","PAMPA STRAWBRY SUGAR WAFER"
"37159","051933371590","images/37159_051933371590.jpg","Y","Unknown","Sunny's","Sunny's FIG COOKIES"
"36671","051933366718","images/36671_051933366718.jpg","Y","Unknown","Sunny's","Sunny's HONEY TEDDY'S"
"31608","051933316089","images/31608_051933316089.jpg","Y","Unknown","Sunny's","Sunny's SUNNY CHOC ANIMAL CRACKERS"
"39969","051933399693","images/39969_051933399693.jpg","Y","Unknown","Sunny's","Sunny's SUNNY'S ANIMAL CRACKERS"
"21169","072320133881","images/21169_072320133881.jpg","Y","Unknown","","STAUF GLAZED ANIMAL COOKIE"
"93185","024100940271","images/93185_024100940271.jpg","Y","Unknown","","CHEEZ IT VARIETY 12 PK"
"95631","027800053357","images/95631_027800053357.jpg","Y","Unknown","","KEEBLER FUDGE STRIPE KING SZ"
"87883","009800800056","images/87883_009800800056.jpg","Y","Unknown","","NUTELLA & GO BREADSTICK"
"56986","044000003067","images/56986_044000003067.jpg","Y","Unknown","","NUTTER BUTTER BITES BIG BAG"
"72714","018000144099","images/72714_018000144099.jpg","Y","Unknown","","PILLSBURY MINI SFT BKD CINN RL CKIE"
"84641","018000510689","images/84641_018000510689.jpg","Y","Unknown","","PILLSBURY MINI SFT CHO CHIP 6CT"
"31868","051933318687","images/31868_051933318687.jpg","Y","Unknown","Kaskey's","Kaskey's CHICKEN & DUMPLING RTS SOUP"
"31869","051933318694","images/31869_051933318694.jpg","Y","Unknown","Kaskey's","Kaskey's CHICKEN POT PIE RTS SOUP"
"15732","075725157322","images/15732_075725157322.jpg","Y","Unknown","Kaskey's","Kaskey's CHUNKY CLAM CHOWDER EZO CAN"
"31619","051933316195","images/31619_051933316195.jpg","Y","Unknown","Kaskey's","Kaskey's HEARTY BEEF VEGETABLE RTS"
"16932","075725169325","images/16932_075725169325.jpg","Y","Unknown","Kaskey's","Kaskey's HEARTY CHKN NOODLE EZO CAN"
"31878","051933318786","images/31878_051933318786.jpg","Y","Unknown","Kaskey's","Kaskey's HEARTY STEAK & POTATO RTS"
"32685","075725305952","images/32685_075725305952.jpg","Y","Unknown","Kaskey's","Kaskey's LOW SODIUM HEARTY CHICKEN"
"11930","075725119306","images/11930_075725119306.jpg","Y","Unknown","Kaskey's","Kaskey's CHICKEN NOODLE SOUP"
"16890","075725168908","images/16890_075725168908.jpg","Y","Unknown","Kaskey's","Kaskey's CHICKEN RICE SOUP"
"16880","075725168809","images/16880_075725168809.jpg","Y","Unknown","Kaskey's","Kaskey's CREAM OF CHICKEN SOUP"
"11940","075725119405","images/11940_075725119405.jpg","Y","Unknown","Kaskey's","Kaskey's CREAM OF MUSHROOM SOUP"
"11910","075725119108","images/11910_075725119108.jpg","Y","Unknown","Kaskey's","Kaskey's TOMATO SOUP"
"21189","051000015419","images/21189_051000015419.jpg","Y","Unknown","","CAMPBELL'S CHICKEN AND STARS"
"15541","051000253019","images/15541_051000253019.jpg","Y","Unknown","","CAMPBELL'S RED & WHITE BEAN W/BACON"
"15219","051000012517","images/15219_051000012517.jpg","Y","Unknown","","CAMPBELL'S RED & WHITE CHICKEN NOODLE"
"15548","051000010315","images/15548_051000010315.png","Y","Unknown","","CAMPBELL'S RED & WHITE CREAM OF CHICKEN"
"15547","051000012616","images/15547_051000012616.jpg","Y","Unknown","","CAMPBELL'S RED & WHITE CREAM OF MUSHROOM"
"15222","051000000118","images/15222_051000000118.jpg","Y","Unknown","","CAMPBELL'S RED & WHITE TOMATO SOUP"
"39529","051000012319","images/39529_051000012319.jpg","Y","Unknown","","CAMPBELL'S RED & WHITE VEGETABLE BEEF"
"46572","075725465724","images/46572_075725465724.jpg","Y","Unknown","Kaskey's","Kaskey's BEEF BROTH FAT FREE"
"23305","051933233058","images/23305_051933233058.jpg","Y","Unknown","Marcum","Marcum ASEPTIC BEEF BROTH"
"23285","051933232853","images/23285_051933232853.jpg","Y","Unknown","Marcum","Marcum ASEPTIC CHICKEN BROTH"
"34642","051933346420","images/34642_051933346420.jpg","Y","Unknown","Marcum","Marcum ASEPTIC CHICKEN STOCK"
"23295","051933232952","images/23295_051933232952.jpg","Y","Unknown","Marcum","Marcum ASEPTIC RS CHICKEN BROTH"
"36053","051933360532","images/36053_051933360532.jpg","Y","Unknown","Marcum","Marcum ASEPTIC VEGETABLE BROTH"
"13060","051933131859","images/13060_051933131859.jpg","Y","Unknown","Marcum","Marcum BEEF BOUILLON CUBES"
"65956","051933659568","images/65956_051933659568.jpg","Y","Unknown","Marcum","Marcum CHICKEN BOUILLON"
"11952","075725119528","images/11952_075725119528.jpg","Y","Unknown","Marcum","Marcum CHICKEN BROTH 99% FAT FREE"
"91934","024000550457","images/91934_024000550457.png","Y","Unknown","","CLL INN GARDEN VEG BROTH"
"18693","075725186933","images/18693_075725186933.jpg","Y","Unknown","Kaskey's","Kaskey's ONION SOUP MIX 2 PK"
"34266","000076026411","images/34266_000076026411.jpg","Y","Unknown","","BEAR CHEDDAR BROC SOUP"
"34242","000076026411","images/34242_000076026411.jpg","Y","Unknown","","BEAR CHEDDAR POTATO SOUP"
"34277","000076026411","images/34277_000076026411.jpg","Y","Unknown","","BEAR CHICKEN NOODLE SOUP"
"34286","000076026411","images/34286_000076026411.jpg","Y","Unknown","","BEAR CREAMY POTATO SOUP"
"34276","000076026411","images/34276_000076026411.jpg","Y","Unknown","","BEAR DARN GOOD CHILI SOUP"
"34287","000076026411","images/34287_000076026411.jpg","Y","Unknown","","BEAR VEG BEEF SOUP"
"93214","041000003011","images/93214_041000003011.jpg","Y","Unknown","","LIPTON SOUP SECRET NOODLE"
"72350","041789001666","images/72350_041789001666.jpg","Y","Unknown","","MARUCHAN IL CHEDDAR CHEESE"
"13299","041789006227","images/13299_041789006227.jpg","Y","Unknown","","MARUCHAN RAMEN BEEF 6PK"
"13298","041789006210","images/13298_041789006210.jpg","Y","Unknown","","MARUCHAN RAMEN CHICKEN 6PK"
"13303","041789006272","images/13303_041789006272.jpg","Y","Unknown","","MARUCHAN RAMEN SHRIMP 6PK"
"56777","041789003011","images/56777_041789003011.jpg","Y","Unknown","","MARUCHAN BOWL CHICKEN"
"56778","041789003028","images/56778_041789003028.png","Y","Unknown","","MARUCHAN BOWL SPICY CHICKEN"
"18095","041789001215","images/18095_041789001215.jpg","Y","Unknown","","MARUCHAN INST LUNCH CHICKEN"
"18097","041789001253","images/18097_041789001253.jpg","Y","Unknown","","MARUCHAN INST LUNCH SHRIMP"
"35175","041789001154","images/35175_041789001154.jpg","Y","Unknown","","MARUCHAN RAMEN CHLE LM SHRMP"
"35170","041789001437","images/35170_041789001437.jpg","Y","Unknown","","MARUCHAN RAMEN SPCY CHKN CUP"
"25905","041789007019","images/25905_041789007019.jpg","Y","Unknown","","MARUCHAN YAKISOBA CHICKEN"
"15735","041789007071","images/15735_041789007071.jpg","Y","Unknown","","MARUCHAN YKISBA TRIYAKI BEEF"
"17700","051933346635","images/17700_051933346635.jpg","Y","Unknown","Hargis House","Hargis House CHILI NO BEANS"
"32444","","images/32444_NOUPC.jpg","Y","Unknown","Hargis House","Hargis House CHILI NO BEANS"
"10300","051933346611","images/10300_051933346611.jpg","Y","Unknown","Hargis House","Hargis House CHILI W/BEANS"
"10320","","images/10320_NOUPC.jpg","Y","Unknown","Hargis House","Hargis House CHILI WITH BEANS"
"93196","027000373781","images/93196_027000373781.jpg","Y","Unknown","","WENDY NO BEANS CHILI"
"88883","027000378151","images/88883_027000378151.jpg","Y","Unknown","","WENDY'S ORIG CHILI W/BEAN"
"66587","051933665873","images/66587_051933665873.jpg","Y","Unknown","Hargis House","Hargis House HARGIS HOUSE BEEF STEW"
"31428","051933314283","images/31428_051933314283.jpg","Y","Unknown","Hargis House","Hargis House HOMESTYLE CLASSIC LOAF"
"31429","051933314290","images/31429_051933314290.jpg","Y","Unknown","Hargis House","Hargis House PORK LUNCHEON MEAT"
"23245","051933344877","images/23245_051933344877.jpg","Y","Unknown","Hargis House","Hargis House BBQ VIENNA SAUSAGES"
"35482","051933354821","images/35482_051933354821.jpg","Y","Unknown","Hargis House","Hargis House CHICKEN VIENNA SAUSAGE"
"13030","051933344853","images/13030_051933344853.jpg","Y","Unknown","Hargis House","Hargis House VIENNA SAUSAGE"
"62848","075226515157","images/62848_075226515157.jpg","Y","Unknown","Hargis House","Hargis House CANNED CORNED BEEF"
"36249","051933362499","images/36249_051933362499.jpg","Y","Unknown","Hargis House","Hargis House CHICKEN SALAD KIT"
"35637","051933356375","images/35637_051933356375.jpg","Y","Unknown","Hargis House","Hargis House CHUNK WHITE CHICKEN 2PK"
"10290","051933346642","images/10290_051933346642.jpg","Y","Unknown","Hargis House","Hargis House CORNED BEEF HASH"
"13020","051933130203","images/13020_051933130203.jpg","Y","Unknown","Hargis House","Hargis House POTTED MEAT"
"35636","051933356368","images/35636_051933356368.jpg","Y","Unknown","Hargis House","Hargis House PREM CHUNK WHITE CHICKEN"
"19199","075069002005","images/19199_075069002005.jpg","Y","Unknown","","BRISTOL CANNED HAM ORIG"
"25045","071615901020","images/25045_071615901020.png","Y","Unknown","","HEREFORD ROAST BEEF W GRAVY"
"78734","000064803611","images/78734_000064803611.jpg","Y","Unknown","","PAMPEANO CANNED CORNED BEEF"
"61770","051933617704","images/61770_051933617704.jpg","Y","Unknown","Hargis House","Hargis House BEANS & FRANKS EZ OPEN CAN"
"62959","051933629592","images/62959_051933629592.jpg","Y","Unknown","Hargis House","Hargis House HARGIS HOUSE CHICKEN & DUMPL"
"55182","037600070607","images/55182_037600070607.jpg","Y","Unknown","","DNTYM COMPLEATS BEEF STEW"
"55184","037600349864","images/55184_037600349864.jpg","Y","Unknown","","HRML CMPLEATS CHICKN ALFREDO"
"55183","037600085298","images/55183_037600085298.jpg","Y","Unknown","","HRML CMPLT RST BF & GRAVY"
"30673","051933306738","images/30673_051933306738.jpg","Y","Unknown","Mantia's","Mantia's MAC & BEEF TOMATO SAUCE"
"30672","051933306721","images/30672_051933306721.jpg","Y","Unknown","Mantia's","Mantia's MINI BEEF RAVIOLI IN TOM SCE"
"30644","051933306448","images/30644_051933306448.jpg","Y","Unknown","Mantia's","Mantia's SPAGHETTI RING W/TOM&CHS SCE"
"30645","051933306455","images/30645_051933306455.jpg","Y","Unknown","Mantia's","Mantia's SPAGHETTI W/MEAT IN TOM SCE"
"41647","064144043156","images/41647_064144043156.jpg","Y","Unknown","","CHEF BOYARDEE BEEF RAVIOLI"
"41651","064144043026","images/41651_064144043026.jpg","Y","Unknown","","CHEF BOYARDEE BEEFARONI"
"54613","064144043040","images/54613_064144043040.png","Y","Unknown","","CHEF BOYARDEE LASAGNA"
"37075","064144047093","images/37075_064144047093.jpg","Y","Unknown","","CHEF BOYARDEE MARTHA WHITE BOWL BEEF RAVIOLI"
"89738","064144047024","images/89738_064144047024.png","Y","Unknown","","CHEF BOYARDEE MARTHA WHITE BOWL BEEFARONI"
"37085","064144047178","images/37085_064144047178.jpg","Y","Unknown","","CHEF BOYARDEE MARTHA WHITE BOWL SPAG & MEATBALL"
"41652","064144043064","images/41652_064144043064.jpg","Y","Unknown","","CHEF BOYARDEE MINI RAVIOLI"
"41648","064144043224","images/41648_064144043224.png","Y","Unknown","","CHEF BOYARDEE SPAGHETTI&MEATBALLS"
"10362","075725103626","images/10362_075725103626.jpg","Y","Unknown","Portside","Portside CHUNK LIGHT TUNA IN WATER"
"65799","051933657991","images/65799_051933657991.jpg","Y","Unknown","Portside","Portside PORTSIDE TUNA IN OIL"
"36253","051933362536","images/36253_051933362536.jpg","Y","Unknown","Portside","Portside TUNA SALAD FF KIT"
"36251","051933362512","images/36251_051933362512.jpg","Y","Unknown","Portside","Portside TUNA SALAD KIT"
"55542","080000006721","images/55542_080000006721.jpg","Y","Unknown","","STARKIST ALBCORE SLD WHT WTR"
"7705","080000006738","images/7705_080000006738.jpg","Y","Unknown","","STARKIST CHUNK LT WAT TUNA"
"2019","080000513090","images/2019_080000513090.jpg","Y","Unknown","","STARKIST LMN PEPP TUNA POUCH"
"2017","080000495242","images/2017_080000495242.jpg","Y","Unknown","","STARKIST LT TUNA W/WTR POUCH"
"2018","080000513083","images/2018_080000513083.jpg","Y","Unknown","","STARKIST SWT&SPC TUNA POUCH"
"10799","080000514202","images/10799_080000514202.jpg","Y","Unknown","","STARKIST TUNA RANCH POUCH"
"36227","051933362277","images/36227_051933362277.jpg","Y","Unknown","Portside","Portside SARDINES IN MUSTARD"
"36226","051933362260","images/36226_051933362260.jpg","Y","Unknown","Portside","Portside SARDINES IN OIL"
"36224","051933362246","images/36224_051933362246.jpg","Y","Unknown","Portside","Portside SARDINES IN SPRING WATER"
"10470","000072956411","images/10470_000072956411.jpg","Y","Unknown","Portside","Portside CHUB MACKEREL IN BRINE"
"30867","070490003362","images/30867_070490003362.jpg","Y","Unknown","","BLACK TOP PINK SALMON"
"50202","086600752303","images/50202_086600752303.jpg","Y","Unknown","","BUMBLEBEE WHOLE OYSTERS"
"70236","080000515568","images/70236_080000515568.jpg","Y","Unknown","","STARKIST JUMBO LMP SALMON IN WATER"
"30382","051933303829","images/30382_051933303829.jpg","Y","Unknown","Hargis House","Hargis House HOT DOG CHILI SAUCE"
"13734","027000442128","images/13734_027000442128.png","Y","Unknown","","MANWICH SLOPPY JOE SAUCE"
"1622","073390013325","images/1622_073390013325.jpg","Y","Unknown","","AIRHEAD GUM WATERMELON 14 PC"
"22567","059642002019","images/22567_059642002019.jpg","Y","Unknown","","DBB GUM 12CT TUBE"
"49979","022000003195","images/49979_022000003195.jpg","Y","Unknown","","ECLIPSE SPEARMINT BOTTLE"
"51161","022000008459","images/51161_022000008459.jpg","Y","Unknown","","EXTRA CLASSIC BUBBLE SINGLES"
"51163","022000008916","images/51163_022000008916.jpg","Y","Unknown","","EXTRA PEPPERMINT SINGLES"
"92967","022000021977","images/92967_022000021977.png","Y","Unknown","","EXTRA REFRESHER PLOARICE BTL"
"92968","022000021908","images/92968_022000021908.jpg","Y","Unknown","","EXTRA REFRESHER SPRMINT BTL"
"20125","022000008381","images/20125_022000008381.jpg","Y","Unknown","","EXTRA WATERMELON SINGLES"
"92965","022000290090","images/92965_022000290090.jpg","Y","Unknown","","HUBBA BUBBA MAX BLUE RASP"
"92964","022000000675","images/92964_022000000675.png","Y","Unknown","","HUBBA BUBBA MAX STRW WTRMLN"
"93123","022000295644","images/93123_022000295644.jpg","Y","Unknown","","HUBBA BUBBA MINI GUM SKITTLE"
"49985","022110079806","images/49985_022110079806.jpg","Y","Unknown","","HUBBA BUBBA TAPE"
"953","034000008438","images/953_034000008438.jpg","Y","Unknown","","ICEBREAK ICE CUBE PEPMNT GUM"
"3989","034000008476","images/3989_034000008476.jpg","Y","Unknown","","ICEBREAKER WINTERGREEN GUM"
"92927","073390013035","images/92927_073390013035.jpg","Y","Unknown","","MENTO GUM STRAWBERRY 50 PC"
"23257","073390014049","images/23257_073390014049.png","Y","Unknown","","MENTOS PURE FSH MIN CAN 50CT"
"20089","073390014056","images/20089_073390014056.jpg","Y","Unknown","","MENTOS SPEARMINT GUM"
"55376","022000014757","images/55376_022000014757.jpg","Y","Unknown","","ORBIT BUBBLEMINT GUM BOTTLE"
"92973","022000283818","images/92973_022000283818.jpg","Y","Unknown","","ORBIT PEPPERMINT MEGA PACK"
"36667","022000004864","images/36667_022000004864.jpg","Y","Unknown","","ORBIT PEPPERMINT SINGLES"
"36657","022000004840","images/36657_022000004840.jpg","Y","Unknown","","ORBIT SPEARMINT SINGLES"
"92974","022000283863","images/92974_022000283863.jpg","Y","Unknown","","ORBIT SPEARRMINT MEGA PACK"
"92975","022000004833","images/92975_022000004833.png","Y","Unknown","","ORBIT SWEETMINT SINGLES"
"58970","073390055158","images/58970_073390055158.jpg","Y","Unknown","","TRDNT SINGLES SPEARMINT"
"92992","073390055219","images/92992_073390055219.jpg","Y","Unknown","","TRIDENT SINGLES CINNAMON"
"2715","073390055172","images/2715_073390055172.jpg","Y","Unknown","","TRIDENT TROPICAL TWIST"
"55374","022000005120","images/55374_022000005120.png","Y","Unknown","","WRIG 5 COBALT SINGLE"
"33657","022000006660","images/33657_022000006660.jpg","Y","Unknown","","WRIG DOUBLEMINT SLIM PK GUM"
"33647","022000008985","images/33647_022000008985.jpg","Y","Unknown","","WRIG EXTRA PLR ICE SLM PK GM"
"21867","022000008992","images/21867_022000008992.jpg","Y","Unknown","","WRIG EXTRA SPEARMINT GUM"
"49991","022000006677","images/49991_022000006677.png","Y","Unknown","","WRIG JUICY FRUIT SLIM PK GUM"
"52239","022000159335","images/52239_022000159335.png","Y","Unknown","","ALTOIDS PEPPERMINT TINS"
"92929","034000938346","images/92929_034000938346.jpg","Y","Unknown","","BREATH SAVERS PEPPERMNT 3 HR"
"95395","034000725083","images/95395_034000725083.jpg","Y","Unknown","","ICE BREAKER RASP LEMON MINTS"
"49981","034000000074","images/49981_034000000074.jpg","Y","Unknown","","ICEBREAK COOL MINT TINS"
"55377","034000006656","images/55377_034000006656.jpg","Y","Unknown","","ICEBREAK DUO MINTS STRWBERRY"
"92932","034000000067","images/92932_034000000067.jpg","Y","Unknown","","ICEBREAK SPEARMINT TIN"
"13941","073390009342","images/13941_073390009342.jpg","Y","Unknown","","AIRHEAD ASST 5BAR CHKSTND PK"
"36278","000079321711","images/36278_000079321711.jpg","Y","Unknown","","FCTWST BLUE RASP CHRY TAFFY"
"36279","000079321711","images/36279_000079321711.png","Y","Unknown","","FCTWST STRAW GRN APPLE TAFFY"
"39466","000087398311","images/39466_000087398311.jpg","Y","Unknown","","HI CHEW STRAWBERRY STICK"
"39467","000085168111","images/39467_000085168111.png","Y","Unknown","","HI CHEW WATERMELON STICK"
"52241","073390000165","images/52241_073390000165.png","Y","Unknown","","MENTOS FRUIT ROLLS"
"55387","073390000110","images/55387_073390000110.png","Y","Unknown","","MENTOS MINT ROLL"
"92928","073390026349","images/92928_073390026349.jpg","Y","Unknown","","MENTOS STRAWBERRY ROLL"
"50087","079200173067","images/50087_079200173067.jpg","Y","Unknown","","NERDS ROPE RAINBOW"
"36447","040000001607","images/36447_040000001607.jpg","Y","Unknown","","SKITTLES ORIGINAL STANDRD SZ"
"20112","040000001621","images/20112_040000001621.jpg","Y","Unknown","","SKITTLES WILD BERRY SINGLES"
"36437","040000000518","images/36437_040000000518.png","Y","Unknown","","STARBURST ORIGINAL STNDRD SZ"
"50086","079200001643","images/50086_079200001643.jpg","Y","Unknown","","SWEETART ROLL"
"20115","079200235444","images/20115_079200235444.jpg","Y","Unknown","","SWEETARTS CHRY ROPES SHARE"
"64189","040000422082","images/64189_040000422082.png","Y","Unknown","","3 MUSKETEERS STANDARD BAR"
"6143","099900625468","images/6143_099900625468.png","Y","Unknown","","BABY RUTH SINGLES"
"51101","099900100873","images/51101_099900100873.png","Y","Unknown","","BUTTERFINGER SINGLE"
"44682","099900908363","images/44682_099900908363.jpg","Y","Unknown","","CRUNCH BAR SINGLE MILK CHOC"
"54246","010700060808","images/54246_010700060808.jpg","Y","Unknown","","HEATH MILK TOFFEE SINGLE BAR"
"36527","034000002399","images/36527_034000002399.jpg","Y","Unknown","","HRSHY CKIES&CRM STANDARD BAR"
"36557","034000002412","images/36557_034000002412.jpg","Y","Unknown","","HRSHY MARIE CALLENDER'S W/ALMOND STANDRD BR"
"36537","034000005376","images/36537_034000005376.jpg","Y","Unknown","","HRSHY MILK CHOC STANDARD BAR"
"92290","009800000555","images/92290_009800000555.jpg","Y","Unknown","","KINDER BUENO 2 PC BAR"
"36577","034000002467","images/36577_034000002467.jpg","Y","Unknown","","KIT KAT STANDARD BAR"
"92972","040000001447","images/92972_040000001447.jpg","Y","Unknown","","M & M PEANUTBUTTER SINGLES"
"57232","040000000310","images/57232_040000000310.jpg","Y","Unknown","","M&M'S MILK CHOC STANDRD SIZE"
"36477","040000000327","images/36477_040000000327.jpg","Y","Unknown","","M&M'S PEANUT STANDARD SIZE"
"64177","040000422068","images/64177_040000422068.jpg","Y","Unknown","","MILKY WAY STANDARD BAR"
"61858","034000002436","images/61858_034000002436.jpg","Y","Unknown","","MR. GOODBAR STANDARD BAR"
"36417","010700808226","images/36417_010700808226.png","Y","Unknown","","PAYDAY STANDARD BAR"
"36587","034000004409","images/36587_034000004409.jpg","Y","Unknown","","REESE'S PILLSBURY CUP STANDARD BAR"
"30271","034000001637","images/30271_034000001637.jpg","Y","Unknown","","REESES MILK PILLSBURY BIG CUP BAR"
"61870","034000003860","images/61870_034000003860.jpg","Y","Unknown","","REESES TAKE 5 SINGLE BAR"
"64170","040000424314","images/64170_040000424314.png","Y","Unknown","","SNICKERS STANDARD BAR"
"36617","040000353911","images/36617_040000353911.png","Y","Unknown","","TWIX STANDARD BAR"
"6068","010700804228","images/6068_010700804228.jpg","Y","Unknown","","ZERO SINGLE BAR"
"27317","040000006039","images/27317_040000006039.jpg","Y","Unknown","","3 MUSKETEERS SHARE SIZE BAR"
"20085","000087218111","images/20085_000087218111.jpg","Y","Unknown","","DEMET TURTLES KING BAR"
"73047","034000002290","images/73047_034000002290.jpg","Y","Unknown","","KIT KAT KING SIZE BAR"
"27297","040000004318","images/27297_040000004318.jpg","Y","Unknown","","M&M'S MILK CHOC SHARING SIZE"
"27287","040000004325","images/27287_040000004325.jpg","Y","Unknown","","M&M'S PEANUT SHARING SIZE"
"17037","034000000357","images/17037_034000000357.jpg","Y","Unknown","","REESE FAST BREAK KING BAR"
"73057","034000004805","images/73057_034000004805.jpg","Y","Unknown","","REESE'S PILLSBURY CUP KING SIZE"
"17036","034000002030","images/17036_034000002030.jpg","Y","Unknown","","REESES STICKS KING SIZE BAR"
"92966","041376113598","images/92966_041376113598.jpg","Y","Unknown","","RICE KRISPIES STRWB KING BAR"
"45174","040000002635","images/45174_040000002635.jpg","Y","Unknown","","SNICKERS SHARING SIZE"
"45175","040000004059","images/45175_040000004059.jpg","Y","Unknown","","TWIX SHAREABLE"
"92935","034000531042","images/92935_034000531042.jpg","Y","Unknown","","TWIZZLER STRAWBERRY KING"
"46307","034000040476","images/46307_034000040476.jpg","Y","Unknown","","CDBRY CARAMELLO CHOC PRM BAR"
"17745","010700858436","images/17745_010700858436.jpg","Y","Unknown","","HEATH MILK TOFFEE XL BAR"
"49363","034000196302","images/49363_034000196302.jpg","Y","Unknown","","HRSHY COOKIES N' CREME XL BR"
"64225","034000171156","images/64225_034000171156.jpg","Y","Unknown","","HRSHY MARIE CALLENDER'S W/ALMONDS XL BAR"
"64203","034000170388","images/64203_034000170388.jpg","Y","Unknown","","HRSHY MILK CHOC XL BAR"
"95946","034000176229","images/95946_034000176229.png","Y","Unknown","","KIT KAT MILK CHOC XL BAR"
"49365","034000176120","images/49365_034000176120.jpg","Y","Unknown","","KIT KAT XL BAR"
"49362","034000173150","images/49362_034000173150.png","Y","Unknown","","MR. GOODBAR XL BAR"
"49366","034000442669","images/49366_034000442669.jpg","Y","Unknown","","REESE'S PILLSBURY CUP XL BAR"
"64759","034000177141","images/64759_034000177141.jpg","Y","Unknown","","SYMPHONY MARIE CALLENDER'S W/ALM TOF XL BAR"
"13462","034000290055","images/13462_034000290055.jpg","Y","Unknown","","HRSHY MILK CHOC BAR 6PK"
"13502","034000296057","images/13502_034000296057.png","Y","Unknown","","KIT KAT 6PK"
"13412","034000490059","images/13412_034000490059.jpg","Y","Unknown","","REESE'S PILLSBURY CUP 6PK"
"64160","040000443278","images/64160_040000443278.jpg","Y","Unknown","","SNICKERS 6 PACK"
"93122","040000596332","images/93122_040000596332.jpg","Y","Unknown","","3 MUSKETEERS FUN SIZE 5 PK"
"91103","034000021956","images/91103_034000021956.jpg","Y","Unknown","","ALMOND JOY SNACK SZ 4 PK"
"29170","099900100255","images/29170_099900100255.jpg","Y","Unknown","","BUTTERFINGER 6-PACK FUNSIZE"
"91113","034000239696","images/91113_034000239696.jpg","Y","Unknown","","COOKIES & CREME SNACK SZ 4PK"
"91112","034000946341","images/91112_034000946341.jpg","Y","Unknown","","HRSHY MILK CHOC 4 PK"
"91251","034000946334","images/91251_034000946334.jpg","Y","Unknown","","KIT KAT 4PK SNACK SIZE"
"93121","040000596394","images/93121_040000596394.png","Y","Unknown","","MILKY WAY FUN SIZE 5 PK"
"91123","034000457137","images/91123_034000457137.jpg","Y","Unknown","","MOUNDS SNACK SZ 4 PK"
"91042","010700808769","images/91042_010700808769.jpg","Y","Unknown","","PAYDAY SNACK SZ 4 PK"
"92267","010700808493","images/92267_010700808493.jpg","Y","Unknown","","PAYDAY SS 5 PACK"
"91122","034000293087","images/91122_034000293087.jpg","Y","Unknown","","REESE FASTBREAK SZ 4 PK"
"91132","034000491681","images/91132_034000491681.jpg","Y","Unknown","","REESE WHITE SNACK SZ 4 PK"
"91232","034000946327","images/91232_034000946327.jpg","Y","Unknown","","REESES PILLSBURY CUP 4PK SNK SIZE"
"78708","040000606796","images/78708_040000606796.jpg","Y","Unknown","","SNICKERS ALMOND FUNSIZE 5PK"
"93118","040000596370","images/93118_040000596370.jpg","Y","Unknown","","SNICKERS FUN SIZE 5 PK"
"93119","040000596356","images/93119_040000596356.jpg","Y","Unknown","","TWIX FUN SIZE 5 PK"
"20743","034000402113","images/20743_034000402113.jpg","Y","Unknown","","REESE'S PBC SNACK SIZE LDB"
"7702","040000505334","images/7702_040000505334.png","Y","Unknown","","SNICKERS FUN SIZE MED BAGS"
"92207","070970475313","images/92207_070970475313.jpg","Y","Unknown","","HOT TAMALES THEATRE BOX"
"92984","010700858405","images/92984_010700858405.png","Y","Unknown","","JOLLY RANCHER GUMMIES TB"
"35232","040000497547","images/35232_040000497547.jpg","Y","Unknown","","M&M'S PEANUT THEATER BOX"
"92206","070970475337","images/92206_070970475337.jpg","Y","Unknown","","MIKE & IKE ORIGNL THTR BOX"
"14084","010700021526","images/14084_010700021526.jpg","Y","Unknown","","MILK DUDS THEATER BOX"
"50078","079200558338","images/50078_079200558338.jpg","Y","Unknown","","NERDS RAINBOW THEATER BOX"
"20677","099900722730","images/20677_099900722730.jpg","Y","Unknown","","RAISINETS THEATER BOX"
"14083","034000114702","images/14083_034000114702.jpg","Y","Unknown","","REESE'S PIECES THEATER BOX"
"21965","010700024404","images/21965_010700024404.jpg","Y","Unknown","","WHOPPERS THEATER BOX"
"70235","000085754111","images/70235_000085754111.jpg","Y","Unknown","","CT CHOCOLATE TREASURE KONZ"
"92304","000085292311","images/92304_000085292311.jpg","Y","Unknown","","CT CHOCOLATE TREASURE KONZ"
"3990","009800000524","images/3990_009800000524.jpg","Y","Unknown","","FERRERO KINDER JOY"
"20087","000076839611","images/20087_000076839611.jpg","Y","Unknown","","FINDERS KEEPERS HOT WHEELS"
"92971","041116232190","images/92971_041116232190.jpg","Y","Unknown","","JUICY DROP GUMMY DIP STIX"
"49983","041116005923","images/49983_041116005923.jpg","Y","Unknown","","JUICY DROP POP"
"1194","041116011184","images/1194_041116011184.jpg","Y","Unknown","","JUICY DROP POP GUMMIES"
"90062","041116037016","images/90062_041116037016.jpg","Y","Unknown","","JUICY DROP SOUR CNDY GEL PEN"
"16626","041376106569","images/16626_041376106569.jpg","Y","Unknown","","KRABBY PATTY W/PRZ 8 INNR PK"
"20113","040000002376","images/20113_040000002376.jpg","Y","Unknown","","M&M'S MINIS TUBES"
"21945","073621020092","images/21945_073621020092.png","Y","Unknown","","PEZ FAVORITES"
"20086","041116255007","images/20086_041116255007.png","Y","Unknown","","PUSH POP GUMMY ROLL"
"49982","041116005275","images/49982_041116005275.png","Y","Unknown","","PUSH POP JUMBO"
"92227","041116263149","images/92227_041116263149.jpg","Y","Unknown","","RING POP 6 CT"
"21777","041116005190","images/21777_041116005190.png","Y","Unknown","","RING POPS"
"36797","041116005954","images/36797_041116005954.jpg","Y","Unknown","","TOPPS BABY BOTTLE POP"
"92938","032134217009","images/92938_032134217009.png","Y","Unknown","","WARHEADS SUPER SOUR SPRAY"
"34802","051933348028","images/34802_051933348028.jpg","Y","Unknown","Aces","Aces CHOCOLATE CARAMEL BITES"
"37461","051933374614","images/37461_051933374614.jpg","Y","Unknown","Aces","Aces CHOCOLATE COVERED PEANUTS"
"37469","051933374690","images/37469_051933374690.jpg","Y","Unknown","Aces","Aces CHOCOLATE COVERED PRETZELS"
"37462","051933374621","images/37462_051933374621.jpg","Y","Unknown","Aces","Aces CHOCOLATE COVERED RAISINS"
"37467","051933374676","images/37467_051933374676.jpg","Y","Unknown","Aces","Aces CHOCOLATE PEANUT CLUSTERS"
"37468","051933374683","images/37468_051933374683.jpg","Y","Unknown","Aces","Aces SEA SALT CARAMELS"
"72396","034000939343","images/72396_034000939343.jpg","Y","Unknown","","CDBRY CARAMELLO MINI SHR SZ"
"72973","034000463671","images/72973_034000463671.jpg","Y","Unknown","","CDBRY CARAMELLO MINI SHR SZ"
"39253","000087218111","images/39253_000087218111.jpg","Y","Unknown","","DEMET TURTLES BITE SIZE"
"72975","034000463442","images/72975_034000463442.jpg","Y","Unknown","","HERSHEY'S KISSES SHARE SZ"
"72974","034000211333","images/72974_034000211333.jpg","Y","Unknown","","HERSHEY'S MINIATURES SHARE SZ"
"72977","034000463381","images/72977_034000463381.jpg","Y","Unknown","","HERSHEY'S NUGGETS MILK CHOC"
"72978","034000463510","images/72978_034000463510.jpg","Y","Unknown","","HERSHEY'S NUGGETS W/ ALMONDS"
"14059","034000214907","images/14059_034000214907.png","Y","Unknown","","HRSHY ASSRTD MINIS SHARE PK"
"14058","034000140589","images/14058_034000140589.jpg","Y","Unknown","","HRSHY KISSES SHARE PACK"
"92305","040000580164","images/92305_040000580164.jpg","Y","Unknown","","M & M MINIS SHARING SUP"
"91331","040000579793","images/91331_040000579793.jpg","Y","Unknown","","M&M'S MILK CHOC SHARING SUP"
"91323","040000579779","images/91323_040000579779.jpg","Y","Unknown","","M&M'S PEANUT SHARING SUP"
"91332","040000579816","images/91332_040000579816.jpg","Y","Unknown","","M&M'S PILLSBURY SHARING SUP"
"78707","040000597551","images/78707_040000597551.jpg","Y","Unknown","","MARS MXD VARIETY MINI SS SUB"
"72976","034000463848","images/72976_034000463848.jpg","Y","Unknown","","REESE MINIATURES SHARE SZ"
"91292","071720270264","images/91292_071720270264.jpg","Y","Unknown","","TOOTSIE CHILDS PLAY SUB"
"92193","071720017265","images/92193_071720017265.jpg","Y","Unknown","","TOOTSIE CHILDS PLAY SUB"
"1304","037466056258","images/1304_037466056258.png","Y","Unknown","","LINDOR MILK CHOC BAR"
"37431","051933374317","images/37431_051933374317.jpg","Y","Unknown","Aces","Aces BUTTERSCOTCH HARD CANDY"
"37221","051933372214","images/37221_051933372214.jpg","Y","Unknown","Aces","Aces FRUIT SLICES"
"37217","051933372177","images/37217_051933372177.jpg","Y","Unknown","Aces","Aces GUMMI BEARS"
"37218","051933372184","images/37218_051933372184.jpg","Y","Unknown","Aces","Aces GUMMI WORMS"
"37429","051933374294","images/37429_051933374294.jpg","Y","Unknown","Aces","Aces JELLY BEANS"
"37216","051933372160","images/37216_051933372160.jpg","Y","Unknown","Aces","Aces PEACH RINGS"
"37219","051933372191","images/37219_051933372191.jpg","Y","Unknown","Aces","Aces PEPPERMINT STARLIGHT"
"37222","051933372221","images/37222_051933372221.jpg","Y","Unknown","Aces","Aces SPICE DROPS"
"45011","073390004590","images/45011_073390004590.jpg","Y","Unknown","","AIRH MINI BARS LD BAG"
"20082","073390008192","images/20082_073390008192.jpg","Y","Unknown","","AIRH RAINBOW BERRY BITES"
"78797","071720531334","images/78797_071720531334.jpg","Y","Unknown","","CHARLESTON CHEW ROLLERS PEG"
"92225","059642103433","images/92225_059642103433.jpg","Y","Unknown","","DUBBLE BUBBLE STAND UP BAG"
"15537","041376103254","images/15537_041376103254.jpg","Y","Unknown","","FRNK KRABBY PATTIES 8CT PEG"
"93036","042238302815","images/93036_042238302815.png","Y","Unknown","","HARIBO GOLDBEARS BAG"
"93037","042238312234","images/93037_042238312234.png","Y","Unknown","","HARIBO SOUR GOLDBEARS BAG"
"92303","042238377554","images/92303_042238377554.png","Y","Unknown","","HARIBO TWIN SNAKES PEG"
"92934","000085798311","images/92934_000085798311.jpg","Y","Unknown","","HI CHEW FANTASY MIX BAG"
"92372","000085798311","images/92372_000085798311.jpg","Y","Unknown","","HI SOFT SALTED CARAMEL PEG"
"58952","010700556868","images/58952_010700556868.jpg","Y","Unknown","","JOLLY RANCHER ASST BAG"
"92969","010700702302","images/92969_010700702302.png","Y","Unknown","","JOLLY RANCHER ORIG PEG"
"90063","079200085407","images/90063_079200085407.jpg","Y","Unknown","","LAFFY TAFFY STAND UP BAG"
"19647","022000120304","images/19647_022000120304.jpg","Y","Unknown","","LIFESAVERS COLLISIONS GUMMIE"
"35110","019000083425","images/35110_019000083425.jpg","Y","Unknown","","LIFESAVERS GUMMIES FIVE FLAV"
"30138","079200049065","images/30138_079200049065.jpg","Y","Unknown","","NERDS GUMMY CLUSTERS PEG"
"77963","079200085292","images/77963_079200085292.png","Y","Unknown","","NERDS JUICY CLUSTER SP"
"92291","079200049058","images/92291_079200049058.jpg","Y","Unknown","","NERDS RAINBOW CLUSTER SP"
"92294","079200060671","images/92294_079200060671.jpg","Y","Unknown","","NERDS VERY BERRY CLUSTER PEG"
"78759","000065495411","images/78759_000065495411.jpg","Y","Unknown","","OG BARBIE GUMMIES"
"78760","000065495411","images/78760_000065495411.jpg","Y","Unknown","","OG HOT WHEELS GUMMIES"
"78761","000065495411","images/78761_000065495411.jpg","Y","Unknown","","OG PEANUTS GUMMIES"
"19644","022000285942","images/19644_022000285942.png","Y","Unknown","","SKITTLES GUMMIES ORIG"
"19646","022000285966","images/19646_022000285966.jpg","Y","Unknown","","SKITTLES GUMMIES WB"
"15989","022000279705","images/15989_022000279705.jpg","Y","Unknown","","SKITTLES ORIGINAL SUP"
"13314","011206223247","images/13314_011206223247.jpg","Y","Unknown","","SMARTIES BAG"
"92315","070462008234","images/92315_070462008234.jpg","Y","Unknown","","SOUR PATCH KID SHARE SUB"
"20093","070462006599","images/20093_070462006599.jpg","Y","Unknown","","SOUR PATCH KIDS PEG"
"78777","070462006605","images/78777_070462006605.png","Y","Unknown","","SOUR PATCH KIDS WATERMLN PEG"
"29206","041376102486","images/29206_041376102486.jpg","Y","Unknown","","SPONGEBOB KRABBY PATTIES"
"15988","022000279774","images/15988_022000279774.jpg","Y","Unknown","","STARBURST ORIGINAL SUP"
"78778","070462006636","images/78778_070462006636.jpg","Y","Unknown","","SWEDISH FISH RED PEG"
"92316","070462008258","images/92316_070462008258.jpg","Y","Unknown","","SWEDISH FISH SHARE SUB"
"92222","071720988701","images/92222_071720988701.jpg","Y","Unknown","","TOOTSIE ROLL FRUIT CHEWS SUB"
"92221","071720926116","images/92221_071720926116.jpg","Y","Unknown","","TOOTSIE ROLL MIDGEES SUB"
"1269","034000560431","images/1269_034000560431.jpg","Y","Unknown","","TWIZZ PULL N PEEL CHERRY"
"11198","034000560028","images/11198_034000560028.png","Y","Unknown","","TWIZZLERS STRAWBERRY"
"30184","014200202447","images/30184_014200202447.jpg","Y","Unknown","","BLOW POP INSIDE OUT PEG"
"92224","014200824533","images/92224_014200824533.jpg","Y","Unknown","","CHARMS BLOW POPS SUB"
"33912","030800501896","images/33912_030800501896.jpg","Y","Unknown","","DUM DUM BONUS BAG"
"20081","095045000078","images/20081_095045000078.jpg","Y","Unknown","","OG LOLLIPOPS"
"54747","030800001891","images/54747_030800001891.jpg","Y","Unknown","","SPNGLR DUMDUM ORIG POPS"
"13482","051933134829","images/13482_051933134829.jpg","Y","Unknown","Ginger Evans","Ginger Evans BAKING COCOA"
"37257","","images/37257_NOUPC.jpg","Y","Unknown","Ginger Evans","Ginger Evans MILK CHOC BAKING CHIPS"
"37258","","images/37258_NOUPC.jpg","Y","Unknown","Ginger Evans","Ginger Evans SEMI SWEET BAKING CHOC CHIPS"
"10930","072928015107","images/10930_072928015107.jpg","Y","Unknown","Ginger Evans","Ginger Evans SWEET FLAKE COCONUT"
"37254","","images/37254_NOUPC.jpg","Y","Unknown","Ginger Evans","Ginger Evans WHITE BAKING CHIPS"
"34817","034000141104","images/34817_034000141104.jpg","Y","Unknown","","HRSHY PREM WHITE BAKING CHIP"
"37668","051933376687","images/37668_051933376687.jpg","Y","Unknown","","RAINBOW SPRINKLES"
"12320","051933123205","images/12320_051933123205.jpg","Y","Unknown","Ginger Evans","Ginger Evans EVAPORATED MILK"
"17240","075300001187","images/17240_075300001187.jpg","Y","Unknown","Ginger Evans","Ginger Evans SWEETENED MILK CONDENSED"
"2016","070893028221","images/2016_070893028221.jpg","Y","Unknown","","INSTANT NONFAT DRY MILK 8QT"
"12410","041756008001","images/12410_041756008001.jpg","Y","Unknown","","INSTX F MILK MIX'N DRNK SACO"
"16020","075725160209","images/16020_075725160209.jpg","Y","Unknown","Ginger Evans","Ginger Evans ALL-PURPOSE FLOUR"
"49317","051933501195","images/49317_051933501195.jpg","Y","Unknown","Ginger Evans","Ginger Evans BAKING POWDER"
"12910","075725129107","images/12910_075725129107.jpg","Y","Unknown","Ginger Evans","Ginger Evans BAKING SODA"
"16000","075725160001","images/16000_075725160001.jpg","Y","Unknown","Ginger Evans","Ginger Evans SELF-RISING FLOUR"
"35291","051933544260","images/35291_051933544260.jpg","Y","Unknown","Medeiros","Medeiros 100% PURE VEG OIL GALLON"
"34127","051933341272","images/34127_051933341272.jpg","Y","Unknown","Medeiros","Medeiros BUTTER COOKING SPRAY"
"33495","051933160507","images/33495_051933160507.jpg","Y","Unknown","Medeiros","Medeiros CANOLA COOKING SPRAY"
"30360","000051633311","images/30360_000051633311.jpg","Y","Unknown","Medeiros","Medeiros CANOLA OIL"
"32963","051933329638","images/32963_051933329638.jpg","Y","Unknown","Medeiros","Medeiros CANOLA OIL 128 OZ"
"18740","075725422062","images/18740_075725422062.jpg","Y","Unknown","Medeiros","Medeiros CORN OIL"
"25873","051933370838","images/25873_051933370838.jpg","Y","Unknown","Medeiros","Medeiros EXTRA VIRGIN OLIVE OIL"
"56129","051933561298","images/56129_051933561298.jpg","Y","Unknown","Medeiros","Medeiros OLIVE OIL COOKING SPRAY"
"31635","051933370845","images/31635_051933370845.jpg","Y","Unknown","Medeiros","Medeiros PURE OLIVE OIL"
"32170","089157048035","images/32170_089157048035.jpg","Y","Unknown","Medeiros","Medeiros VEGETABLE OIL"
"35759","051933111004","images/35759_051933111004.jpg","Y","Unknown","Medeiros","Medeiros VEGETABLE SHORTENING"
"91505","000019600511","images/91505_000019600511.jpg","Y","Unknown","","CRISCO BUTTER SHORT STICKS"
"91506","000019600511","images/91506_000019600511.jpg","Y","Unknown","","CRISCO REGULAR SHORT STICKS"
"66727","051933667273","images/66727_051933667273.jpg","Y","Unknown","Mantia's","Mantia's GRATED PARMESAN & ROMANO"
"19090","070801693121","images/19090_070801693121.jpg","Y","Unknown","Mantia's","Mantia's PARMESAN GRATED CHEESE"
"16062","","images/16062_NOUPC.jpg","Y","Unknown","Ginger Evans","Ginger Evans GRANULATED SUGAR PLT"
"10970","051933501218","images/10970_051933501218.jpg","Y","Unknown","Ginger Evans","Ginger Evans LIGHT BROWN SUGAR"
"10960","051933501201","images/10960_051933501201.jpg","Y","Unknown","Ginger Evans","Ginger Evans POWDERED SUGAR"
"16060","076400004009","images/16060_076400004009.jpg","Y","Unknown","Ginger Evans","Ginger Evans SUGAR - PLT"
"9296","000030025811","images/9296_000030025811.jpg","Y","Unknown","","EQUAL SWEETENER 115 CT"
"93114","000030025911","images/93114_000030025911.jpg","Y","Unknown","","EQUAL SWEETENER PINK 100 CT"
"93115","000030025911","images/93115_000030025911.jpg","Y","Unknown","","EQUAL YELLOW SWEETNR 100 CT"
"93116","000085898211","images/93116_000085898211.png","Y","Unknown","","PURE VIA STEVIA SWEETNR 40CT"
"2714","017929000202","images/2714_017929000202.jpg","Y","Unknown","","REDSTAR 3STRP ACTV DRY YEAST"
"34426","051933501317","images/34426_051933501317.jpg","Y","Unknown","Ginger Evans","Ginger Evans CORN STARCH BOX"
"34062","013300186015","images/34062_013300186015.jpg","Y","Unknown","","MARTHA WHITE BUTTERMILK SR CORNMEAL MX"
"10812","013300152010","images/10812_013300152010.jpg","Y","Unknown","","MARTHA WHITE WHITE SR CORNMEAL MIX"
"2036","013300172018","images/2036_013300172018.jpg","Y","Unknown","","MARTHA WHITE YELLOW SR CORN MEAL MIX"
"78721","030000573792","images/78721_030000573792.jpg","Y","Unknown","","PEARL MILLING CO SELFRISE WHT BTRMLK CRNM"
"78722","030000573808","images/78722_030000573808.png","Y","Unknown","","PEARL MILLING CO YELLOW CORNMEAL"
"13350","051933500570","images/13350_051933500570.jpg","Y","Unknown","Ginger Evans","Ginger Evans BIG MARSHMALLOWS"
"13360","051933500587","images/13360_051933500587.jpg","Y","Unknown","Ginger Evans","Ginger Evans MINI MARSHMALLOWS"
"34546","051933541955","images/34546_051933541955.jpg","Y","Unknown","Morning Delight","Morning Delight BLUEBERRY PANCAKE MIX BOX"
"35792","051933357921","images/35792_051933357921.jpg","Y","Unknown","Morning Delight","Morning Delight BUTTERMILK CMPLTE PANCAKE MX"
"36021","051933360211","images/36021_051933360211.jpg","Y","Unknown","Bramley's","Bramley's MAPLE SYRUP GRADE A DARK"
"38720","051933501065","images/38720_051933501065.jpg","Y","Unknown","Morning Delight","Morning Delight BUTTERY SYRUP"
"10780","071735081091","images/10780_071735081091.jpg","Y","Unknown","Morning Delight","Morning Delight ORIGINAL SYRUP"
"4476","051933365339","images/4476_051933365339.jpg","Y","Unknown","Morning Delight","Morning Delight SUGAR FREE SYRUP"
"32439","","images/32439_NOUPC.jpg","Y","Unknown","Ginger Evans","Ginger Evans BISCUIT & BAKING MIX"
"34884","051933500976","images/34884_051933500976.jpg","Y","Unknown","Ginger Evans","Ginger Evans CHEDDAR CHEESE BISCUIT MIX"
"36259","051933362598","images/36259_051933362598.jpg","Y","Unknown","Ginger Evans","Ginger Evans BANANA NUT MUFFIN MIX"
"32180","051933321809","images/32180_051933321809.jpg","Y","Unknown","Ginger Evans","Ginger Evans BLUBRRY MUFFIN MIX-POUCH"
"35448","051933500990","images/35448_051933500990.jpg","Y","Unknown","Ginger Evans","Ginger Evans BLUEBERRY MUFFIN MIX"
"18625","051933186255","images/18625_051933186255.jpg","Y","Unknown","Ginger Evans","Ginger Evans CHOC CHIP MUFFIN MIX POUCH"
"32190","051933321908","images/32190_051933321908.jpg","Y","Unknown","Ginger Evans","Ginger Evans STRAW MUFFIN MIX-POUCH"
"338","051933500488","images/338_051933500488.jpg","Y","Unknown","Marcum","Marcum CHICKEN COATING MIX"
"35640","051933356405","images/35640_051933356405.jpg","Y","Unknown","Marcum","Marcum ITALIAN BREAD CRUMBS"
"36019","051933360198","images/36019_051933360198.jpg","Y","Unknown","Marcum","Marcum PANKO BREADCRUMBS"
"36017","051933360174","images/36017_051933360174.jpg","Y","Unknown","Marcum","Marcum PLAIN BREADCRUMBS"
"48218","039156000138","images/48218_039156000138.jpg","Y","Unknown","","LOUSIANA CHICKEN FRY"
"48219","039156002750","images/48219_039156002750.jpg","Y","Unknown","","LOUSIANA LEMON FISH FRY"
"73060","039156000107","images/73060_039156000107.jpg","Y","Unknown","","LOUSIANA SEASONED FISH FRY"
"29035","051933500679","images/29035_051933500679.jpg","Y","Unknown","Sunny's","Sunny's BUTTERSCOTCH 4PK PUDDING"
"35444","051933500624","images/35444_051933500624.jpg","Y","Unknown","Sunny's","Sunny's CHOC/VAN SWIRL PUDDING 4PK"
"28995","051933500686","images/28995_051933500686.jpg","Y","Unknown","Sunny's","Sunny's CHOCOLATE 4PK PUDDING"
"29075","051933500709","images/29075_051933500709.jpg","Y","Unknown","Sunny's","Sunny's SUGAR FREE CHOC 4PK PUDDING"
"29025","051933500693","images/29025_051933500693.jpg","Y","Unknown","Sunny's","Sunny's VANILLA 4PK PUDDING"
"636","072392009473","images/636_072392009473.png","Y","Unknown","","ROYAL BTTRSCOTCH PUDDING"
"632","072392010448","images/632_072392010448.jpg","Y","Unknown","","ROYAL CHERRY GELATIN"
"91583","072392005789","images/91583_072392005789.png","Y","Unknown","","ROYAL GELATN SUGAR F STRWBRY"
"635","072392009428","images/635_072392009428.png","Y","Unknown","","ROYAL INSTANT CHOC PUDDING"
"637","072392009459","images/637_072392009459.jpg","Y","Unknown","","ROYAL INSTNT BAN CRM PUDDING"
"634","072392009404","images/634_072392009404.jpg","Y","Unknown","","ROYAL INSTNT VANILLA PUDDING"
"633","072392010479","images/633_072392010479.jpg","Y","Unknown","","ROYAL LIME GELATIN"
"629","072392010417","images/629_072392010417.png","Y","Unknown","","ROYAL ORANGE GELATIN"
"631","072392010424","images/631_072392010424.jpg","Y","Unknown","","ROYAL STRAWBERRY GELATIN"
"14842","027000419229","images/14842_027000419229.jpg","Y","Unknown","","SNACK PACK STRAW GEL 4PK"
"3242","027000419212","images/3242_027000419212.jpg","Y","Unknown","","SNACK PACK STRAW ORNGE GEL"
"66726","051933500952","images/66726_051933500952.jpg","Y","Unknown","Ginger Evans","Ginger Evans GRAHAM CRACKER PIE CRUST"
"12750","051933500495","images/12750_051933500495.jpg","Y","Unknown","Ginger Evans","Ginger Evans APPLE PIE FILLING"
"12760","051933500501","images/12760_051933500501.jpg","Y","Unknown","Ginger Evans","Ginger Evans CHERRY PIE FILLING"
"92610","051933926103","images/92610_051933926103.jpg","Y","Unknown","Ginger Evans","Ginger Evans GE PEACH PIE FILLING"
"35782","051933357822","images/35782_051933357822.jpg","Y","Unknown","Ginger Evans","Ginger Evans DELUXE FUDGE BROWNIE MIX"
"45720","000064420911","images/45720_000064420911.jpg","Y","Unknown","","DUNCAN HINES CHEWY FUDGE BROWNIE MIX"
"19552","000064420911","images/19552_000064420911.jpg","Y","Unknown","","DUNCAN HINES MILK CHOC BROWNIE MIX"
"35784","051933357846","images/35784_051933357846.jpg","Y","Unknown","Ginger Evans","Ginger Evans CHEESE CAKE MIX"
"44712","000064420911","images/44712_000064420911.jpg","Y","Unknown","","DUNCAN HINES ANGEL CAKE MIX"
"31753","000064420911","images/31753_000064420911.jpg","Y","Unknown","","DUNCAN HINES BUTTER GOLD CAKE MIX"
"20826","000064420911","images/20826_000064420911.jpg","Y","Unknown","","DUNCAN HINES DEVILS FOOD CAKE MIX"
"20827","000064420911","images/20827_000064420911.jpg","Y","Unknown","","DUNCAN HINES WHITE CAKE MIX"
"18752","000064420911","images/18752_000064420911.jpg","Y","Unknown","","DUNCAN HINES YELLOW CAKE MIX"
"18658","013300605905","images/18658_013300605905.jpg","Y","Unknown","","PILLSBURY WHITE CAKE MIX"
"89530","051933895300","images/89530_051933895300.jpg","Y","Unknown","Ginger Evans","Ginger Evans CHOCOLATE CHIP COOKIE MIX"
"89540","051933895409","images/89540_051933895409.jpg","Y","Unknown","Ginger Evans","Ginger Evans PEANUT BUTTER COOKIE MIX"
"90698","051933906983","images/90698_051933906983.jpg","Y","Unknown","Ginger Evans","Ginger Evans SUGAR COOKIE POUCH MIX"
"20886","000064420911","images/20886_000064420911.jpg","Y","Unknown","","DUNCAN HINES CREAM CHEESE FROSTING"
"20883","000064420911","images/20883_000064420911.jpg","Y","Unknown","","DUNCAN HINES CREAMY CHOC FROSTING"
"78720","000064420911","images/78720_000064420911.jpg","Y","Unknown","","DUNCAN HINES CREAMY LEMON SUPREME"
"78718","000064420911","images/78718_000064420911.jpg","Y","Unknown","","DUNCAN HINES MILK CHOC FROSTING"
"78719","000064420911","images/78719_000064420911.jpg","Y","Unknown","","DUNCAN HINES STRWBRY N CREAM"
"20884","000064420911","images/20884_000064420911.jpg","Y","Unknown","","DUNCAN HINES VANILLA FROSTING"
"18664","013300761502","images/18664_013300761502.png","Y","Unknown","","PILLSBURY CREAM CHEESE FROSTING"
"91474","013300760406","images/91474_013300760406.jpg","Y","Unknown","","PILLSBURY MILK CHOC FROSTING"
"33891","051933338913","images/33891_051933338913.jpg","Y","Unknown","Nutsome","Nutsome CHOPPED PECANS PVL"
"33892","051933338920","images/33892_051933338920.jpg","Y","Unknown","Nutsome","Nutsome CHOPPED WALNUTS PVL"
"43435","051933434356","images/43435_051933434356.jpg","Y","Unknown","Nutsome","Nutsome PECAN HALVES"
"43445","051933434455","images/43445_051933434455.jpg","Y","Unknown","Nutsome","Nutsome WALNUT HALVES & PIECES"
"88263","000008402311","images/88263_000008402311.jpg","Y","Unknown","America's Choice","America's Choice AM CHOICE ALL PURPOSE FLOUR"
"32461","051933324619","images/32461_051933324619.jpg","Y","Unknown","Marcum","Marcum COARSE KOSHER SALT"
"36304","051933363045","images/36304_051933363045.jpg","Y","Unknown","Marcum","Marcum HIMALAYAN SALT GRINDER"
"10950","051933109506","images/10950_051933109506.jpg","Y","Unknown","Marcum","Marcum IODIZED SALT"
"36303","051933363038","images/36303_051933363038.jpg","Y","Unknown","Marcum","Marcum SEA SALT GRINDER"
"28975","051933289758","images/28975_051933289758.jpg","Y","Unknown","Marcum","Marcum SEASONED SALT"
"37368","051933363083","images/37368_051933363083.jpg","Y","Unknown","Marcum","Marcum CAYENNE PEPPER"
"37378","051933364561","images/37378_051933364561.jpg","Y","Unknown","Marcum","Marcum COARSE GROUND BLACK PEPPER"
"36307","051933363076","images/36307_051933363076.jpg","Y","Unknown","Marcum","Marcum PEPPERCORN GRINDER"
"32377","","images/32377_NOUPC.jpg","Y","Unknown","Marcum","Marcum BEER CAN CHICKEN BBQ RUB"
"32463","051933324633","images/32463_051933324633.jpg","Y","Unknown","Marcum","Marcum MEMPHIS BBQ RUB"
"32464","051933324640","images/32464_051933324640.jpg","Y","Unknown","Marcum","Marcum NASHVILLE HOT BBQ RUB"
"32376","","images/32376_NOUPC.jpg","Y","Unknown","Marcum","Marcum SIZZLING BURGER BBQ RUB"
"32373","","images/32373_NOUPC.jpg","Y","Unknown","Marcum","Marcum SMOKEY MESQUITE BBQ RUB"
"37612","051933363175","images/37612_051933363175.jpg","Y","Unknown","Marcum","Marcum SMOKEY MESQUITE BBQ RUB"
"32374","","images/32374_NOUPC.jpg","Y","Unknown","Marcum","Marcum STEAK & CHOP BBQ RUB"
"37408","051933364684","images/37408_051933364684.jpg","Y","Unknown","Marcum","Marcum STEAK SEASONING"
"37367","051933364554","images/37367_051933364554.jpg","Y","Unknown","Marcum","Marcum SEASONED MEAT TENDERIZER"
"32404","051933324046","images/32404_051933324046.jpg","Y","Unknown","Marcum","Marcum TACO SEASONING"
"37386","051933364646","images/37386_051933364646.jpg","Y","Unknown","Marcum","Marcum CHICKEN SEASONING"
"32383","051933323834","images/32383_051933323834.jpg","Y","Unknown","Marcum","Marcum BLACKENING SEASONING"
"37387","051933364639","images/37387_051933364639.jpg","Y","Unknown","Marcum","Marcum SOUL SEASONING"
"30430","071998000013","images/30430_071998000013.jpg","Y","Unknown","","TC CREOLE ORIGINAL SEASONG"
"37393","051933363069","images/37393_051933363069.jpg","Y","Unknown","Marcum","Marcum GARLIC & HERB SEASONING"
"37471","051933364530","images/37471_051933364530.jpg","Y","Unknown","Marcum","Marcum LEMON PEPPER SEASONING"
"36614","051933366145","images/36614_051933366145.jpg","Y","Unknown","Marcum","Marcum LEMON PEPPER VALUE SIZE"
"37399","051933363052","images/37399_051933363052.jpg","Y","Unknown","Marcum","Marcum ORIGINAL SALT FREE SEASONING"
"36618","051933366183","images/36618_051933366183.jpg","Y","Unknown","Marcum","Marcum RANCH SEAS VALUE SIZE"
"36615","051933366152","images/36615_051933366152.jpg","Y","Unknown","Marcum","Marcum SOUL SEAS VALUE SIZE"
"36616","051933366169","images/36616_051933366169.jpg","Y","Unknown","Marcum","Marcum STEAK SEAS VALUE SIZE"
"9747","047800000540","images/9747_047800000540.jpg","Y","Unknown","","AC'CENT FLAVOR ENRICH"
"2772","070328005230","images/2772_070328005230.jpg","Y","Unknown","","OLD BAY SEASONING FD"
"37412","051933364721","images/37412_051933364721.jpg","Y","Unknown","Marcum","Marcum BASIL"
"37364","051933364547","images/37364_051933364547.jpg","Y","Unknown","Marcum","Marcum BAY LEAVES"
"32396","051933323964","images/32396_051933323964.jpg","Y","Unknown","Marcum","Marcum CHILE LIME SEASONING"
"37363","051933364615","images/37363_051933364615.jpg","Y","Unknown","Marcum","Marcum CHILI POWDER"
"32397","051933323971","images/32397_051933323971.jpg","Y","Unknown","Marcum","Marcum CILANTRO LIME SEASONING"
"37392","051933364493","images/37392_051933364493.jpg","Y","Unknown","Marcum","Marcum CRUSHED OREGANO"
"37366","051933364059","images/37366_051933364059.jpg","Y","Unknown","Marcum","Marcum CRUSHED RED PEPPER"
"32406","051933324060","images/32406_051933324060.jpg","Y","Unknown","Marcum","Marcum FLAVOR ENHANCER SEASONING"
"37381","051933364523","images/37381_051933364523.jpg","Y","Unknown","Marcum","Marcum GARLIC PEPPER"
"37361","051933364585","images/37361_051933364585.jpg","Y","Unknown","Marcum","Marcum GARLIC POWDER"
"37391","051933364486","images/37391_051933364486.jpg","Y","Unknown","Marcum","Marcum GARLIC SALT"
"36612","051933366121","images/36612_051933366121.jpg","Y","Unknown","Marcum","Marcum GARLIC SALT VALUE SIZE"
"32398","051933323988","images/32398_051933323988.jpg","Y","Unknown","Marcum","Marcum GARLIC SALT WITH PARSLEY"
"37389","051933364035","images/37389_051933364035.jpg","Y","Unknown","Marcum","Marcum GROUND CINNAMON"
"37411","051933364738","images/37411_051933364738.jpg","Y","Unknown","Marcum","Marcum GROUND CUMIN"
"37395","051933364653","images/37395_051933364653.jpg","Y","Unknown","Marcum","Marcum ITALIAN SEASONING"
"37359","051933364745","images/37359_051933364745.jpg","Y","Unknown","Marcum","Marcum MINCED ONION"
"37379","051933364660","images/37379_051933364660.jpg","Y","Unknown","Marcum","Marcum ONION POWDER"
"36613","051933366138","images/36613_051933366138.jpg","Y","Unknown","Marcum","Marcum ONION POWDER VALUE SIZE"
"37409","051933364691","images/37409_051933364691.jpg","Y","Unknown","Marcum","Marcum PAPRIKA"
"37407","051933364516","images/37407_051933364516.jpg","Y","Unknown","Marcum","Marcum PARSLEY FLAKES"
"32384","051933323841","images/32384_051933323841.jpg","Y","Unknown","Marcum","Marcum SALT FREE LEMON PEPPER"
"36694","051933366947","images/36694_051933366947.jpg","Y","Unknown","Marcum","Marcum SEAFOOD SEASONING"
"32386","051933323865","images/32386_051933323865.jpg","Y","Unknown","Marcum","Marcum TOMATO BASIL SEASONING"
"12890","071735080278","images/12890_071735080278.jpg","Y","Unknown","Marcum","Marcum IMITATION VANILLA"
"36484","051933051553","images/36484_051933051553.jpg","Y","Unknown","Marcum","Marcum PURE VANILLA EXTRACT"
"13130","051933131309","images/13130_051933131309.jpg","Y","Unknown","Marcum","Marcum BROWN GRAVY MIX"
"12840","051933128408","images/12840_051933128408.jpg","Y","Unknown","Marcum","Marcum CHICKEN GRAVY MIX"
"30377","051933303775","images/30377_051933303775.jpg","Y","Unknown","Marcum","Marcum MARCUM AU-JUS GRAVY"
"36751","051933051485","images/36751_051933051485.jpg","Y","Unknown","Marcum","Marcum MEATLOAF SEASONING MIX"
"12850","051933128507","images/12850_051933128507.jpg","Y","Unknown","Marcum","Marcum MUSHROOM GRAVY MIX"
"13150","051933131507","images/13150_051933131507.jpg","Y","Unknown","Marcum","Marcum PORK 'N GRAVY"
"35895","051933358959","images/35895_051933358959.jpg","Y","Unknown","Marcum","Marcum SLOW COOKER POT ROAST SEASNG"
"13180","051933131804","images/13180_051933131804.jpg","Y","Unknown","Marcum","Marcum COUNTRY GRAVY MIX"
"33984","051933339842","images/33984_051933339842.jpg","Y","Unknown","Marcum","Marcum SAUSAGE GRAVY"
"32072","051933320727","images/32072_051933320727.jpg","Y","Unknown","Marcum","Marcum BEEF GRAVY"
"34265","051933342651","images/34265_051933342651.jpg","Y","Unknown","Marcum","Marcum BEEF GRAVY - GLASS"
"13080","070957730107","images/13080_070957730107.jpg","Y","Unknown","Marcum","Marcum CHILI SEASONING"
"32237","051933322370","images/32237_051933322370.jpg","Y","Unknown","Marcum","Marcum CHILI SEASONING MILD"
"36300","051933363007","images/36300_051933363007.jpg","Y","Unknown","Marcum","Marcum MILD CHILI LESS SODIUM"
"34171","051933051959","images/34171_051933051959.jpg","Y","Unknown","Marcum","Marcum RANCH DIP MIX"
"36609","051933366091","images/36609_051933366091.jpg","Y","Unknown","Marcum","Marcum BEEF STEW MIX"
"34169","051933051607","images/34169_051933051607.jpg","Y","Unknown","Senora Verde","Senora Verde FAJITA SEASONING"
"36301","051933363014","images/36301_051933363014.jpg","Y","Unknown","Senora Verde","Senora Verde MILD TACO LESS SODIUM"
"32232","051933322325","images/32232_051933322325.jpg","Y","Unknown","Senora Verde","Senora Verde TACO SEASONING MILD"
"13170","000004114911","images/13170_000004114911.jpg","Y","Unknown","Senora Verde","Senora Verde TACO SEASONING MIX"
"31801","051933318014","images/31801_051933318014.jpg","Y","Unknown","Oliver & Scout","Oliver & Scout CHUNK STYLE W/CHICKN DRY DOG"
"31756","051933317567","images/31756_051933317567.jpg","Y","Unknown","Oliver & Scout","Oliver & Scout CHUNK STYLE W/CHKN 3.5LB DOG"
"31848","051933318489","images/31848_051933318489.jpg","Y","Unknown","Oliver & Scout","Oliver & Scout CHUNK STYLE W/CHKN 50LBS DOG"
"31847","051933318472","images/31847_051933318472.jpg","Y","Unknown","Oliver & Scout","Oliver & Scout SMALL BITE W/CHICKN 20LB DOG"
"31787","051933317871","images/31787_051933317871.jpg","Y","Unknown","Oliver & Scout","Oliver & Scout SMALL BITE W/CHKN 3.5LBS DOG"
"14749","017800184403","images/14749_017800184403.jpg","Y","Unknown","","BENEFUL ORIGINAL BEEF"
"33732","017800178280","images/33732_017800178280.jpg","Y","Unknown","","DOG CHOW BEEF"
"49381","017800149150","images/49381_017800149150.jpg","Y","Unknown","","DOG CHOW CHICKEN"
"44932","017800410274","images/44932_017800410274.jpg","Y","Unknown","","DOG CHOW COMPLETE CHICKEN"
"72979","017800104043","images/72979_017800104043.jpg","Y","Unknown","","DOG CHOW COMPLETE CHICKEN"
"88042","071190480668","images/88042_071190480668.jpg","Y","Unknown","","GRAVY TRAIN BEEF CLASSIC"
"95471","079100518494","images/95471_079100518494.jpg","Y","Unknown","","KIBBLES N BITS ORGNL DOG FD"
"33728","079100517411","images/33728_079100517411.png","Y","Unknown","","KIBBLES N BITS ORIG"
"88013","071190479921","images/88013_071190479921.jpg","Y","Unknown","","KIBBLES N BITS ORIGINAL3.5LB"
"88082","071190479945","images/88082_071190479945.png","Y","Unknown","","GRAVY TRAIN CHUNKS BEEF GRAVY"
"95461","079100761586","images/95461_079100761586.jpg","Y","Unknown","","GRAVY TRAIN CHUNKS BEEF GRAVY DOG FD"
"88073","071190479990","images/88073_071190479990.png","Y","Unknown","","GRAVY TRAIN MTY GROUND BEEF BACON"
"95451","079100761579","images/95451_079100761579.jpg","Y","Unknown","","GRAVY TRAIN MTY GROUND BEEF BACON"
"88172","071190479983","images/88172_071190479983.png","Y","Unknown","","GRAVY TRAIN MTY GROUND CHICKEN"
"95469","079100761609","images/95469_079100761609.jpg","Y","Unknown","","GRAVY TRAIN MTY GROUND CHICKEN DOG FD"
"93204","017800143097","images/93204_017800143097.jpg","Y","Unknown","","PURINA ONE TENDER GRAVY BEEF"
"93205","017800143141","images/93205_017800143141.jpg","Y","Unknown","","PURINA ONE TENDER GRAVY CHKN"
"49388","038100496218","images/49388_038100496218.jpg","Y","Unknown","","BEGGIN STRIPS BACON DOG TRT"
"30353","079100520251","images/30353_079100520251.jpg","Y","Unknown","","CANINE CARRYOUTS BACON"
"30352","079100520008","images/30352_079100520008.jpg","Y","Unknown","","CANINE CARRYOUTS BEEF"
"30351","079100520213","images/30351_079100520213.jpg","Y","Unknown","","CANINE CARRYOUTS BEEF-CHS"
"30349","079100520060","images/30349_079100520060.jpg","Y","Unknown","","CANINE CARRYOUTS CHICKEN"
"93202","017800174152","images/93202_017800174152.jpg","Y","Unknown","","DENTALIFE DAILY CARE LARGE"
"65984","079100513529","images/65984_079100513529.jpg","Y","Unknown","","MILKBONE DOG BISCUITS MED"
"58338","079100942039","images/58338_079100942039.jpg","Y","Unknown","","MILKBONE GRAVY BONES SM/MED"
"53947","079100510214","images/53947_079100510214.jpg","Y","Unknown","","PUP-PERONI ORIGINAL BEEF"
"31747","051933317475","images/31747_051933317475.jpg","Y","Unknown","Oliver & Scout","Oliver & Scout VARIETY MX CAT SEAFD 3.15 LB"
"31751","051933317512","images/31751_051933317512.jpg","Y","Unknown","Oliver & Scout","Oliver & Scout VARIETY MX CAT SEAFOOD 16 LB"
"88194","000068055711","images/88194_000068055711.jpg","Y","Unknown","","9 LIVES DRY DAILY ESSENTIALS"
"57946","079100521951","images/57946_079100521951.jpg","Y","Unknown","","9LIVES DLY ESS DRY CAT FOOD"
"13348","050000575770","images/13348_050000575770.png","Y","Unknown","","FRISKIES SEAFOOD SENSATIONS"
"50523","050000084500","images/50523_050000084500.jpg","Y","Unknown","","FRSK DRYCAT SIGNATR BLND"
"49949","017800140980","images/49949_017800140980.png","Y","Unknown","","KIT & KABOODLE DRY CAT"
"58337","000082927511","images/58337_000082927511.jpg","Y","Unknown","","MEOW MIX DRY CAT FOOD"
"49954","079100003242","images/49954_079100003242.jpg","Y","Unknown","","9 LIVES CHICKEN & TUNA"
"49953","079100004027","images/49953_079100004027.jpg","Y","Unknown","","9 LIVES SEAFOOD PLATTER SGL"
"46871","079100003273","images/46871_079100003273.png","Y","Unknown","","9 LIVES SUPER SUPPER SGL"
"88232","071190480804","images/88232_071190480804.jpg","Y","Unknown","","9 LIVES WET GRAVY LIVERS VARP"
"78811","079100830503","images/78811_079100830503.jpg","Y","Unknown","","9 LIVES WET GRAVY LOVER VAR 12CAN"
"78813","079100004102","images/78813_079100004102.jpg","Y","Unknown","","9 LIVES WET MEATY PATE CHKN DNNR"
"88182","071190480347","images/88182_071190480347.png","Y","Unknown","","9 LIVES WET MTY PTE CHKN TNA SGL"
"88192","071190480439","images/88192_071190480439.png","Y","Unknown","","9 LIVES WET MTY PTE SEAFD PLA SGL"
"88183","071190480392","images/88183_071190480392.png","Y","Unknown","","9 LIVES WET MTY PTE SUPER SPR SGL"
"88233","071190480828","images/88233_071190480828.jpg","Y","Unknown","","9 LIVES WET PATE FAVORITS VARP"
"78812","079100831029","images/78812_079100831029.jpg","Y","Unknown","","9 LIVES WET PATE FVRT VAR 12 CAN"
"13908","050000295074","images/13908_050000295074.jpg","Y","Unknown","","FRISKIES MEATY BITS VP 12CT"
"57197","050000423347","images/57197_050000423347.jpg","Y","Unknown","","FRISKIES PATE SAL DINNER"
"13903","050000225224","images/13903_050000225224.jpg","Y","Unknown","","FRISKIES PRIME FILETS TURKEY"
"57196","050000170180","images/57196_050000170180.jpg","Y","Unknown","","FRISKIES PRM FIL CHICKEN"
"57195","050000571987","images/57195_050000571987.jpg","Y","Unknown","","FRISKIES SAV SHRD CHX"
"13901","050000445691","images/13901_050000445691.jpg","Y","Unknown","","FRISKIES SHREDS CHKN SALMON"
"57198","050000579631","images/57198_050000579631.png","Y","Unknown","","FRISKIES TASTY TRSR VP 12CT"
"36155","051933361553","images/36155_051933361553.jpg","Y","Unknown","Oliver & Scout","Oliver & Scout CONV CAT LITTER"
"35356","051933353565","images/35356_051933353565.jpg","Y","Unknown","Oliver & Scout","Oliver & Scout LITTER LIGHTWEIGHT JUG"
"14752","051933155022","images/14752_051933155022.jpg","Y","Unknown","Oliver & Scout","Oliver & Scout SCOOPING CAT LITTER SCENTED"
"6516","070230116147","images/6516_070230116147.jpg","Y","Unknown","","TIDY CATS 24/7 SCOOP"
"774","050000238910","images/774_050000238910.jpg","Y","Unknown","","FRISKIES PARTY MIX ORIGINAL"
"44396","051933443969","images/44396_051933443969.jpg","Y","Unknown","Kiggins","Kiggins INSTANT OATMEAL VARIETY PACK"
"33814","051933338142","images/33814_051933338142.jpg","Y","Unknown","Kiggins","Kiggins MAPLE BROWN SUG INST OATMEAL"
"66155","051933151901","images/66155_051933151901.jpg","Y","Unknown","Kiggins","Kiggins OLD FASHION OAT"
"31609","051933316096","images/31609_051933316096.jpg","Y","Unknown","Kiggins","Kiggins QUICK OATS"
"66154","000051933111","images/66154_000051933111.jpg","Y","Unknown","Kiggins","Kiggins QUICK OATS"
"33656","051933336568","images/33656_051933336568.jpg","Y","Unknown","Kiggins","Kiggins KIGGINS GRITS"
"62520","013300124079","images/62520_013300124079.png","Y","Unknown","","JIM DANDY QUICK GRITS"
"95531","013300123072","images/95531_013300123072.jpg","Y","Unknown","","JIM DANDY QUICK GRITS"
"3494","030000041703","images/3494_030000041703.jpg","Y","Unknown","","QUAKER 5 MINUTE GRITS"
"24120","013130006125","images/24120_013130006125.jpg","Y","Unknown","","CRM OF WHT - 2.5 MIN"
"43175","072400000256","images/43175_072400000256.jpg","Y","Unknown","","CRM OF WHT WHOLE GRAIN"
"37671","051933398061","images/37671_051933398061.jpg","Y","Unknown","Kiggins","Kiggins CAPTAIN CHOCO CEREAL"
"26702","051933267022","images/26702_051933267022.jpg","Y","Unknown","Kiggins","Kiggins CINNAMON CRUNCH CEREAL"
"37479","051933374799","images/37479_051933374799.jpg","Y","Unknown","Kiggins","Kiggins FROSTED FLAKES 13.5 OZ"
"15071","051933150713","images/15071_051933150713.jpg","Y","Unknown","Kiggins","Kiggins FRUIT BERRY CRUNCH CEREAL"
"15084","051933150843","images/15084_051933150843.jpg","Y","Unknown","Kiggins","Kiggins FRUIT RINGS CEREAL"
"34233","051933342330","images/34233_051933342330.jpg","Y","Unknown","Kiggins","Kiggins FRUITY SNAPS"
"62386","051933623866","images/62386_051933623866.jpg","Y","Unknown","Kiggins","Kiggins HONEY GRAHAM CRUNCH CEREAL"
"34234","051933342347","images/34234_051933342347.jpg","Y","Unknown","Kiggins","Kiggins HONEY NUT ROLLIN OATS"
"52099","051933150546","images/52099_051933150546.jpg","Y","Unknown","Kiggins","Kiggins HONEY PUFFS"
"22809","030000573259","images/22809_030000573259.jpg","Y","Unknown","","CAP'N CRUNCH CRUNCHBERRIES"
"22808","030000573242","images/22808_030000573242.jpg","Y","Unknown","","CAP'N CRUNCH REGULAR"
"40689","016000169685","images/40689_016000169685.png","Y","Unknown","","CHEERIOS HONEY NUT FAM SIZE"
"22818","016000125933","images/22818_016000125933.jpg","Y","Unknown","","CINN TOAST CRUNCH"
"93059","038000281884","images/93059_038000281884.jpg","Y","Unknown","","KELLOGG'S APPLE JACKS LARGE SIZE"
"93058","038000281860","images/93058_038000281860.jpg","Y","Unknown","","KELLOGG'S FROOT LOOPS LARGE SIZE"
"93057","038000281907","images/93057_038000281907.jpg","Y","Unknown","","KELLOGG'S FROSTED FLAKES LRG SIZE"
"15416","016000124998","images/15416_016000124998.jpg","Y","Unknown","","LUCKY CHARMS CEREAL"
"17502","042400188971","images/17502_042400188971.jpg","Y","Unknown","","MALT O MEAL BERRY COLOSSAL CRUNCH"
"17506","042400318651","images/17506_042400318651.jpg","Y","Unknown","","MALT O MEAL COCOA DYNO-BITES"
"22824","042400188988","images/22824_042400188988.jpg","Y","Unknown","","MALT O MEAL F S MARSHMALLOW MATES"
"6319","042400200581","images/6319_042400200581.jpg","Y","Unknown","","MALT O MEAL F S SMORES CEREAL"
"17503","042400189060","images/17503_042400189060.jpg","Y","Unknown","","MALT O MEAL FROSTED FLAKES"
"17507","042400318644","images/17507_042400318644.jpg","Y","Unknown","","MALT O MEAL FRUITY DYNO-BITES"
"87325","042400415701","images/87325_042400415701.png","Y","Unknown","","MALT O MEAL FS CINNAMON TOASTERS"
"17504","042400244998","images/17504_042400244998.jpg","Y","Unknown","","MALT O MEAL TOOTIE FRUITIES"
"45961","000088491211","images/45961_000088491211.jpg","Y","Unknown","","POST FRUITY PEBBLES LARGE"
"72399","000088491211","images/72399_000088491211.jpg","Y","Unknown","","POST HONEY COMB"
"15417","016000121850","images/15417_016000121850.jpg","Y","Unknown","","REESE'S CEREAL DISP TRAY"
"15120","051933151208","images/15120_051933151208.jpg","Y","Unknown","Kiggins","Kiggins CORN FLAKES"
"31615","051933316157","images/31615_051933316157.jpg","Y","Unknown","Kiggins","Kiggins CORN SQUARES OV RSTD CEREAL"
"34263","051933342637","images/34263_051933342637.jpg","Y","Unknown","Kiggins","Kiggins CRISP RICE CEREAL"
"37509","051933375093","images/37509_051933375093.jpg","Y","Unknown","Kiggins","Kiggins FROSTED SHREDDED WHEAT 18 OZ"
"31616","051933316164","images/31616_051933316164.jpg","Y","Unknown","Kiggins","Kiggins HONEY OAT CRUNCH CEREAL"
"37481","051933374812","images/37481_051933374812.jpg","Y","Unknown","Kiggins","Kiggins RAISIN BRAN"
"10879","000079166911","images/10879_000079166911.jpg","Y","Unknown","Kiggins","Kiggins RAISIN BRAN CRUNCH"
"31614","051933316140","images/31614_051933316140.jpg","Y","Unknown","Kiggins","Kiggins RICE SQUARES OV RSTD CEREAL"
"37510","051933375109","images/37510_051933375109.jpg","Y","Unknown","Kiggins","Kiggins ROLLIN OATS CEREAL 12 OZ"
"42299","016000487697","images/42299_016000487697.png","Y","Unknown","","BIG G MULTIGRAIN CHEERIOS"
"21286","016000170032","images/21286_016000170032.jpg","Y","Unknown","","CHEERIOS CEREAL"
"21288","016000171046","images/21288_016000171046.jpg","Y","Unknown","","GENERAL MILLS KIX CEREAL FAMILY SIZE"
"22844","000088491211","images/22844_000088491211.jpg","Y","Unknown","","HONEY BUNCHES OF OATS ALMOND"
"29135","000088491211","images/29135_000088491211.jpg","Y","Unknown","","HONEY BUNCHES OF OATS HNY ROASTED CEREAL"
"95341","041192103759","images/95341_041192103759.jpg","Y","Unknown","","KELLOGG FROSTED MINI WHT LRG"
"95381","041192103797","images/95381_041192103797.jpg","Y","Unknown","","KELLOGG RAISIN BRN CRNCH LRG"
"28185","038000001208","images/28185_038000001208.jpg","Y","Unknown","","KELLOGG'S CORN FLAKES"
"93016","042400416203","images/93016_042400416203.jpg","Y","Unknown","","MALT O MEAL FROST S SHRED WHEAT"
"28220","030000061190","images/28220_030000061190.jpg","Y","Unknown","","QUAKER LIFE CEREAL"
"21287","016000171022","images/21287_016000171022.png","Y","Unknown","","RICE CHEX"
"36655","051933410954","images/36655_051933410954.jpg","Y","Unknown","Kiggins","Kiggins CHEWY CHOCOLATE CHIP BAR 8CT"
"36656","051933164420","images/36656_051933164420.jpg","Y","Unknown","Kiggins","Kiggins CHEWY GRANOLA BAR VAR PK 8CT"
"44331","051933443310","images/44331_051933443310.jpg","Y","Unknown","Kiggins","Kiggins CHOCOLATE CHIP DIPPED BARS"
"41085","051933425606","images/41085_051933425606.jpg","Y","Unknown","Kiggins","Kiggins CRUNCHY OAT & HNY BAR 6 CT"
"31613","051933316133","images/31613_051933316133.jpg","Y","Unknown","Kiggins","Kiggins CRUNCHY P BUTTER BAR 6 CT"
"32355","051933323551","images/32355_051933323551.jpg","Y","Unknown","Kiggins","Kiggins PEANUT SWEET & SALTY BAR 6CT"
"36091","051933360914","images/36091_051933360914.jpg","Y","Unknown","Kiggins","Kiggins PROTEIN ALMND DK CHOL BAR5CT"
"36663","051933353343","images/36663_051933353343.jpg","Y","Unknown","Kiggins","Kiggins PROTEIN PBTTR DK CHOC BAR5CT"
"36093","051933360938","images/36093_051933360938.jpg","Y","Unknown","Kiggins","Kiggins SWEET & SALTY CASHEW BAR 6CT"
"35334","","images/35334_NOUPC.jpg","Y","Unknown","Nature Trails","Nature Trails CHEWY PROTEIN GRANOLA BARS"
"4006","016000335301","images/4006_016000335301.jpg","Y","Unknown","","NATURE VALLEY GRAN BAR OATS N HONEY"
"54646","030000450178","images/54646_030000450178.jpg","Y","Unknown","","QUAKER CHEWY CHOC CHIP 18 CT"
"54645","030000451304","images/54645_030000451304.jpg","Y","Unknown","","QUAKER CHEWY VARIETY PACK 18CT"
"41105","051933971998","images/41105_051933971998.jpg","Y","Unknown","Kiggins","Kiggins FRUIT & GRAIN BAR-APPLE CINN"
"34517","051933345171","images/34517_051933345171.jpg","Y","Unknown","Kiggins","Kiggins FRUIT & GRAIN BAR-BLUEBRY8CT"
"36094","051933360945","images/36094_051933360945.jpg","Y","Unknown","Kiggins","Kiggins FRUIT & GRAIN MXD BERRY 8 CT"
"16450","051933164505","images/16450_051933164505.jpg","Y","Unknown","Kiggins","Kiggins FRUIT & GRAIN STRAWBERRY 8CT"
"32536","","images/32536_NOUPC.jpg","Y","Unknown","Tipton Grove","Tipton Grove FRUIT SNACK ORIG MIX 10 CT"
"72970","016000224438","images/72970_016000224438.jpg","Y","Unknown","","BC GUSHERS SUPER SOUR BLUBRY"
"15829","016000147331","images/15829_016000147331.jpg","Y","Unknown","","GUSHERS STRAW TROPIC 6CT"
"99773","016000224445","images/99773_016000224445.jpg","Y","Unknown","","GUSHERS TROP SUS"
"57172","034856050988","images/57172_034856050988.jpg","Y","Unknown","","WELCH MIXED FRUIT SNACK"
"87003","034856822684","images/87003_034856822684.jpg","Y","Unknown","","WELCH MIXED FRUIT SNACK 22CT"
"92317","034856822653","images/92317_034856822653.jpg","Y","Unknown","","WELCHS VP FRT PNCH B&C 22 CT"
"30786","051933307865","images/30786_051933307865.jpg","Y","Unknown","Kiggins","Kiggins BLUEBERRY TOASTER TARTS 12CT"
"30734","051933307346","images/30734_051933307346.jpg","Y","Unknown","Kiggins","Kiggins BRWN SUGAR CIN TSTR TART12CT"
"30787","051933307872","images/30787_051933307872.jpg","Y","Unknown","Kiggins","Kiggins CHOC FUDGE TOASTER TART 12CT"
"30733","051933307339","images/30733_051933307339.jpg","Y","Unknown","Kiggins","Kiggins COOKIES & CREME TOASTER TART"
"30721","051933307216","images/30721_051933307216.jpg","Y","Unknown","Kiggins","Kiggins STRWBRY TOASTER TART 12 CT"
"16419","038000222733","images/16419_038000222733.jpg","Y","Unknown","","KELLOGG'S FROST STRAWBRY POP TART"
"16423","038000222634","images/16423_038000222634.jpg","Y","Unknown","","KELLOGG'S FRST BRWN SUG CIN POPTRT"
"38433","051933384330","images/38433_051933384330.jpg","Y","Unknown","Kiggins","Kiggins BDAY CAKE RICE CRISPY TREAT"
"37311","051933373112","images/37311_051933373112.jpg","Y","Unknown","Kiggins","Kiggins RICE CRISPY TREATS 8CT"
"37486","038000590993","images/37486_038000590993.jpg","Y","Unknown","","KELLOGG'S RICE KRISPY TREATS-BAR"
"49170","038000350559","images/49170_038000350559.jpg","Y","Unknown","","RICE KRISPIES TREATS 16 CT"
"93031","037000338369","images/93031_037000338369.jpg","Y","Unknown","","CASCADE COMPLETED PWDR FRESH"
"89815","037000860280","images/89815_037000860280.png","Y","Unknown","","CASCADE DISH PODS 13 CT"
"93029","051700996667","images/93029_051700996667.jpg","Y","Unknown","","FINISH DISH POD 18 CT"
"87316","000082785411","images/87316_000082785411.png","Y","Unknown","","AJAX DISH LIQUID SP ORANGE"
"93032","000082785411","images/93032_000082785411.png","Y","Unknown","","AJAX LEMON DISH SOAP"
"93033","035000498748","images/93033_035000498748.jpg","Y","Unknown","","AJAX ORANGE DISH SOAP"
"87252","000072242911","images/87252_000072242911.jpg","Y","Unknown","","AWESOME DISH SOAP LEMON"
"87253","000072242911","images/87253_000072242911.jpg","Y","Unknown","","AWESOME DISH SOAP ORIGINAL"
"93030","030772081242","images/93030_030772081242.jpg","Y","Unknown","","DAWN DISH ULTRA ORIGINAL"
"87317","030772094037","images/87317_030772094037.jpg","Y","Unknown","","DAWN ULTRA DISH SOAP ORIG"
"2645","037000976189","images/2645_037000976189.jpg","Y","Unknown","","GAIN DISH ULTRA ORIGINAL"
"93149","000007224311","images/93149_000007224311.jpg","Y","Unknown","","AWESOME 2 IN 1 LAUNDRY W FS"
"93152","000007224311","images/93152_000007224311.jpg","Y","Unknown","","AWESOME LAUN DET STAIN LIFT"
"93151","000007224311","images/93151_000007224311.jpg","Y","Unknown","","AWESOME LAUNDRY OXYGEN"
"748","037000867500","images/748_037000867500.jpg","Y","Unknown","","GAIN FLINGS ORIGINAL SCENT"
"30479","037000930358","images/30479_037000930358.jpg","Y","Unknown","","TIDE OXI PODS ORIG DB 16 CT"
"72395","030772120804","images/72395_030772120804.jpg","Y","Unknown","","TIDE SIMPLY LQ HEC BB 89 LD"
"95317","030772120859","images/95317_030772120859.jpg","Y","Unknown","","TIDE SIMPLY LQ REFRSH BRZ"
"91343","094514020043","images/91343_094514020043.jpg","Y","Unknown","","XTRA LIQ LAUNDRY TROPICAL"
"91345","094514020050","images/91345_094514020050.png","Y","Unknown","","XTRA LIQ LAUNDRY WOODLND MST"
"91333","094514000137","images/91333_094514000137.jpg","Y","Unknown","","XTRA LIQ LNDRY TROPICAL"
"30684","094514429150","images/30684_094514429150.jpg","Y","Unknown","","XTRA LIQ LNDRY W/ OXI CLEAN"
"82048","094514729120","images/82048_094514729120.png","Y","Unknown","","XTRA LLD CALYPSO FRESH"
"12040","000006520111","images/12040_000006520111.jpg","Y","Unknown","","SOFTENER PELLETS"
"30478","037000958604","images/30478_037000958604.jpg","Y","Unknown","","BOUNCE SHEET OUTDR FRSH 15CT"
"92278","030772100332","images/92278_030772100332.jpg","Y","Unknown","","DOWNY LQ APRIL FRESH 60 LOAD"
"92277","030772087251","images/92277_030772087251.jpg","Y","Unknown","","DOWNY UNSTOPABLES FRESH BEAD"
"93139","030772088586","images/93139_030772088586.png","Y","Unknown","","FEBREZE FABRIC XTRA STRENGTH"
"93199","037000978350","images/93199_037000978350.jpg","Y","Unknown","","GAIN FABRIC SHT ORIGNL 105CT"
"72394","030772100806","images/72394_030772100806.jpg","Y","Unknown","","GAIN FABRIC SOFTENER ORIG"
"72393","030772088722","images/72393_030772088722.jpg","Y","Unknown","","GAIN FIREWORKS SOFTNER ORG"
"32353","051933323537","images/32353_051933323537.jpg","Y","Unknown","Optim","Optim LOW SPLASH BLEACH LAV"
"34369","051933343696","images/34369_051933343696.jpg","Y","Unknown","Optim","Optim MEADOW BLEACH"
"36552","051933365520","images/36552_051933365520.jpg","Y","Unknown","Optim","Optim OPTIM BLEACH REGULAR"
"43056","000007224311","images/43056_000007224311.jpg","Y","Unknown","","AWESOME BLEACH FRESH SCENT"
"751","000075703811","images/751_000075703811.png","Y","Unknown","","OXI CLEAN STAIN REMOVER"
"93001","000075703811","images/93001_000075703811.jpg","Y","Unknown","","OXICLEAN STAIN REMOVER SPRAY"
"70238","000082785411","images/70238_000082785411.png","Y","Unknown","","AJAX BLEACH POWDER"
"91526","033200000204","images/91526_033200000204.png","Y","Unknown","","ARM & HAMMER BAKING SODA FRIDGE FRZER"
"39503","033200113218","images/39503_033200113218.png","Y","Unknown","","ARM & HAMMER CARPET DEO X-STRNGTH"
"87032","000072242911","images/87032_000072242911.png","Y","Unknown","","AWESOME ALL PURPOSE CLEANER"
"93144","000072242911","images/93144_000072242911.jpg","Y","Unknown","","AWESOME ALL PURPOSE CLEANER"
"92184","044600169330","images/92184_044600169330.png","Y","Unknown","","CLOROX CLEAN UP BLEACH SPRAY"
"18089","044600015934","images/18089_044600015934.jpg","Y","Unknown","","CLOROX DISINFECT WIPES FRESH"
"92183","044600006284","images/92183_044600006284.jpg","Y","Unknown","","FORMULA 409 MULTI SURFACE"
"93217","019200791328","images/93217_019200791328.jpg","Y","Unknown","","LYSOL DISINFCT SPRAY TO GO"
"18106","019200741866","images/18106_019200741866.jpg","Y","Unknown","","LYSOL DISINFECT SPRAY LINEN"
"91567","019200997997","images/91567_019200997997.jpg","Y","Unknown","","LYSOL WIPES TO GO 15 CT"
"93146","000072242911","images/93146_000072242911.jpg","Y","Unknown","","AWESOME FOAMING BATHRM CLNR"
"87022","000072242911","images/87022_000072242911.jpg","Y","Unknown","","AWESOME LIME SCALE REMOVER"
"87023","000072242911","images/87023_000072242911.jpg","Y","Unknown","","AWESOME METHOD CHERRY CLEANR"
"93145","000072242911","images/93145_000072242911.jpg","Y","Unknown","","AWESOME OXY ORANGE DEGREASER"
"13921","019200025225","images/13921_019200025225.jpg","Y","Unknown","","LYSOL POWER TOILET BOWL CLNR"
"93107","041294601467","images/93107_041294601467.jpg","Y","Unknown","","PINE SOL CLEANER PINE"
"87019","000072242911","images/87019_000072242911.jpg","Y","Unknown","","AWESOME BANG BATH RM CLEANER"
"87013","000072242911","images/87013_000072242911.jpg","Y","Unknown","","AWESOME CLEANER WITH BLEACH"
"93148","000072242911","images/93148_000072242911.jpg","Y","Unknown","","AWESOME GLASS CLEANER BLUE"
"59038","019800701956","images/59038_019800701956.png","Y","Unknown","","WINDEX ORIGINAL BLUE TRIG"
"53978","037000811138","images/53978_037000811138.jpg","Y","Unknown","","FEBREZE CAR CLIP LINEN&SKY 1 CT"
"72342","000019798111","images/72342_000019798111.jpg","Y","Unknown","","GLADE CLEAN LINEN 7.3Z SPRAY"
"91293","046500052880","images/91293_046500052880.jpg","Y","Unknown","","GLADE CLEAN LINEN AERO SPRAY"
"91302","046500052910","images/91302_046500052910.jpg","Y","Unknown","","GLADE HAWAIIAN BRZ AERO SPRY"
"91531","000080882911","images/91531_000080882911.jpg","Y","Unknown","","GRT SCNT FRSH LIN AERSL SPRY"
"91539","000080882911","images/91539_000080882911.jpg","Y","Unknown","","GRTSCNT DLTA HAWI BRZ SPRAY"
"89523","076171101556","images/89523_076171101556.png","Y","Unknown","","LTL TREE CAR FRESHNR BLK ICE"
"34699","051933346994","images/34699_051933346994.jpg","Y","Unknown","Glo","Glo BLUE SOAP PADS 10CT"
"36744","051933367449","images/36744_051933367449.jpg","Y","Unknown","Glo","Glo HEAVY DUTY SCOUR PADS 3PK"
"36738","051933367388","images/36738_051933367388.jpg","Y","Unknown","Glo","Glo HVY DUTY SCRUB SPONGE 3PK"
"36739","051933367395","images/36739_051933367395.jpg","Y","Unknown","Glo","Glo NONSCRATCH SPONGES 3PK"
"78763","","images/78763_NOUPC.jpg","Y","Unknown","","SCOTCH BRITE HVY DUTY DISHWAND"
"78764","051141253541","images/78764_051141253541.jpg","Y","Unknown","","SCOTCH BRITE STAINLSS STEEL 3CT"
"24958","046135792847","images/24958_046135792847.jpg","Y","Unknown","","SYLVANIA 60 LED DAY LIGHT BULBS"
"24957","046135738883","images/24957_046135738883.jpg","Y","Unknown","","SYLVANIA 60 LED SOFT WHITE BULBS"
"91315","046500055027","images/91315_046500055027.jpg","Y","Unknown","","GLADE CANDLE CLEAN LINEN"
"93087","046500769580","images/93087_046500769580.jpg","Y","Unknown","","GLADE CANDLE CLEAN LINEN"
"91313","046500055010","images/91313_046500055010.jpg","Y","Unknown","","GLADE CANDLE HAWAIIAN BRZ"
"93064","046500769566","images/93064_046500769566.jpg","Y","Unknown","","GLADE CANDLE HAWAIIAN BRZ"
"91533","000080882911","images/91533_000080882911.jpg","Y","Unknown","","GRT SCNT DELTA FRSH LIN CNDL"
"91541","000080882911","images/91541_000080882911.jpg","Y","Unknown","","GRTSCNT DELTA LVND&CAMM CNDL"
"87323","072477980604","images/87323_072477980604.png","Y","Unknown","","HOMEPLUS ROACH TRAPS"
"87319","072477989157","images/87319_072477989157.jpg","Y","Unknown","","ORTHO ANT BAIT STATION"
"87321","072477980345","images/87321_072477980345.jpg","Y","Unknown","","PIC MOUSE RAT GLUE BOARDS"
"92727","046500117176","images/92727_046500117176.jpg","Y","Unknown","","RAID ANT&ROACH FRAG FREE"
"30984","016500540106","images/30984_016500540106.jpg","Y","Unknown","","SBY CUTTER SKINSTN PUMP SSNL"
"30957","072477984268","images/30957_072477984268.jpg","Y","Unknown","","SBY RAID FLY TRAP SHP SSNL"
"6347","071287209714","images/6347_071287209714.jpg","Y","Unknown","Ginger Evans","Ginger Evans PAPER BAKING CUP"
"18779","051933539891","images/18779_051933539891.jpg","Y","Unknown","Kindle","Kindle CHARCOAL BRIQUETS PLT"
"53991","051933539914","images/53991_051933539914.jpg","Y","Unknown","Kindle","Kindle INSTANT BRIQUETS PLT"
"36288","051933362888","images/36288_051933362888.jpg","Y","Unknown","Kindle","Kindle KINDLE LIGHTER FLUID"
"92244","070330602687","images/92244_070330602687.jpg","Y","Unknown","","BIC POCKET LIGHTER 2 PK"
"18181","044600320632","images/18181_044600320632.jpg","Y","Unknown","","KINGSFORD EASY LT BAG"
"73002","044600608044","images/73002_044600608044.jpg","Y","Unknown","","KINGSFORD GRILLMASTERS 20LBS"
"33877","000085725511","images/33877_000085725511.png","Y","Unknown","","GIANT LASAGNA PAN"
"33905","000085725511","images/33905_000085725511.jpg","Y","Unknown","","GIANT STEAMER PAN"
"33875","000085725511","images/33875_000085725511.png","Y","Unknown","","HALF ROASTER DEEP PAN"
"33904","000085725511","images/33904_000085725511.jpg","Y","Unknown","","LARGE OVAL ROASTER PAN"
"33906","000085725511","images/33906_000085725511.jpg","Y","Unknown","","LOAF PAN"
"33883","000085725511","images/33883_000085725511.jpg","Y","Unknown","","PIE PAN"
"33902","000085725511","images/33902_000085725511.jpg","Y","Unknown","","RECTANGULAR ROASTER PAN"
"33916","000085725511","images/33916_000085725511.jpg","Y","Unknown","","REGULAR LASAGNA PAN"
"33907","000085725511","images/33907_000085725511.jpg","Y","Unknown","","SQUARE CAKE PAN W/LID"
"30654","000064928111","images/30654_000064928111.png","Y","Unknown","","GLD HRV REG LID W/BAND"
"30657","000064928111","images/30657_000064928111.jpg","Y","Unknown","","GLD HRV REG QUART JAR"
"88061","039800032805","images/88061_039800032805.jpg","Y","Unknown","","ENERGIZER 2032 LITHIUM 2CT"
"46393","039800011329","images/46393_039800011329.png","Y","Unknown","","ENERGIZER MAX AA BATTERY"
"24931","012800330355","images/24931_012800330355.jpg","Y","Unknown","","RAYOVAC 9V BATTERIES"
"19770","012800517725","images/19770_012800517725.webp","Y","Unknown","","RAYOVAC BATTERIES AA"
"93141","012800537945","images/93141_012800537945.jpg","Y","Unknown","","RAYOVAC BATTERIES AAA 8 CT"
"19890","012800181766","images/19890_012800181766.jpg","Y","Unknown","","RAYOVAC BATTERIES C"
"19810","012800183173","images/19810_012800183173.jpg","Y","Unknown","","RAYOVAC BATTERIES D"
"29511","000084653811","images/29511_000084653811.png","Y","Unknown","","BAG CLIP 3PC MAGNETIC CLPSTP"
"29512","000084653811","images/29512_000084653811.png","Y","Unknown","","BAG CLIP JUMBO CLIP STRIP"
"22892","000084653811","images/22892_000084653811.png","Y","Unknown","","BAMBOO SKEWERS 12"" 100CT CS"
"29527","000084653811","images/29527_000084653811.jpg","Y","Unknown","","BODY PUFF W/SCTN CUP CS"
"29538","000084653811","images/29538_000084653811.jpg","Y","Unknown","","BODY SPONGE DBL HNDL CS"
"84353","","images/84353_NOUPC.jpg","Y","Unknown","","CHEESE CLOTH"
"31401","027084120134","images/31401_027084120134.png","Y","Unknown","","MAT HOT WHEELS CLIP STRIP"
"31768","000084653811","images/31768_000084653811.png","Y","Unknown","","SBY LEMON/LIME SQZR SHP SSNL"
"29559","000084653811","images/29559_000084653811.webp","Y","Unknown","","SEWING KIT-TRAVEL CLIP STRIP"
"29574","000084653811","images/29574_000084653811.png","Y","Unknown","","STRAWS FLEX DRNK 150CT CLPSP"
"84352","000084653811","images/84352_000084653811.jpg","Y","Unknown","","SUPER WIPES 8 CT CDU"
"92283","073854009147","images/92283_073854009147.jpg","Y","Unknown","","AVIATOR PLAYING CARDS"
"8231","000089024611","images/8231_000089024611.jpg","Y","Unknown","","KRAZY GLUE ALL PURPOSE 1 CT"
"31949","031462711388","images/31949_031462711388.jpg","Y","Unknown","","SBY JUMPROPE LIGHTS SHP SSNL"
"92219","021200979620","images/92219_021200979620.jpg","Y","Unknown","","SCOTCH BRITE LINT ROLLER"
"73045","000076430211","images/73045_000076430211.png","Y","Unknown","","SHEA MOISTURE SHAMPOO"
"11288","022400393650","images/11288_022400393650.png","Y","Unknown","","TRESEMME SHAMPOO MOISTR RICH"
"37760","000081655911","images/37760_000081655911.png","Y","Unknown","","VO5 EX BODY SHAMPOO"
"84163","000080882911","images/84163_000080882911.jpg","Y","Unknown","","LSS CONDITION HYDRATNG FRUIT"
"73046","000076430211","images/73046_000076430211.png","Y","Unknown","","SHEA MOISTURE CONDITIONER"
"11279","022400393759","images/11279_022400393759.png","Y","Unknown","","TRESEMME CONDITNR MSTR RICH"
"37780","000081655911","images/37780_000081655911.png","Y","Unknown","","VO5 EX BODY CONDITIONER"
"11289","022400005218","images/11289_022400005218.jpg","Y","Unknown","","TRESEMME HAIRSPRY XTRA HLD"
"84174","048155921535","images/84174_048155921535.jpg","Y","Unknown","","PRSNL CARE COCOA BTTR LOTION"
"11136","011111611337","images/11136_011111611337.png","Y","Unknown","","DOVE WHITE BAR SOAP 2CT"
"84171","000080882911","images/84171_000080882911.jpg","Y","Unknown","","LSS BODYWASH OCEAN FRESH"
"60125","000074182311","images/60125_000074182311.jpg","Y","Unknown","","SOFTSOAP SOOTHING CLEAN"
"84184","000080882911","images/84184_000080882911.png","Y","Unknown","","PRSNL CARE EPSOM SALT LAVNDR"
"39667","033200000938","images/39667_033200000938.png","Y","Unknown","","AIM MINT GEL TOOTHPAST"
"98774","000041388211","images/98774_000041388211.jpg","Y","Unknown","","BLISTEX MEDICATED LIP BALM"
"91542","035000460455","images/91542_035000460455.jpg","Y","Unknown","","COLGATE TTL WHITING PST GEL"
"39678","035000460462","images/39678_035000460462.jpg","Y","Unknown","","COLGATE TTL WHITING PST TP"
"122","000031254711","images/122_000031254711.jpg","Y","Unknown","","LISTERINE COOL MINT MOUTHWSH"
"84636","000080882911","images/84636_000080882911.jpg","Y","Unknown","","LSS MOUTHWASH FRESH MINT"
"84364","000080882911","images/84364_000080882911.jpg","Y","Unknown","","LSS TOOTHPAST WHTNG W/BRUSH"
"92322","068305686312","images/92322_068305686312.jpg","Y","Unknown","","ORAL B GLIDE COMPLETE FLOSS"
"91568","000003004111","images/91568_000003004111.jpg","Y","Unknown","","ORAL B HEALTH & CLEAN THBRSH"
"92812","000003004111","images/92812_000003004111.jpg","Y","Unknown","","ORAL B KID MICKY VAL TB 2CT"
"91577","000085194411","images/91577_000085194411.jpg","Y","Unknown","","RM CLEANSHAVE MEN RAZOR 3CT"
"91578","000085194411","images/91578_000085194411.jpg","Y","Unknown","","RM CLNSHAVE WOMEN RAZOR 3CT"
"58969","079400265401","images/58969_079400265401.png","Y","Unknown","","DEGREE INV SOLID COOL RUSH"
"86136","000066774311","images/86136_000066774311.png","Y","Unknown","Being Well","Being Well PREGNANCY TEST"
"84555","036000012477","images/84555_036000012477.jpg","Y","Unknown","","KOTEX LINERS"
"84552","036000534450","images/84552_036000534450.jpg","Y","Unknown","","KOTEX REG TAMPONS"
"84554","036000515824","images/84554_036000515824.jpg","Y","Unknown","","KOTEX SUPER PLUS TAMPONS"
"84553","036000515817","images/84553_036000515817.jpg","Y","Unknown","","KOTEX SUPER TAMPONS"
"91452","036000548983","images/91452_036000548983.jpg","Y","Unknown","","KOTEX U BLNCE SUPER PREM"
"91453","036000548990","images/91453_036000548990.jpg","Y","Unknown","","KOTEX U BLNCE SUPER PREM"
"72717","036000582543","images/72717_036000582543.jpg","Y","Unknown","","KOTEX U ULTRA THIN PAD HEAVY"
"72715","036000583489","images/72715_036000583489.png","Y","Unknown","","KOTEX U ULTRA THIN PAD REG"
"70698","036000535310","images/70698_036000535310.jpg","Y","Unknown","","U BY KOTEX CLICK TAMPON"
"92035","000003057311","images/92035_000003057311.jpg","Y","Unknown","","ADVL TBLT VIAL TRVL 10CT"
"93071","000031254711","images/93071_000031254711.jpg","Y","Unknown","","HALLS CHERRY COUGH DROP"
"93069","000031254711","images/93069_000031254711.jpg","Y","Unknown","","HALLS HONEY LEMON COUGH DROP"
"91569","000003014911","images/91569_000003014911.jpg","Y","Unknown","","PEPTO TO GO CHEW CHERRY 12CT"
"134","000003014911","images/134_000003014911.jpg","Y","Unknown","","PEPTO-BISMOL LIQUID ORIG"
"89043","050844375956","images/89043_050844375956.png","Y","Unknown","","QUALITY PLUS ANTI DIARRHEAL"
"89063","050844563322","images/89063_050844563322.jpg","Y","Unknown","","QUALITY PLUS LOWDOSE ASPIRIN"
"117","000030766111","images/117_000030766111.jpg","Y","Unknown","","TUMS XTRA STRNGTH ASST FRUIT"
"92214","000003004511","images/92214_000003004511.jpg","Y","Unknown","","TYLENOL EXT STRNGH ON THE GO"
"13980","000071525711","images/13980_000071525711.jpg","Y","Unknown","Being Well","Being Well ALCOHOL 70%"
"13950","000071525611","images/13950_000071525611.jpg","Y","Unknown","Being Well","Being Well BEING WELL HYDROGEN PEROX 3%"
"36426","051933364264","images/36426_051933364264.jpg","Y","Unknown","Being Well","Being Well COTTON ROUNDS PDQ"
"50743","051933507432","images/50743_051933507432.jpg","Y","Unknown","Being Well","Being Well JUMBO COTTON BALLS"
"84167","000080882911","images/84167_000080882911.jpg","Y","Unknown","","ANTIFUNGAL ATHLETE FEET CRM"
"84178","000080882911","images/84178_000080882911.jpg","Y","Unknown","","BODY PWDR MEDICTD CORNSTRCH"
"92215","000003813711","images/92215_000003813711.png","Y","Unknown","","JJ FIRST AID KIT TO GO 12 CT"
"84179","000080882911","images/84179_000080882911.jpg","Y","Unknown","","LSS CORNSTARCH FOOT POWDER"
"84170","000080882911","images/84170_000080882911.jpg","Y","Unknown","","LSS PETROLEUM JELY REG"
"84166","000080882911","images/84166_000080882911.png","Y","Unknown","","LSS TRIPLE ANTIBIOTIC CREAM"
"84185","048155903319","images/84185_048155903319.png","Y","Unknown","","PERSONAL CARE CHEST RUB"
"91571","022600920502","images/91571_022600920502.png","Y","Unknown","","TROJAN ENZ NON LUBRICATD 3CT"
"91573","022600642039","images/91573_022600642039.png","Y","Unknown","","TROJAN MAGNUM LUBRICATED 3CT"
"92038","000078117211","images/92038_000078117211.jpg","Y","Unknown","","DREAM CUT NAIL FILES"
"84348","000080882911","images/84348_000080882911.png","Y","Unknown","","NAIL POLISH REMOVER REGULAR"
"1168","070501451052","images/1168_070501451052.jpg","Y","Unknown","","NEUTROGENA TRVL SZ WIPES 7CT"
"16182","051933161825","images/16182_051933161825.jpg","Y","Unknown","Boardwalk","Boardwalk COLA BLUE LABEL- 2 LTR"
"16180","079263167010","images/16180_079263167010.jpg","Y","Unknown","Boardwalk","Boardwalk COLA RED LABEL-2 LTR."
"30643","051933306431","images/30643_051933306431.jpg","Y","Unknown","Boardwalk","Boardwalk COLD SPELL TEA 2 LITER"
"33600","051933336001","images/33600_051933336001.jpg","Y","Unknown","Boardwalk","Boardwalk DETERS GINGER ALE 2 LTR"
"34448","051933344488","images/34448_051933344488.jpg","Y","Unknown","Boardwalk","Boardwalk DIET COLA 2 LTR"
"16370","051933163706","images/16370_051933163706.jpg","Y","Unknown","Boardwalk","Boardwalk DR.POP-2 LTR"
"33940","051933339408","images/33940_051933339408.jpg","Y","Unknown","Boardwalk","Boardwalk FRUIT PUNCH-2 LTR"
"16470","079263167065","images/16470_079263167065.jpg","Y","Unknown","Boardwalk","Boardwalk LEMON LIME-2 LTR"
"16230","051933162303","images/16230_051933162303.jpg","Y","Unknown","Boardwalk","Boardwalk MOUNTAIN HOLLER-2 LTR"
"16200","051933162006","images/16200_051933162006.jpg","Y","Unknown","Boardwalk","Boardwalk ORANGE-2 LTR"
"33930","051933339309","images/33930_051933339309.jpg","Y","Unknown","Boardwalk","Boardwalk PINEAPPLE-2 LTR"
"16190","079263167027","images/16190_079263167027.jpg","Y","Unknown","Boardwalk","Boardwalk ROOT BEER-2 LTR"
"33610","051933336100","images/33610_051933336100.jpg","Y","Unknown","Boardwalk","Boardwalk STRAWBERRY 2-LTR"
"38804","051933388024","images/38804_051933388024.jpg","Y","Unknown","Boardwalk","Boardwalk COLA BLUE - FRIDGE 12PK"
"38806","051933386105","images/38806_051933386105.jpg","Y","Unknown","Boardwalk","Boardwalk COLA RED - FRIDGE 12PK"
"32588","051933325883","images/32588_051933325883.jpg","Y","Unknown","Boardwalk","Boardwalk COLD SPELL TEA 12 PK"
"34446","051933344464","images/34446_051933344464.jpg","Y","Unknown","Boardwalk","Boardwalk DIET COLA 12 PACK"
"38540","051933385405","images/38540_051933385405.jpg","Y","Unknown","Boardwalk","Boardwalk DR POP - FRIDGE 12 PK"
"38690","051933386907","images/38690_051933386907.jpg","Y","Unknown","Boardwalk","Boardwalk LEMON LIME - FRIDGE 12 PK"
"38490","051933384903","images/38490_051933384903.jpg","Y","Unknown","Boardwalk","Boardwalk MOUNTAIN HOLLER-FRIDGE 12 PK"
"38640","051933386402","images/38640_051933386402.jpg","Y","Unknown","Boardwalk","Boardwalk ORANGE-FRIDGE 12 PK"
"38630","051933386303","images/38630_051933386303.jpg","Y","Unknown","Boardwalk","Boardwalk ROOT BEER - FRIDGE 12 PK"
"17765","073800001089","images/17765_073800001089.png","Y","Unknown","","FAYGO GRAPE 12 PK TY/SHRNK"
"19017","073800004431","images/19017_073800004431.jpg","Y","Unknown","","FAYGO PEACH 12 PK TY/SHRNK"
"19018","073800007807","images/19018_073800007807.png","Y","Unknown","","FAYGO PIN ORNG- TY/SHRNK"
"17767","073800001072","images/17767_073800001072.jpg","Y","Unknown","","FAYGO RED POP 12PK TY/SHRNK"
"17654","073800003618","images/17654_073800003618.png","Y","Unknown","","FAYGO ROCK&RYE 12PK TY/SHRNK"
"28040","051933280403","images/28040_051933280403.jpg","Y","Unknown","Boardwalk","Boardwalk COLA BLUE 20 OZ."
"28130","051933281301","images/28130_051933281301.jpg","Y","Unknown","Boardwalk","Boardwalk LEMON LIME CRISP 20 OZ."
"28180","051933281806","images/28180_051933281806.jpg","Y","Unknown","Boardwalk","Boardwalk MOUNTAIN HOLLER 20 OZ."
"28110","051933281103","images/28110_051933281103.jpg","Y","Unknown","Boardwalk","Boardwalk ORANGE CRISP 20 OZ."
"28150","051933281509","images/28150_051933281509.jpg","Y","Unknown","Boardwalk","Boardwalk ROOTBEER TUBZ 20 OZ."
"56092","000061300911","images/56092_000061300911.png","Y","Unknown","","ARIZONA ARNOLD PLMER 20 FLOZ"
"52252","000061300911","images/52252_000061300911.jpg","Y","Unknown","","ARIZONA ARNOLD PLMER HLF/HLF"
"52254","000061300911","images/52254_000061300911.jpg","Y","Unknown","","ARIZONA GREEN TEA"
"56093","000061300911","images/56093_000061300911.jpg","Y","Unknown","","ARIZONA GREEN TEA GINSNG 20Z"
"52253","000061300911","images/52253_000061300911.jpg","Y","Unknown","","ARIZONA SWEET TEA"
"37482","051933374829","images/37482_051933374829.jpg","Y","Unknown","Crystal Falls","Crystal Falls 32PK DRINKING WATER PLT"
"28815","000081896911","images/28815_000081896911.jpg","Y","Unknown","Crystal Falls","Crystal Falls CRYSTAL 2-O 24PK WTR NES PLT"
"36107","051933361072","images/36107_051933361072.jpg","Y","Unknown","Crystal Falls","Crystal Falls CRYSTAL 8 OZ 24PK WATER PLT"
"36335","","images/36335_NOUPC.jpg","Y","Unknown","Crystal Falls","Crystal Falls CRYSTAL FALLS DISTILLED GAL"
"37242","051933356559","images/37242_051933356559.jpg","Y","Unknown","Crystal Falls","Crystal Falls DRINKING WATER GALLON PLT"
"24885","051933248854","images/24885_051933248854.jpg","Y","Unknown","Crystal Falls","Crystal Falls SPRING WATER PLT"
"33754","000086000511","images/33754_000086000511.jpg","Y","Unknown","","AQUELL PURIFY BOT WATER PLT"
"36649","051933366497","images/36649_051933366497.jpg","Y","Unknown","Crystal Falls","Crystal Falls BLACK CHRY SPRKLING WATR 1L"
"34344","051933343443","images/34344_051933343443.jpg","Y","Unknown","Crystal Falls","Crystal Falls BLACK RASPBERRY SPARKLNG 17Z"
"35228","051933352285","images/35228_051933352285.jpg","Y","Unknown","Crystal Falls","Crystal Falls BLUE RASPBERRY SPARKLING 17Z"
"36602","051933366022","images/36602_051933366022.jpg","Y","Unknown","Crystal Falls","Crystal Falls KIWI STRAWBRY SPRKL WATER 1L"
"33387","051933333871","images/33387_051933333871.jpg","Y","Unknown","Crystal Falls","Crystal Falls KIWI STRWBRY SPARKLING 17 OZ"
"37251","051933372511","images/37251_051933372511.jpg","Y","Unknown","Crystal Falls","Crystal Falls LEMON LIME SPARKLNG WATER 1L"
"34346","051933343467","images/34346_051933343467.jpg","Y","Unknown","Crystal Falls","Crystal Falls ORANGE MANGO SPARKLING 17 OZ"
"33388","051933333888","images/33388_051933333888.jpg","Y","Unknown","Crystal Falls","Crystal Falls PNAPPLE CCNUT SPARKLING 17OZ"
"8609","000007194111","images/8609_000007194111.jpg","Y","Unknown","","5HR GRAPE REG STRENGTH 12PK"
"65721","000071941111","images/65721_000071941111.jpg","Y","Unknown","","BERRY 5HR ENERGY SHOT"
"2045","070847811176","images/2045_070847811176.png","Y","Unknown","","MONSTER ENERGY 4 PACKS"
"57931","070847811169","images/57931_070847811169.png","Y","Unknown","","MONSTER ENERGY ORIGINAL 16FZ"
"2046","070847013242","images/2046_070847013242.jpg","Y","Unknown","","MONSTER ENGY ZERO ULTRA 4PK"
"17028","070847029014","images/17028_070847029014.png","Y","Unknown","","MONSTER MANGO LOCO 16 OZ"
"57932","070847012474","images/57932_070847012474.png","Y","Unknown","","MONSTER NRG ULTRA ZERO 16 OZ"
"13568","000061126911","images/13568_000061126911.jpg","Y","Unknown","","RED BULL AMBER 8.4 OZ CAN"
"11263","000061126911","images/11263_000061126911.png","Y","Unknown","","RED BULL AMBER EDTN 12 FL OZ"
"17578","000006112711","images/17578_000006112711.png","Y","Unknown","","RED BULL ENERGY DRINK 12 OZ"
"50284","000061126911","images/50284_000061126911.png","Y","Unknown","","RED BULL ENERGY DRINK 4 PK"
"65914","000006112711","images/65914_000006112711.png","Y","Unknown","","RED BULL ENERGY DRINK 8.4 OZ"
"20644","000061126911","images/20644_000061126911.png","Y","Unknown","","RED BULL NRG SUGAR FREE 8.4Z"
"49576","000061126911","images/49576_000061126911.png","Y","Unknown","","RED BULL RED 8.4 CAN"
"19759","000061126911","images/19759_000061126911.png","Y","Unknown","","RED BULL RED SUMR WTRMLN 12Z"
"10067","000061126911","images/10067_000061126911.png","Y","Unknown","","RED BULL SEA BLUE 12 OZ"
"11465","000061126911","images/11465_000061126911.jpg","Y","Unknown","","RED BULL SEA BLUE 8.4 Z CAN"
"73341","000061126911","images/73341_000061126911.jpg","Y","Unknown","","RED BULL SPRING LTO"
"17579","000006112711","images/17579_000006112711.jpg","Y","Unknown","","RED BULL SUGAR FREE 12 OZ CN"
"20645","000061126911","images/20645_000061126911.jpg","Y","Unknown","","RED BULL SUGAR FREE 4PK"
"19762","000061126911","images/19762_000061126911.png","Y","Unknown","","RED BULL YLW TROPICL 12Z"
"13571","000006112711","images/13571_000006112711.png","Y","Unknown","","RED BULL ZERO 12 OZ CAN"
"72718","000061126911","images/72718_000061126911.jpg","Y","Unknown","","REDBULL WNTR FUJI/GNGR 8.4Z"
"15477","000089530111","images/15477_000089530111.png","Y","Unknown","","TWEAKER BERRY ENERGY SHOT"
"15478","000089530111","images/15478_000089530111.jpg","Y","Unknown","","TWEAKER GRAPE ENERGY SHOT"
"95651","000008111311","images/95651_000008111311.jpg","Y","Unknown","","VICTOR ALLEN CARAMEL ICE LATTE CAN 11Z"
"38711","072350020540","images/38711_072350020540.jpg","Y","Unknown","","YOO-HOO CHOC DRINK 4PK"
"50228","072350020564","images/50228_072350020564.jpg","Y","Unknown","","YOO-HOO FRIDGE PACK 12/11 OZ"
"29761","071041000243","images/29761_071041000243.png","Y","Unknown","","FUN POPS DRINKS 20PK ASST"
"2034","050200500015","images/2034_050200500015.png","Y","Unknown","","SUNNY D SMOOTH ORANGE 64 OZ"
"2035","050200500008","images/2035_050200500008.jpg","Y","Unknown","","SUNNY D TANGY ORIG 64 OZ"
"22777","095188007606","images/22777_095188007606.png","Y","Unknown","","TAMPICO APPLE PUNCH GAL"
"78733","095188170591","images/78733_095188170591.jpg","Y","Unknown","","TAMPICO BIG ISLAND PUNCH GAL"
"22778","095188005824","images/22778_095188005824.jpg","Y","Unknown","","TAMPICO BLUE RASP PUNCH GAL"
"20641","095188012990","images/20641_095188012990.jpg","Y","Unknown","","TAMPICO CITRUS PUNCH GAL"
"20643","095188061295","images/20643_095188061295.png","Y","Unknown","","TAMPICO ISLAND PUNCH GAL"
"22776","095188021299","images/22776_095188021299.jpg","Y","Unknown","","TAMPICO MANGO PUNCH GALLLON"
"20642","095188031298","images/20642_095188031298.jpg","Y","Unknown","","TAMPICO TROPICAL PUNCH GAL"
"20638","095188010057","images/20638_095188010057.jpg","Y","Unknown","","TAMPICO ZERO MANGO PUNCH GAL"
"20639","095188013669","images/20639_095188013669.png","Y","Unknown","","TAMPICO ZERO PINAP CCNUT GAL"
"11582","075725115827","images/11582_075725115827.jpg","Y","Unknown","Tipton Grove","Tipton Grove 100% APPLE JUICE 64 FL OZ"
"34338","051933343382","images/34338_051933343382.jpg","Y","Unknown","Tipton Grove","Tipton Grove 100% CRANBERRY JUICE"
"12452","075725124522","images/12452_075725124522.jpg","Y","Unknown","Tipton Grove","Tipton Grove 100% GRAPE JUICE 64 FL OZ"
"11640","075725116404","images/11640_075725116404.jpg","Y","Unknown","Tipton Grove","Tipton Grove 100% LEMON JUICE 32 FL OZ"
"30293","075725302807","images/30293_075725302807.jpg","Y","Unknown","Tipton Grove","Tipton Grove 100% PRUNE JUICE"
"11752","075725117524","images/11752_075725117524.jpg","Y","Unknown","Tipton Grove","Tipton Grove 100% VEGETABLE JUICE"
"36123","051933361232","images/36123_051933361232.jpg","Y","Unknown","Tipton Grove","Tipton Grove 100% WHITE GRAPE JUICE"
"11740","000017572511","images/11740_000017572511.jpg","Y","Unknown","Tipton Grove","Tipton Grove TOMATO JUICE"
"35555","000088949711","images/35555_000088949711.png","Y","Unknown","","JUICY JUICE APPLE 100% 64OZ"
"21075","000088949711","images/21075_000088949711.jpg","Y","Unknown","","JUICY JUICE GRAPE PET"
"21095","000088949711","images/21095_000088949711.jpg","Y","Unknown","","JUICY JUICE ORG-TANG PET"
"35545","000088949711","images/35545_000088949711.jpg","Y","Unknown","","JUICY JUICE PUNCH 64OZ"
"21065","000088949711","images/21065_000088949711.jpg","Y","Unknown","","JUICY JUICE PUNCH PET"
"39375","074584050645","images/39375_074584050645.jpg","Y","Unknown","","LIBBY'S PINEAPLE 100%JCE 64Z"
"17655","051933176553","images/17655_051933176553.jpg","Y","Unknown","Save Today","Save Today APPLE JUICE COCKTAIL 64 OZ"
"30612","051933306127","images/30612_051933306127.jpg","Y","Unknown","Tipton Grove","Tipton Grove BERRY BLUE DRINK 64 OZ"
"30711","051933307117","images/30711_051933307117.jpg","Y","Unknown","Tipton Grove","Tipton Grove BERRY SPLASH DRINK 64 OZ"
"35464","051933354647","images/35464_051933354647.jpg","Y","Unknown","Tipton Grove","Tipton Grove CRAN MANGO JUICE CCKTAIL 64Z"
"12502","075725125024","images/12502_075725125024.jpg","Y","Unknown","Tipton Grove","Tipton Grove CRANBERRY JUICE COCKTAIL"
"30611","051933306110","images/30611_051933306110.jpg","Y","Unknown","Tipton Grove","Tipton Grove FRUIT PUNCH 64 FL OZ BTL"
"27880","075725477406","images/27880_075725477406.jpg","Y","Unknown","Tipton Grove","Tipton Grove GRAPE CRANBERRY JCE CKTL 64Z"
"30172","075725301725","images/30172_075725301725.jpg","Y","Unknown","Tipton Grove","Tipton Grove RUBY RED GRAPEFRUIT CKTL 64Z"
"28145","051933281455","images/28145_051933281455.jpg","Y","Unknown","Tipton Grove","Tipton Grove STRAWBERRY KIWI DRINK 64 OZ"
"12460","051933124608","images/12460_051933124608.jpg","Y","Unknown","Tipton Grove","Tipton Grove TROPICAL BLEND SPLASH 64 OZ"
"94580","014800513240","images/94580_014800513240.jpg","Y","Unknown","","CLAMATO JUICE"
"72650","051000069924","images/72650_051000069924.jpg","Y","Unknown","","V8 VEG JUICE 100% PET-WIC"
"59069","074806001608","images/59069_074806001608.jpg","Y","Unknown","","BIG HUG BARRELS FRT PNCH 16Z"
"47073","087684004081","images/47073_087684004081.jpg","Y","Unknown","","CAPRI SUN FRT PUNCH 10CT"
"78780","087684011638","images/78780_087684011638.jpg","Y","Unknown","","CAPRI SUN FRT PUNCH SNGL 12Z"
"17017","087684000953","images/17017_087684000953.jpg","Y","Unknown","","CAPRI SUN PACIFIC COOLR 10CT"
"78781","087684011645","images/78781_087684011645.jpg","Y","Unknown","","CAPRISUN PACIFIC COOLR 12 OZ"
"43492","074806015001","images/43492_074806015001.png","Y","Unknown","","HUG 4 FLAVOR VARIETY PACK"
"19043","000088949711","images/19043_000088949711.jpg","Y","Unknown","","JUICY JUICE 100% APPL 4P TET"
"19044","000088949711","images/19044_000088949711.jpg","Y","Unknown","","JUICY JUICE 100% F-PNCH 4TET"
"78815","000088949711","images/78815_000088949711.jpg","Y","Unknown","","JUICY JUICE BERRY 4PK POUCH"
"47194","043000953686","images/47194_043000953686.jpg","Y","Unknown","","KOOL-AID BURST CHRRY 6CT"
"16210","043000953693","images/16210_043000953693.jpg","Y","Unknown","","KOOL-AID BURST TROP PNCH 6CT"
"47193","043000953709","images/47193_043000953709.jpg","Y","Unknown","","KOOL-AID GRAPE BURST 6CT"
"94031","000081011611","images/94031_000081011611.png","Y","Unknown","","PRIME CHERRY FREEZE 16.9 OZ"
"50448","000008500411","images/50448_000008500411.jpg","Y","Unknown","","PRIME HYDRATN ICE POP 16.9Z"
"78676","000081011611","images/78676_000081011611.jpg","Y","Unknown","","PRIME HYDRN BRY FREEZE 16.9Z"
"89206","000040000411","images/89206_000040000411.gif","Y","Unknown","","PRIME HYDRT STRW WTRMLN 16.9"
"34091","051933340916","images/34091_051933340916.jpg","Y","Unknown","Tipton Grove","Tipton Grove FRUIT PUNCH DRINK STICKS 10"
"34096","051933340961","images/34096_051933340961.jpg","Y","Unknown","Tipton Grove","Tipton Grove GRAPE DRINK STICKS 10"
"34097","051933340978","images/34097_051933340978.jpg","Y","Unknown","Tipton Grove","Tipton Grove LEMONADE DRINK STICKS 10"
"36597","051933356580","images/36597_051933356580.jpg","Y","Unknown","Tipton Grove","Tipton Grove RASP LEMONADE DRINK MIX STKS"
"34098","051933340985","images/34098_051933340985.jpg","Y","Unknown","Tipton Grove","Tipton Grove TEA W/LEMON DRINK STICKS 10"
"17116","041387322170","images/17116_041387322170.jpg","Y","Unknown","","4C FRUIT PUNCH 9QT DRINK MIX"
"17118","041387311181","images/17118_041387311181.jpg","Y","Unknown","","4C LEMONADE 9QT DRINK MIX"
"17119","041387091168","images/17119_041387091168.jpg","Y","Unknown","","4C PINK LEMONADE 9QT DRNK MX"
"17117","041387111170","images/17117_041387111170.jpg","Y","Unknown","","4C WLD BRY/POM 9QT DRINK MIX"
"79850","000085980111","images/79850_000085980111.png","Y","Unknown","","DOLE PEACH MANGO 6 CT"
"79849","000085980111","images/79849_000085980111.png","Y","Unknown","","DOLE STRWBRY PINEAPL 6 CT"
"78681","072392273034","images/78681_072392273034.jpg","Y","Unknown","","FLAVORAID UNSWT CHERRY"
"78682","072392273041","images/78682_072392273041.jpg","Y","Unknown","","FLAVORAID UNSWT GRAPE"
"78680","072392273010","images/78680_072392273010.jpg","Y","Unknown","","FLAVORAID UNSWT TROPICAL"
"39416","072392337996","images/39416_072392337996.png","Y","Unknown","","JOLLY RANCHER STG GRNAPPL6CT"
"39415","072392337989","images/39415_072392337989.jpg","Y","Unknown","","JOLLY RANCHER STG WTRMLN 6CT"
"8771","043000955673","images/8771_043000955673.jpg","Y","Unknown","","KOOL-AID 2 QT BLACK CHERRY"
"12265","043000955475","images/12265_043000955475.jpg","Y","Unknown","","KOOL-AID 2 QT BLUE RASPBERRY"
"8772","043000955635","images/8772_043000955635.jpg","Y","Unknown","","KOOL-AID 2 QT GRAPE"
"8774","043000955697","images/8774_043000955697.jpg","Y","Unknown","","KOOL-AID 2 QT LEMONADE"
"8773","043000955314","images/8773_043000955314.jpg","Y","Unknown","","KOOL-AID 2 QT ORANGE"
"8775","043000955703","images/8775_043000955703.jpg","Y","Unknown","","KOOL-AID 2 QT PINK LEMONADE"
"8767","043000955628","images/8767_043000955628.png","Y","Unknown","","KOOL-AID 2QT CHERRY"
"8770","043000955437","images/8770_043000955437.jpg","Y","Unknown","","KOOL-AID 2QT TROPICAL PUNCH"
"78683","043000954218","images/78683_043000954218.jpg","Y","Unknown","","KOOLAID RKA TROP PUNCH 5CT"
"39417","072392322725","images/39417_072392322725.png","Y","Unknown","","PUREKICK HYDRA STG CITRS 6CT"
"39418","072392322732","images/39418_072392322732.png","Y","Unknown","","PUREKICK HYDRA STG STW WTRMN"
"19701","072392328208","images/19701_072392328208.jpg","Y","Unknown","","SKITTLES STG VAR PACK 20 CT"
"39421","072392327263","images/39421_072392327263.jpg","Y","Unknown","","STARBURST STG BLUE RSPBRY6CT"
"39419","072392327232","images/39419_072392327232.png","Y","Unknown","","STARBURST STG STRWBR MIX 6CT"
"15885","072392324040","images/15885_072392324040.png","Y","Unknown","","SUNKIST GRAPE TOGO 6CT"
"15883","072392324026","images/15883_072392324026.jpg","Y","Unknown","","SUNKIST ORANGE TOGO 6CT"
"33713","043000090275","images/33713_043000090275.jpg","Y","Unknown","","TANG ON THE GO STICKS 6 CT"
"33714","043000032275","images/33714_043000032275.jpg","Y","Unknown","","TANG POWDERED BEV 6QT"
"84546","072392325931","images/84546_072392325931.gif","Y","Unknown","","WELCH'S GRAPE STG 6 CT"
"84548","072392325948","images/84548_072392325948.gif","Y","Unknown","","WELCH'S STRAW PEACH STG 6 CT"
"39411","072392344314","images/39411_072392344314.jpg","Y","Unknown","","WYLER LGHT RED PNCH PWDR 10C"
"39412","072392344321","images/39412_072392344321.jpg","Y","Unknown","","WYLER LGISLND PURP BRRY 10CT"
"37567","051933375673","images/37567_051933375673.jpg","Y","Unknown","World's Fair","World's Fair WORLD'S FAIR FREEZE POP PLT"
"39992","051933399921","images/39992_051933399921.jpg","Y","Unknown","McDaniel's","McDaniel's CLASSIC COFFEE"
"33393","051933333932","images/33393_051933333932.jpg","Y","Unknown","McDaniel's","McDaniel's COLOMBIAN COFFEE 100%"
"39993","051933399938","images/39993_051933399938.jpg","Y","Unknown","McDaniel's","McDaniel's DARK ROAST COFFEE"
"39994","051933399945","images/39994_051933399945.jpg","Y","Unknown","McDaniel's","McDaniel's DECAF COFFEE"
"39996","051933399969","images/39996_051933399969.jpg","Y","Unknown","McDaniel's","McDaniel's ESPRESSO BRICK"
"39991","051933399914","images/39991_051933399914.jpg","Y","Unknown","Save Today","Save Today CLASSIC ROAST COFFEE"
"89683","000088133411","images/89683_000088133411.jpg","Y","Unknown","","DUNKIN ORIGINAL PPK"
"84540","025500304076","images/84540_025500304076.jpg","Y","Unknown","","FOLGERS CLASSIC ROAST"
"93971","043000094204","images/93971_043000094204.jpg","Y","Unknown","","MAXWELL HOUSE ORIG PLT"
"95515","000071785411","images/95515_000071785411.jpg","Y","Unknown","","MAXWLL GRD ORIGINAL ROAST"
"62973","043000051337","images/62973_043000051337.jpg","Y","Unknown","","MXWLL HSE WAKE UP ROAST"
"36585","051933365858","images/36585_051933365858.jpg","Y","Unknown","McDaniel's","McDaniel's BREAKFAST BLEND GROUND BAG"
"36586","051933365865","images/36586_051933365865.jpg","Y","Unknown","McDaniel's","McDaniel's FRENCH ROAST GROUND BAG"
"36588","051933365889","images/36588_051933365889.jpg","Y","Unknown","McDaniel's","McDaniel's FRENCH VANILLA GROUND BAG"
"36593","051933365933","images/36593_051933365933.jpg","Y","Unknown","McDaniel's","McDaniel's HOUSE BLEND GROUND BAGS"
"89019","025500000343","images/89019_025500000343.jpg","Y","Unknown","","FOLGERS INSTANT COFFEE CAF"
"84321","025500000886","images/84321_025500000886.jpg","Y","Unknown","","FOLGERS INSTANT DECAF"
"36576","051933365766","images/36576_051933365766.jpg","Y","Unknown","McDaniel's","McDaniel's BRKFAST BLND SNGL SRV 12CT"
"34809","051933503106","images/34809_051933503106.jpg","Y","Unknown","McDaniel's","McDaniel's DONUT SHOP SINGLES 36CT"
"36578","051933365780","images/36578_051933365780.jpg","Y","Unknown","McDaniel's","McDaniel's FRNCH ROAST SNGLE SRV 12CT"
"36579","051933365797","images/36579_051933365797.jpg","Y","Unknown","McDaniel's","McDaniel's FRNCH VANILLA SNGLE SRV 12CT"
"36584","051933365841","images/36584_051933365841.jpg","Y","Unknown","McDaniel's","McDaniel's HOUSE BLEND SINGLE SRV 12CT"
"30289","051933302891","images/30289_051933302891.jpg","Y","Unknown","McDaniel's","McDaniel's VARIETY PACK COFFEE POD 36CT"
"86992","000088133411","images/86992_000088133411.jpg","Y","Unknown","","DUNKIN ORIGINAL KCUP 10 CT"
"28395","051933502413","images/28395_051933502413.jpg","Y","Unknown","Summerset","Summerset FAMILY SIZE ICED TEA BLEND"
"36521","051933365216","images/36521_051933365216.jpg","Y","Unknown","Summerset","Summerset GREEN TEA BAGS 20CT"
"34553","051933502444","images/34553_051933502444.jpg","Y","Unknown","Summerset","Summerset ICED TEA MIX"
"34469","051933502390","images/34469_051933502390.jpg","Y","Unknown","Summerset","Summerset TEA BAGS INDV WRAPPED 100CT"
"34020","084545120409","images/34020_084545120409.jpg","Y","Unknown","Summerset","Summerset TEA BAGS TAGLESS 100CT"
"56193","041387102406","images/56193_041387102406.jpg","Y","Unknown","","4C PEACH ICED TEA MIX"
"56192","041387929850","images/56192_041387929850.jpg","Y","Unknown","","4C RASPBRY ICED TEA MIX"
"91472","041387805284","images/91472_041387805284.jpg","Y","Unknown","","4C REDUCE SUGAR ICED TEA MIX"
"78798","000079452211","images/78798_000079452211.jpg","Y","Unknown","","LIPTON TEA BAG 100 CT"
"78800","000079452311","images/78800_000079452311.jpg","Y","Unknown","","LIPTON UNSWEET ITM 28QT"
"13491","051933134911","images/13491_051933134911.jpg","Y","Unknown","McDaniel's","McDaniel's HOT COCOA MIX 8 CT"
"34261","051933502536","images/34261_051933502536.jpg","Y","Unknown","McDaniel's","McDaniel's COFFEE CREAMER HAZELNUT"
"66581","051933665811","images/66581_051933665811.jpg","Y","Unknown","McDaniel's","McDaniel's COFFEE CREAMER-FRENCH VAN"
"12400","051933502543","images/12400_051933502543.jpg","Y","Unknown","McDaniel's","McDaniel's NON DAIRY CREAMER"
"87504","050000303021","images/87504_050000303021.jpg","Y","Unknown","","COFFEE-MATE KILO"
"78736","000008402311","images/78736_000008402311.jpg","Y","Unknown","America's Choice","America's Choice AC BBQ CHIPS PLT"
"72388","000008402311","images/72388_000008402311.jpg","Y","Unknown","America's Choice","America's Choice AC CLASSIC CHIPS 2.5 OZ PLT"
"70229","000008402311","images/70229_000008402311.jpg","Y","Unknown","America's Choice","America's Choice AC CLASSIC CHIPS 8 OZ PLT"
"70791","000008402311","images/70791_000008402311.jpg","Y","Unknown","America's Choice","America's Choice AC JALAPENO KETTLE CHIP PLT"
"72385","000008402311","images/72385_000008402311.jpg","Y","Unknown","America's Choice","America's Choice AC RIPPLE CHIPS 2.5 OZ PLT"
"70778","000008402311","images/70778_000008402311.jpg","Y","Unknown","America's Choice","America's Choice AC SEA SALT KETTLE CHIP PLT"
"31645","051933316454","images/31645_051933316454.jpg","Y","Unknown","J. Higgs","J. Higgs BACON CHED RIPPLE CHIPS"
"31639","051933316393","images/31639_051933316393.jpg","Y","Unknown","J. Higgs","J. Higgs BARBECUE CHIPS"
"31637","051933316379","images/31637_051933316379.jpg","Y","Unknown","J. Higgs","J. Higgs BARBEQUE KETTLE CHIPS"
"31644","051933316447","images/31644_051933316447.jpg","Y","Unknown","J. Higgs","J. Higgs BUFFALO WING RIPPLE CHIPS"
"37287","051933372870","images/37287_051933372870.jpg","Y","Unknown","J. Higgs","J. Higgs CANISTER CHIPS CHEDDAR"
"37286","051933372863","images/37286_051933372863.jpg","Y","Unknown","J. Higgs","J. Higgs CANISTER CHIPS ORIGINAL"
"37288","051933372887","images/37288_051933372887.jpg","Y","Unknown","J. Higgs","J. Higgs CANISTER CHIPS SCO"
"31646","051933316461","images/31646_051933316461.jpg","Y","Unknown","J. Higgs","J. Higgs CHEDDAR&SOUR CRM RIPPLE CHIP"
"37268","051933372689","images/37268_051933372689.jpg","Y","Unknown","J. Higgs","J. Higgs CLASSIC CHIPS"
"34122","051933341227","images/34122_051933341227.jpg","Y","Unknown","J. Higgs","J. Higgs J HIGGS HOT HONEY CHIPS"
"31638","051933316386","images/31638_051933316386.jpg","Y","Unknown","J. Higgs","J. Higgs JALAPENO KETTLE CHIPS"
"37274","051933372740","images/37274_051933372740.jpg","Y","Unknown","J. Higgs","J. Higgs RIPPLE CHIPS"
"31643","051933316430","images/31643_051933316430.jpg","Y","Unknown","J. Higgs","J. Higgs SALT & VINEGAR CHIPS"
"31636","051933316362","images/31636_051933316362.jpg","Y","Unknown","J. Higgs","J. Higgs SEA SALT KETTLE CHIPS"
"31642","051933316423","images/31642_051933316423.jpg","Y","Unknown","J. Higgs","J. Higgs SOUR CREAM & ONION CHIPS"
"93128","038000183690","images/93128_038000183690.jpg","Y","Unknown","","PRINGLES BBQ GRAB N GO"
"51285","038000845260","images/51285_038000845260.jpg","Y","Unknown","","PRINGLES GRAB GO CHEDDAR"
"51398","038000845253","images/51398_038000845253.jpg","Y","Unknown","","PRINGLES GRAB GO SRCRM ONION"
"14309","038000845246","images/14309_038000845246.jpg","Y","Unknown","","PRINGLES GRAB N GO ORIGINAL"
"1448","038000138577","images/1448_038000138577.png","Y","Unknown","","PRINGLES SS CHEDDAR"
"1446","038000138416","images/1446_038000138416.png","Y","Unknown","","PRINGLES SS ORGINAL"
"1447","038000138430","images/1447_038000138430.webp","Y","Unknown","","PRINGLES SS SC & ONION"
"70230","000008402311","images/70230_000008402311.jpg","Y","Unknown","America's Choice","America's Choice AC CORN CHIP 9.25 OZ PLT"
"70808","000008402311","images/70808_000008402311.jpg","Y","Unknown","America's Choice","America's Choice AC CORN CHIPS CHILI CHZ PLT"
"70809","000008402311","images/70809_000008402311.jpg","Y","Unknown","America's Choice","America's Choice AC DIP CORN CHIPS 9.25Z PLT"
"32521","","images/32521_NOUPC.jpg","Y","Unknown","J. Higgs","J. Higgs CORN CHIPS CHILI CHEESE"
"32518","","images/32518_NOUPC.jpg","Y","Unknown","J. Higgs","J. Higgs CORN CHIPS DIPPIN"
"32519","","images/32519_NOUPC.jpg","Y","Unknown","J. Higgs","J. Higgs CORN CHIPS REGULAR"
"37291","051933372917","images/37291_051933372917.jpg","Y","Unknown","J. Higgs","J. Higgs CORN CHIPS REGULAR"
"92936","026200471594","images/92936_026200471594.jpg","Y","Unknown","","ANDY CAPP HOT FRIES"
"28872","016000513792","images/28872_016000513792.png","Y","Unknown","","BUGLES NACHO CHEESE  CRISPY"
"28875","016000368309","images/28875_016000368309.jpg","Y","Unknown","","BUGLES ORIGINAL CRISPY SNACK"
"70223","000008402311","images/70223_000008402311.jpg","Y","Unknown","America's Choice","America's Choice AC NACHO TRT CHIP 9.25Z PLT"
"70222","000008402311","images/70222_000008402311.jpg","Y","Unknown","America's Choice","America's Choice AC RANCH TRT CHIP 9.25Z PLT"
"39964","051933399648","images/39964_051933399648.jpg","Y","Unknown","J. Higgs","J. Higgs BITE SIZE ROUND TORTILLA"
"39962","051933399624","images/39962_051933399624.jpg","Y","Unknown","J. Higgs","J. Higgs NACHO CHEESE TORTILLA CHIPS"
"39963","051933399631","images/39963_051933399631.jpg","Y","Unknown","J. Higgs","J. Higgs RANCH TORTILLA CHIPS"
"39966","051933399662","images/39966_051933399662.jpg","Y","Unknown","Senora Verde","Senora Verde TORTILLA RESTAURANT STYLE"
"37304","051933373044","images/37304_051933373044.jpg","Y","Unknown","J. Higgs","J. Higgs CHEESE BALLS"
"34275","051933503250","images/34275_051933503250.jpg","Y","Unknown","J. Higgs","J. Higgs CHEESE CRUNCHY CURLS"
"37302","051933373020","images/37302_051933373020.jpg","Y","Unknown","J. Higgs","J. Higgs CHEESE PUFFS"
"92937","026200471587","images/92937_026200471587.jpg","Y","Unknown","","ANDY CAPP CHEDDAR FRIES"
"37308","051933373082","images/37308_051933373082.jpg","Y","Unknown","J. Higgs","J. Higgs PRETZEL MINI TWIST"
"36133","051933361331","images/36133_051933361331.jpg","Y","Unknown","J. Higgs","J. Higgs PRETZEL NUGGET PILLSBURY FILLED"
"37309","051933373099","images/37309_051933373099.jpg","Y","Unknown","J. Higgs","J. Higgs PRETZEL STICKS"
"20794","041419420058","images/20794_041419420058.jpg","Y","Unknown","","COMBOS CHEDDAR PRETZEL"
"20795","041419420065","images/20795_041419420065.jpg","Y","Unknown","","COMBOS PIZZA PRETZEL"
"78789","000085571211","images/78789_000085571211.jpg","Y","Unknown","","DOTS HNY MUSTARD PRETZEL"
"36136","051933361362","images/36136_051933361362.jpg","Y","Unknown","Nutsome","Nutsome ALMONDS NATURAL RAW"
"36137","051933361379","images/36137_051933361379.jpg","Y","Unknown","Nutsome","Nutsome ALMONDS ROASTED SALTED"
"26245","051933262454","images/26245_051933262454.jpg","Y","Unknown","Nutsome","Nutsome CASHEW HALVES/PIECES"
"37447","051933374478","images/37447_051933374478.jpg","Y","Unknown","Nutsome","Nutsome DELUXE MIXED NUTS"
"13612","051933136120","images/13612_051933136120.jpg","Y","Unknown","Nutsome","Nutsome DRY ROASTED PEANUTS"
"37446","051933374461","images/37446_051933374461.jpg","Y","Unknown","Nutsome","Nutsome DRY ROASTED UNSALTED PEANUT"
"25892","051933258921","images/25892_051933258921.jpg","Y","Unknown","Nutsome","Nutsome HONEY ROASTED PEANUTS"
"13590","051933135901","images/13590_051933135901.jpg","Y","Unknown","Nutsome","Nutsome MIXED NUTS"
"65744","051933657441","images/65744_051933657441.jpg","Y","Unknown","Nutsome","Nutsome PARTY PEANUTS"
"36142","051933361423","images/36142_051933361423.jpg","Y","Unknown","Nutsome","Nutsome PISTACHIOS IN SHELL"
"32417","051933324176","images/32417_051933324176.jpg","Y","Unknown","Nutsome","Nutsome PISTACHIOS NO SHELLS"
"37448","051933374485","images/37448_051933374485.jpg","Y","Unknown","Nutsome","Nutsome WHOLE SALTED CASHEWS"
"25775","075200007005","images/25775_075200007005.png","Y","Unknown","","MARGARET HOLMES GREEN BOILED PEANUTS CAN"
"63522","081864202205","images/63522_081864202205.jpg","Y","Unknown","","PEANUTS,ROASTED 24/16 OZ"
"63521","081864201208","images/63521_081864201208.jpg","Y","Unknown","","PEANUTS,SALTED 24/16 OZ"
"92301","029000075689","images/92301_029000075689.jpg","Y","Unknown","","PLANTERS CASHEWS SALTED TUBE"
"40867","029000075351","images/40867_029000075351.jpg","Y","Unknown","","PLANTERS SALTED PEANUTS"
"92302","029000027947","images/92302_029000027947.jpg","Y","Unknown","","PLANTERS SWT N SPICY PEANUTS"
"78768","000075351911","images/78768_000075351911.jpg","Y","Unknown","","STARSNCK CHILI LIME PEANUTS"
"78770","000075351911","images/78770_000075351911.jpg","Y","Unknown","","STARSNCK HNY RSTD PEANUTS"
"78771","000075351911","images/78771_000075351911.jpg","Y","Unknown","","STARSNCK SALTD PARTY PEANUTS"
"78769","000075351911","images/78769_000075351911.jpg","Y","Unknown","","STARSNCK TOFFEE PEANUTS"
"22355","026200461724","images/22355_026200461724.jpg","Y","Unknown","","DAVID SUNFLOWER SEEDS ORIG"
"36147","051933361478","images/36147_051933361478.jpg","Y","Unknown","Fairhill Farms","Fairhill Farms DRIED CRANBERRY STANDUP BAG"
"32408","051933324084","images/32408_051933324084.jpg","Y","Unknown","Fairhill Farms","Fairhill Farms DRIED MANGO SWEETENED"
"13042","051933130425","images/13042_051933130425.jpg","Y","Unknown","Fairhill Farms","Fairhill Farms PRUNES PITTED POUCH"
"13052","051933130524","images/13052_051933130524.jpg","Y","Unknown","Fairhill Farms","Fairhill Farms RAISINS SEEDLESS POUCH"
"32418","051933324183","images/32418_051933324183.jpg","Y","Unknown","Nutsome","Nutsome MOUNTAIN TRAIL MIX"
"32421","051933324213","images/32421_051933324213.jpg","Y","Unknown","Nutsome","Nutsome PEANUT BUTTER BLEND TRAILMIX"
"37426","051933374263","images/37426_051933374263.jpg","Y","Unknown","Nutsome","Nutsome ROASTED GOLD TRAIL MIX"
"32413","051933324138","images/32413_051933324138.jpg","Y","Unknown","Nutsome","Nutsome TEX MEX TRAIL MIX"
"36151","051933361515","images/36151_051933361515.jpg","Y","Unknown","Nutsome","Nutsome TRAIL MIX ALMND BERRY CASHEW"
"36152","051933361522","images/36152_051933361522.jpg","Y","Unknown","Nutsome","Nutsome TRAIL MIX OMEGA 3"
"93194","016000214972","images/93194_016000214972.jpg","Y","Unknown","","CHEX MIX TRADITIONAL"
"70231","000008402311","images/70231_000008402311.jpg","Y","Unknown","America's Choice","America's Choice AC BUTTER PUFFCORN"
"70232","000008402311","images/70232_000008402311.jpg","Y","Unknown","America's Choice","America's Choice AC CHEDDAR PUFFCORN"
"39933","051933399334","images/39933_051933399334.jpg","Y","Unknown","J. Higgs","J. Higgs BUTTER POPCORN"
"39932","051933399327","images/39932_051933399327.jpg","Y","Unknown","J. Higgs","J. Higgs BUTTER PUFFCORN"
"37317","051933373174","images/37317_051933373174.jpg","Y","Unknown","J. Higgs","J. Higgs CHEDDAR PUFF CORN"
"37314","051933373143","images/37314_051933373143.jpg","Y","Unknown","J. Higgs","J. Higgs WHITE CHEDDAR POPCORN"
"26435","064144102358","images/26435_064144102358.jpg","Y","Unknown","","CRUNCH N' MUNCH BTTRY TOFFEE"
"39928","051933399280","images/39928_051933399280.jpg","Y","Unknown","J. Higgs","J. Higgs POPCORN BUTTER 6PK"
"39929","051933399297","images/39929_051933399297.jpg","Y","Unknown","J. Higgs","J. Higgs POPCORN EXTRA BUTTER 6PK"
"39931","051933399310","images/39931_051933399310.jpg","Y","Unknown","J. Higgs","J. Higgs POPPING KERNEL POPCORN"
"35426","051933354265","images/35426_051933354265.jpg","Y","Unknown","Cody's","Cody's BEEF & CHEESE STICK"
"27447","017082000392","images/27447_017082000392.jpg","Y","Unknown","","JLNK BEEF CHEESE STICKS"
"18169","017082876317","images/18169_017082876317.jpg","Y","Unknown","","JLNK BEEF JERKY ORIGINAL"
"18172","017082882554","images/18172_017082882554.png","Y","Unknown","","JLNK BEEF JERKY PEPPERED"
"18173","017082876331","images/18173_017082876331.jpg","Y","Unknown","","JLNK BEEF JERKY SWEET HOT"
"18171","017082876355","images/18171_017082876355.jpg","Y","Unknown","","JLNK BEEF JERKY TERIYAKI"
"78717","017082015921","images/78717_017082015921.jpg","Y","Unknown","","JLNK CHICKEN WILD STK BITES"
"73749","073170127006","images/73749_073170127006.jpg","Y","Unknown","","OLD WISCONSIN TURKEY BITES"
"73631","073170555533","images/73631_073170555533.png","Y","Unknown","","OW YUMBO HNYBRN SGR TRKY STK"
"4002","026200392905","images/4002_026200392905.jpg","Y","Unknown","","PENROSE PCKLD SAUS BIG MAMA"
"46059","026200391908","images/46059_026200391908.jpg","Y","Unknown","","PENROSE TIJUANA MAMA PCKLD SAUS"
"92959","026200002330","images/92959_026200002330.jpg","Y","Unknown","","SLIM JIM BIG BOSS & CHEESE"
"16672","026200144412","images/16672_026200144412.jpg","Y","Unknown","","SLIM JIM GABLE MLD 14CT"
"14629","026200162362","images/14629_026200162362.jpg","Y","Unknown","","SLIM JIM GABLE ORIGINAL 14CT"
"59163","026200117508","images/59163_026200117508.jpg","Y","Unknown","","SLIM JIM GIANT MILD"
"46049","026200140605","images/46049_026200140605.jpg","Y","Unknown","","SLIM JIM ORG MONSTR STCK 18C"
"40837","026200117003","images/40837_026200117003.jpg","Y","Unknown","","SLIM JIM ORIGINAL STICK"
"92961","026200115900","images/92961_026200115900.jpg","Y","Unknown","","SLIM JIM ORIGINAL TWIN PACK"
"92978","026200144771","images/92978_026200144771.jpg","Y","Unknown","","SLIM JIM SAVAGE MEAT STICK"
"39934","051933399341","images/39934_051933399341.jpg","Y","Unknown","J. Higgs","J. Higgs PORK RINDS BBQ"
"37322","051933373228","images/37322_051933373228.jpg","Y","Unknown","J. Higgs","J. Higgs PORK RINDS ORIGINAL"
"39936","051933399365","images/39936_051933399365.jpg","Y","Unknown","J. Higgs","J. Higgs RED PEPPER CRACKLIN STRIPS"
"37323","051933373235","images/37323_051933373235.jpg","Y","Unknown","J. Higgs","J. Higgs CLASSIC MIX MULTIPACK"
"37327","051933373273","images/37327_051933373273.jpg","Y","Unknown","J. Higgs","J. Higgs POTATO CHIP MULTIPACK"
"34237","051933342378","images/34237_051933342378.jpg","Y","Unknown","J. Higgs","J. Higgs CHEESE DIP"
"34624","051933346246","images/34624_051933346246.jpg","Y","Unknown","Senora Verde","Senora Verde MEDIUM SALSA"
"34623","051933346239","images/34623_051933346239.jpg","Y","Unknown","Senora Verde","Senora Verde MILD SALSA"
"37213","051933372139","images/37213_051933372139.jpg","Y","Unknown","Senora Verde","Senora Verde QUESO BLANCO DIP"
"34236","051933342361","images/34236_051933342361.jpg","Y","Unknown","Senora Verde","Senora Verde QUESO DIP"
"37644","051933376441","images/37644_051933376441.jpg","Y","Unknown","Senora Verde","Senora Verde RESTAURANT STYLE SALSA"
"48258","051933139756","images/48258_051933139756.jpg","Y","Unknown","J. Higgs","J. Higgs ONION RINGS"
"11338","000075843811","images/11338_000075843811.jpg","Y","Unknown","","SBY YAESTA NANCE CHERRIES"
"34618","051933346185","images/34618_051933346185.jpg","Y","Unknown","Tio Santi","Tio Santi WHOLE JALAPENOS"
"36492","075669100118","images/36492_075669100118.png","Y","Unknown","","ALCAPARRADO IBERIA"
"60040","072878515276","images/60040_072878515276.jpg","Y","Unknown","","DONA MARIA NOPALITOS"
"52273","075669116126","images/52273_075669116126.jpg","Y","Unknown","","IBERIA RED PIMIENTOS TIN"
"2078","075669117529","images/2078_075669117529.jpg","Y","Unknown","","IBERIA TOMATO SAUCE"
"95010","071240012344","images/95010_071240012344.jpg","Y","Unknown","","JUANITAS HOMINY-MX STYLE"
"54172","076397004075","images/54172_076397004075.jpg","Y","Unknown","","LA COSTENA CHIPOTLES"
"52341","076397202181","images/52341_076397202181.jpg","Y","Unknown","","LA COSTENA PCKLD CARROTS"
"60350","076397003283","images/60350_076397003283.jpg","Y","Unknown","","LA COSTENA SEARRANO PEPPER"
"32790","076397002286","images/32790_076397002286.jpg","Y","Unknown","","LA COSTENA SLICED JALAPENO"
"60340","076397001289","images/60340_076397001289.jpg","Y","Unknown","","LA COSTENA WHOLE JALAPENO"
"38386","023545212479","images/38386_023545212479.png","Y","Unknown","","LA FE TOMATO PASTE"
"39238","023545201251","images/39238_023545201251.png","Y","Unknown","","LA FE WHOLE KERNEL CORN"
"57142","071524160075","images/57142_071524160075.jpg","Y","Unknown","","LA PREFERIDA DICED GREEN CHILIES"
"57148","071524166589","images/57148_071524166589.png","Y","Unknown","","LA PREFERIDA HT SLCED NACHO JALAP"
"57138","071524162536","images/57138_071524162536.jpg","Y","Unknown","","LA PREFERIDA JALAPENO NACHO SLCES"
"57146","071524160709","images/57146_071524160709.jpg","Y","Unknown","","LA PREFERIDA WHLE CHIPOTLE PEPPRS"
"78847","076397051475","images/78847_076397051475.jpg","Y","Unknown","","LACOST FIRE RSTD WHL TROEADO"
"28812","015171010239","images/28812_015171010239.jpg","Y","Unknown","","ALBERTO LONG GRAIN RICE"
"199","075669110834","images/199_075669110834.jpg","Y","Unknown","","IBERIA YELLOW RICE (JAR)"
"91683","023545700303","images/91683_023545700303.png","Y","Unknown","","LA FE JASMINE RICE"
"57132","071524000197","images/57132_071524000197.png","Y","Unknown","","LA PREFERIDA EX LONG GRAIN RICE"
"56167","071524104123","images/56167_071524104123.jpg","Y","Unknown","","LA PREFERIDA SPANISH RICE BX"
"57144","071524104055","images/57144_071524104055.jpg","Y","Unknown","","LA PREFERIDA SPANISH RICE CAN"
"2028","000074370911","images/2028_000074370911.png","Y","Unknown","","RICO RICE JASMINE 20LB BAG"
"56105","000074370911","images/56105_000074370911.png","Y","Unknown","","RICO RICE LONG GR 5LB BAG"
"41930","000074370911","images/41930_000074370911.png","Y","Unknown","","RICO RICE MED GRAIN 20LB BAG"
"56106","000074370911","images/56106_000074370911.webp","Y","Unknown","","RICO RICE MED GRAIN 5LB BAG"
"50222","000074370911","images/50222_000074370911.jpg","Y","Unknown","","RICO RICE PARBOILED 20LB BAG"
"56104","000074370911","images/56104_000074370911.png","Y","Unknown","","RICO RICE PARBOILED 5LB BAG"
"21266","071072019221","images/21266_071072019221.jpg","Y","Unknown","","VIGO CILANTRO LIME RICE DNNR"
"48231","071072013779","images/48231_071072013779.jpg","Y","Unknown","","VIGO YELLOW RICE"
"85722","023545203620","images/85722_023545203620.jpg","Y","Unknown","","LA FE ANGEL HAIR PASTA"
"39368","023545201923","images/39368_023545201923.png","Y","Unknown","","LA FE ELBOW PASTA"
"39824","023545203644","images/39824_023545203644.png","Y","Unknown","","LA FE FIDEOS PASTA"
"39829","023545201909","images/39829_023545201909.png","Y","Unknown","","LA FE SPAGHETTI"
"32442","044989205063","images/32442_044989205063.png","Y","Unknown","","LA MODERNA ALPHABET"
"50198","029243000103","images/50198_029243000103.jpg","Y","Unknown","","LA MODERNA ELBOWS"
"32432","029243000028","images/32432_029243000028.png","Y","Unknown","","LA MODERNA FIDEO"
"32462","029243000059","images/32462_029243000059.png","Y","Unknown","","LA MODERNA SPAGHETTI"
"15583","029243000011","images/15583_029243000011.png","Y","Unknown","","LA MODERNA VERMICELLI PASTA"
"28840","075669106950","images/28840_075669106950.jpg","Y","Unknown","","IBERIA BLACK BEAN BAGGED"
"36800","075669102280","images/36800_075669102280.png","Y","Unknown","","IBERIA BLACK BEANS"
"30930","075669102204","images/30930_075669102204.jpg","Y","Unknown","","IBERIA BLACK BEANS W/B"
"30920","075669101801","images/30920_075669101801.jpg","Y","Unknown","","IBERIA PINK BEANS W/B"
"36830","075669101986","images/36830_075669101986.jpg","Y","Unknown","","IBERIA PINTO BEANS"
"12099","075669100620","images/12099_075669100620.jpg","Y","Unknown","","IBERIA SEDA BEANS"
"19915","076397032504","images/19915_076397032504.jpg","Y","Unknown","","LA COSTENA REFRIED BLACK BNS"
"32810","076397031507","images/32810_076397031507.jpg","Y","Unknown","","LA COSTENA REFRIED PINTO BNS"
"13949","076397032009","images/13949_076397032009.jpg","Y","Unknown","","LA COSTENA WHOLE BLACK BEANS"
"13952","076397031002","images/13952_076397031002.jpg","Y","Unknown","","LA COSTENA WHOLE PINTO BEANS"
"34090","023545010952","images/34090_023545010952.png","Y","Unknown","","LA FE PIGEON PEAS GREEN"
"57143","071524102198","images/57143_071524102198.jpg","Y","Unknown","","LA PREFERIDA BEAN W/JALAPENO"
"57135","071524017676","images/57135_071524017676.png","Y","Unknown","","LA PREFERIDA BLACK BEANS"
"56168","071524100354","images/56168_071524100354.png","Y","Unknown","","LA PREFERIDA FF REFRIED BEANS"
"57131","071524020034","images/57131_071524020034.jpg","Y","Unknown","","LA PREFERIDA PINTO BEANS"
"57145","071524019960","images/57145_071524019960.jpg","Y","Unknown","","LA PREFERIDA PINTO BEANS"
"56165","071524102945","images/56165_071524102945.png","Y","Unknown","","LA PREFERIDA REFRD BEAN AUTHENTIC"
"57136","071524102617","images/57136_071524102617.jpg","Y","Unknown","","LA PREFERIDA REFRD BEAN AUTHENTIC"
"57141","071524102891","images/57141_071524102891.png","Y","Unknown","","LA PREFERIDA REFRD BEANS CHORIZO"
"34267","051933342675","images/34267_051933342675.jpg","Y","Unknown","Tio Santi","Tio Santi MAYONESA W/LIME"
"32220","094262413432","images/32220_094262413432.jpg","Y","Unknown","","BIJOL FLAVORING CONDIMENT"
"60000","072878505239","images/60000_072878505239.jpg","Y","Unknown","","DONA MARIA MOLE TRAD"
"57157","072360002086","images/57157_072360002086.jpg","Y","Unknown","","EL PATO ENCHILADA SAUCE"
"13134","055270839119","images/13134_055270839119.jpg","Y","Unknown","","GRACE HOT SAUCE PEPPER"
"13128","055270839515","images/13128_055270839515.jpg","Y","Unknown","","GRACE JERK BBQ SAUCE"
"13119","055270851333","images/13119_055270851333.jpg","Y","Unknown","","GRACE JERK SEASONING HOT"
"13118","055270851449","images/13118_055270851449.jpg","Y","Unknown","","GRACE JERK SEASONING MILD"
"2101","072878434836","images/2101_072878434836.jpg","Y","Unknown","","HERDEZ GUACAMOLE SALSA"
"12095","075669175024","images/12095_075669175024.jpg","Y","Unknown","","IBERIA GUAVA PASTE"
"52407","076397105604","images/52407_076397105604.jpg","Y","Unknown","","LA COSTENA HABNO SLICED PEPPER"
"38541","023545204382","images/38541_023545204382.jpg","Y","Unknown","","LA FE GUAVA PASTE"
"57134","071524302505","images/57134_071524302505.jpg","Y","Unknown","","LA PREFERIDA CHEDDAR CHEESE SAUCE"
"57133","071524154654","images/57133_071524154654.jpg","Y","Unknown","","LA PREFERIDA ENCHILDA SAUCE"
"57147","071524154753","images/57147_071524154753.jpg","Y","Unknown","","LA PREFERIDA GRN CH ENCHILADA SCE"
"56166","071524302550","images/56166_071524302550.jpg","Y","Unknown","","LA PREFERIDA NACHO CHEESE SAUCE"
"21500","052100371603","images/21500_052100371603.jpg","Y","Unknown","","MCC MAYONNAISE W/LIME"
"35830","079426211109","images/35830_079426211109.jpg","Y","Unknown","","RICOS NACHO CHEESE SAUCE"
"57153","077885882007","images/57153_077885882007.png","Y","Unknown","","TAPATIO HOT SAUCE"
"57154","097339000047","images/57154_097339000047.png","Y","Unknown","","VALENTINA BLACK HOT SAUCE"
"57155","097339000030","images/57155_097339000030.png","Y","Unknown","","VALENTINA HOT SAUCE PICANTE"
"85382","000087575411","images/85382_000087575411.jpg","Y","Unknown","","BAUDUCCO WAFER CHOCOLATE COOKIE"
"85391","000087575411","images/85391_000087575411.jpg","Y","Unknown","","BAUDUCCO WAFER STRAWBERRY"
"85392","000087575411","images/85392_000087575411.png","Y","Unknown","","BAUDUCCO WAFER VANILLA"
"92721","052738001538","images/92721_052738001538.jpg","Y","Unknown","","CUETARA ANIMAL CRACKERS"
"63144","000068055711","images/63144_000068055711.jpg","Y","Unknown","","CUETARA RECOCO COCONUT CKIES"
"32950","000068670111","images/32950_000068670111.jpg","Y","Unknown","","GAMESA ARCOIRIS MRSHMLW CKIE"
"12861","000000686711","images/12861_000000686711.jpg","Y","Unknown","","GAMESA BARRAS DE COCO"
"58957","000000686711","images/58957_000000686711.jpg","Y","Unknown","","GAMESA CHOCOLATINES COOKIES"
"13832","000000686711","images/13832_000000686711.jpg","Y","Unknown","","GAMESA EMPERADOR LIMON CKIE"
"64270","000000686811","images/64270_000000686811.jpg","Y","Unknown","","GAMESA MARIA ROLLS"
"41875","000000686711","images/41875_000000686711.jpg","Y","Unknown","","GAMESA MARIAS COOKIE BOX"
"3478","000000686711","images/3478_000000686711.jpg","Y","Unknown","","GAMESA RICANELAS"
"93193","000000686711","images/93193_000000686711.jpg","Y","Unknown","","GAMESA SALADITAS 42CT"
"62820","000000686711","images/62820_000000686711.jpg","Y","Unknown","","GAMESA SURTIDO RICO CKIE AST"
"91274","023545202869","images/91274_023545202869.png","Y","Unknown","","LA FE TROPICAL CRACKERS"
"54688","038629000910","images/54688_038629000910.jpg","Y","Unknown","","LA MODERNA ASSORTED COOKIE"
"2781","038629002938","images/2781_038629002938.png","Y","Unknown","","LA MODERNA COCONUT BARS"
"2776","038629100252","images/2776_038629100252.jpg","Y","Unknown","","LA MODERNA MARIANITAS PECAN"
"2779","038629001283","images/2779_038629001283.jpg","Y","Unknown","","LA MODERNA MARSHMALLOW CKIES"
"12109","021882002647","images/12109_021882002647.jpg","Y","Unknown","","LA UNICA REGULAR CRACKERS"
"70199","000074683411","images/70199_000074683411.jpg","Y","Unknown","","PRINCESA CRACKER CLUB BUTTER"
"70200","000074683411","images/70200_000074683411.jpg","Y","Unknown","","PRINCESA CRACKER CLUB WHOLE"
"70198","000074683411","images/70198_000074683411.jpg","Y","Unknown","","PRINCESA CRACKER TIPO CLUB"
"28825","072981001055","images/28825_072981001055.jpg","Y","Unknown","","ROVIRA EXPORT SODA CRACKERS"
"50275","050313151357","images/50275_050313151357.jpg","Y","Unknown","","CARMELA VIENNA SAUSAGE"
"13129","055270961254","images/13129_055270961254.jpg","Y","Unknown","","GRACE JACK MACKEREL TOMATO"
"198","075669112111","images/198_075669112111.jpg","Y","Unknown","","IBERIA CORNED BEEF"
"27203","075669109517","images/27203_075669109517.png","Y","Unknown","","IBERIA OCTOPUS IN OIL"
"57139","071524103393","images/57139_071524103393.jpg","Y","Unknown","","LA PREFERIDA BF PORK TAMALES"
"57152","074734088429","images/57152_074734088429.jpg","Y","Unknown","","SOL-MEX SARDINES TOMATO"
"57151","074734088504","images/57151_074734088504.jpg","Y","Unknown","","SOL-MEX SARDINES W/CHILI SCE"
"50278","070132002005","images/50278_070132002005.png","Y","Unknown","","JUANITA MENUDO"
"64390","048001715035","images/64390_048001715035.png","Y","Unknown","","KNORR CHICKEN BOULLION GLASS"
"17805","048001219892","images/17805_048001219892.jpg","Y","Unknown","","KNORR HISP CHKN BOUILLON CBE"
"36460","048001715059","images/36460_048001715059.png","Y","Unknown","","KNORR HISP MEX BF BOUILLON"
"36480","048001715042","images/36480_048001715042.png","Y","Unknown","","KNORR TOMATO BOUILLON GLASS"
"96902","000086000411","images/96902_000086000411.png","Y","Unknown","","SBY CIELO MENUDO RAMEN NOODL"
"37534","051933649392","images/37534_051933649392.jpg","Y","Unknown","La Tierra de Sabores","La Tierra de Sabores CORN MASA FLOUR"
"36871","051933368712","images/36871_051933368712.jpg","Y","Unknown","Medeiros","Medeiros CORN OIL"
"61970","012005000077","images/61970_012005000077.jpg","Y","Unknown","","1-2-3 COOKING OIL"
"21231","012005000589","images/21231_012005000589.jpg","Y","Unknown","","1-2-3 PURE CORN OIL"
"36930","071845098378","images/36930_071845098378.jpg","Y","Unknown","","COCO LOPEZ COCONUT MILK"
"50276","071845098309","images/50276_071845098309.jpg","Y","Unknown","","COCO LOPEZ CREAM OF COCONUT"
"12074","000087073911","images/12074_000087073911.png","Y","Unknown","","DONAREPA AREPA BLANCA"
"13149","055270953594","images/13149_055270953594.jpg","Y","Unknown","","GRACE CLASSIC COCONUT MILK"
"15966","075669121014","images/15966_075669121014.jpg","Y","Unknown","","IBERIA FINE YELLOW CORNMEAL"
"1008","000083870611","images/1008_000083870611.jpg","Y","Unknown","","IBERIA INCAUCA TRBNDO SUGAR"
"197","075669176076","images/197_075669176076.png","Y","Unknown","","IBERIA OLIVE OIL BLEND"
"12103","075669176632","images/12103_075669176632.jpg","Y","Unknown","","IBERIA SUNFLOWER & AVO OIL"
"36932","023545010136","images/36932_023545010136.jpg","Y","Unknown","","LA FE COCONUT MILK"
"10949","023545002971","images/10949_023545002971.jpg","Y","Unknown","","LA FE FELA  PANELA, 16 OZ"
"25036","037297914475","images/25036_037297914475.jpg","Y","Unknown","","MASECA CORN FLOUR 4LBS"
"91691","000007617211","images/91691_000007617211.jpg","Y","Unknown","","MAZOLA CORN OIL 96 OZ"
"32670","028000517809","images/32670_028000517809.png","Y","Unknown","","NESTLE LA LECHERA SCM"
"5832","028000571207","images/5832_028000571207.jpg","Y","Unknown","","NESTLE MEDIA CREMA"
"92165","030000573815","images/92165_030000573815.jpg","Y","Unknown","","PEARL MILLING CO SELFRISE WHITE CORNMEAL"
"60240","030000038888","images/60240_030000038888.jpg","Y","Unknown","","QUAKER HARINA PREPARADA"
"57044","033844004262","images/57044_033844004262.jpg","Y","Unknown","","SBY BADIA EV OLIVE OIL"
"57221","000006614411","images/57221_000006614411.jpg","Y","Unknown","","ZULKA PURE CANE SUGAR"
"37157","051933371576","images/37157_051933371576.jpg","Y","Unknown","La Tierra de Sabores","La Tierra de Sabores ADOBO W/ PEPPER"
"37158","051933371583","images/37158_051933371583.jpg","Y","Unknown","La Tierra de Sabores","La Tierra de Sabores ADOBO W/O PEPPER"
"34341","051933343412","images/34341_051933343412.jpg","Y","Unknown","La Tierra de Sabores","La Tierra de Sabores PERFECT SEASONING MIX"
"51719","033844001315","images/51719_033844001315.jpg","Y","Unknown","","BADIA ADOBO WITH PEPPER"
"51721","033844001322","images/51721_033844001322.jpg","Y","Unknown","","BADIA ADOBO WITHOUT PEPPER"
"15968","033844000158","images/15968_033844000158.jpg","Y","Unknown","","BADIA CINNAMON POWDER"
"15969","033844002060","images/15969_033844002060.jpg","Y","Unknown","","BADIA CINNAMON STICKS"
"15974","033844002183","images/15974_033844002183.jpg","Y","Unknown","","BADIA CLOVES WHOLE"
"51724","033844001070","images/51724_033844001070.jpg","Y","Unknown","","BADIA CRUSHED RED PEPPER"
"15976","033844000073","images/15976_033844000073.jpg","Y","Unknown","","BADIA CUMIN GROUND"
"15977","033844002008","images/15977_033844002008.jpg","Y","Unknown","","BADIA CURRY POWDER"
"28402","033844012007","images/28402_033844012007.jpg","Y","Unknown","","BADIA GARLIC POWDER"
"15978","033844002237","images/15978_033844002237.jpg","Y","Unknown","","BADIA GINGER GROUND"
"43660","026392057163","images/43660_026392057163.jpg","Y","Unknown","","BADIA GROUND BLACK PEPPER"
"31375","033844000028","images/31375_033844000028.jpg","Y","Unknown","","BADIA GROUND CUMIN"
"51772","033844001056","images/51772_033844001056.jpg","Y","Unknown","","BADIA ONION CHOPPED"
"31385","033844000035","images/31385_033844000035.jpg","Y","Unknown","","BADIA ONION POWDER"
"51771","033844005405","images/51771_033844005405.jpg","Y","Unknown","","BADIA OREGANO"
"15982","033844000110","images/15982_033844000110.jpg","Y","Unknown","","BADIA PAPRIKA"
"78819","033844005290","images/78819_033844005290.jpg","Y","Unknown","","BADIA PARSLEY FLAKES"
"15986","033844002244","images/15986_033844002244.jpg","Y","Unknown","","BADIA PEPPER GROUND CAYENNE"
"51727","033844003913","images/51727_033844003913.jpg","Y","Unknown","","BADIA ROASTED GARLIC"
"57041","033844001360","images/57041_033844001360.jpg","Y","Unknown","","BADIA SAZON W CORI & ANNATTO"
"57043","033844001384","images/57043_033844001384.jpg","Y","Unknown","","BADIA SAZON WITH SAFFRON"
"57042","033844001377","images/57042_033844001377.jpg","Y","Unknown","","BADIA SAZON WITHOUT ANNATTO"
"28404","033844012021","images/28404_033844012021.jpg","Y","Unknown","","BADIA SEASONED SALT"
"15967","033844002084","images/15967_033844002084.jpg","Y","Unknown","","BADIA WHOLE BAY LEAVES"
"78235","000007469411","images/78235_000007469411.jpg","Y","Unknown","","CONSTANZA AJO EN PASTE"
"78236","000007469411","images/78236_000007469411.jpg","Y","Unknown","","CONSTANZA OREGANO EN POLVO"
"78237","000007469411","images/78237_000007469411.jpg","Y","Unknown","","CONSTANZA SAZON LIQUIDO"
"12860","047800000779","images/12860_047800000779.png","Y","Unknown","","SA-SON CULANTRO 20 CT"
"2804","000063314811","images/2804_000063314811.png","Y","Unknown","","TAJIN FRUIT SEASONING"
"30565","033844006501","images/30565_033844006501.jpg","Y","Unknown","","BADIA MOJO MARINADE SAUCE"
"78238","000007469411","images/78238_000007469411.jpg","Y","Unknown","","CONSTANZA SALSA CHINA"
"56169","071524169832","images/56169_071524169832.jpg","Y","Unknown","","LA PREFERIDA TACO SEASONING"
"12119","000074622811","images/12119_000074622811.png","Y","Unknown","","QUAKER CINNAMON INSTANT OATS"
"78232","000074623811","images/78232_000074623811.jpg","Y","Unknown","","CANDADO JABON OCTAGONAL 5 PK"
"62659","035000530967","images/62659_035000530967.jpg","Y","Unknown","","FABULOSO LAVENDER CLEANER"
"19281","035000530585","images/19281_035000530585.jpg","Y","Unknown","","FABULOSO LAVENDER GALLON"
"19282","035000973542","images/19282_035000973542.jpg","Y","Unknown","","FABULOSO LEMON GALLON"
"32550","000012005411","images/32550_000012005411.jpg","Y","Unknown","","FOCA DETERGENT"
"70191","000063349311","images/70191_000063349311.png","Y","Unknown","","HISPANO JABON BARRA 2 PK"
"70192","000063349311","images/70192_000063349311.jpg","Y","Unknown","","HISPANO JABON BOLA 2 PK"
"38835","012005404639","images/38835_012005404639.jpg","Y","Unknown","","ROMA DETERGNT PHSPT FREE"
"25037","035000969682","images/25037_035000969682.jpg","Y","Unknown","","SUAVITEL CMP DRY SHEET FLWER"
"18758","000082785411","images/18758_000082785411.jpg","Y","Unknown","","SUAVITEL FIELD OF FLOWERS"
"18761","000082785411","images/18761_000082785411.png","Y","Unknown","","SUAVITEL LAVENDER"
"18759","000082785411","images/18759_000082785411.png","Y","Unknown","","SUAVITEL MORNING SUN"
"22299","020307585055","images/22299_020307585055.jpg","Y","Unknown","","CARISMA GUARDIAN ANGEL"
"57641","020307585727","images/57641_020307585727.jpg","Y","Unknown","","CARISMA SACRED HEART RED"
"57639","020307585215","images/57639_020307585215.jpg","Y","Unknown","","CARISMA SAN JUDAS WHITE"
"2057","000000643711","images/2057_000000643711.jpg","Y","Unknown","","CAST IRON FRY PAN 10IN"
"58964","094046000018","images/58964_094046000018.jpg","Y","Unknown","","IMUSA TORTILLA WARMER/KEEPER"
"78843","000074608311","images/78843_000074608311.jpg","Y","Unknown","","BAY RUM CONSTANZA"
"13774","090478231792","images/13774_090478231792.jpg","Y","Unknown","","JARRITOS 12CT PARTY PACK"
"32775","090478216218","images/32775_090478216218.png","Y","Unknown","","JARRITOS MANDARIN SODA 1.5L"
"32795","090478216270","images/32795_090478216270.png","Y","Unknown","","JARRITOS PINEAPPLE SODA 1.5L"
"38995","090478321103","images/38995_090478321103.jpg","Y","Unknown","","JARRITOS SNGRIA SENRIAL 1.5L"
"32772","090478216287","images/32772_090478216287.png","Y","Unknown","","JARRITOS STRAWBRY SODA 1.5L"
"86857","000007298611","images/86857_000007298611.jpg","Y","Unknown","","SIDRAL MUNDET"
"58431","090478410616","images/58431_090478410616.png","Y","Unknown","","JARRITOS MINERAGUA WTR 12.5Z"
"44536","090478216805","images/44536_090478216805.png","Y","Unknown","","JARRITOS SPRK MINERAGUA 1.5L"
"28403","033844012014","images/28403_033844012014.jpg","Y","Unknown","","BADIA COMPLETE SEASONING"
"2071","000088439411","images/2071_000088439411.jpg","Y","Unknown","","FARMER'S ALOE COCO"
"2068","000088439411","images/2068_000088439411.png","Y","Unknown","","FARMER'S ALOE MANGO"
"2069","000088439411","images/2069_000088439411.jpg","Y","Unknown","","FARMER'S ALOE PINEAPPLE"
"31070","016229901479","images/31070_016229901479.png","Y","Unknown","","FOCO COCONUT 80% JUICE 17.6Z"
"28638","055270832950","images/28638_055270832950.jpg","Y","Unknown","","GRACE T/RHYT ISLND MANGO"
"11257","090478500034","images/11257_090478500034.png","Y","Unknown","","JARRITOS ORIG CCNUT WTR 17.5"
"27020","076406021901","images/27020_076406021901.jpg","Y","Unknown","","JUMEX 100% PEACH NECTR 12 OZ"
"41845","076406061600","images/41845_076406061600.jpg","Y","Unknown","","JUMEX GUAVA NECTAR TETRA 1L"
"51789","076406021093","images/51789_076406021093.jpg","Y","Unknown","","JUMEX GUAVA/STRAW BAN FP"
"41835","076406061808","images/41835_076406061808.jpg","Y","Unknown","","JUMEX MANGO NECTAR TETRA 1L"
"60472","076406021802","images/60472_076406021802.png","Y","Unknown","","JUMEX MANGO NECTR DRNK 11.3Z"
"40651","076406051830","images/40651_076406051830.jpg","Y","Unknown","","JUMEX MANGO TETRA 3 PK"
"51788","076406021086","images/51788_076406021086.jpg","Y","Unknown","","JUMEX MANGO/PCH FRDG 12 PK"
"49969","076406051731","images/49969_076406051731.jpg","Y","Unknown","","JUMEX MINIBRCK APPL NCTR 3PK"
"14347","076406061907","images/14347_076406061907.jpg","Y","Unknown","","JUMEX PEACH NECTAR TETRA 1L"
"22575","076406063307","images/22575_076406063307.jpg","Y","Unknown","","JUMEX PINEAPL NECTR TETRA 1L"
"40653","076406053131","images/40653_076406053131.jpg","Y","Unknown","","JUMEX STRW BAN TETRA 3 PK"
"41855","076406063109","images/41855_076406063109.jpg","Y","Unknown","","JUMEX STRWBRY BANANA TETR 1L"
"22565","076406062300","images/22565_076406062300.jpg","Y","Unknown","","JUMEX STRWBRY NECTR TETRA 1L"
"60462","076406021604","images/60462_076406021604.png","Y","Unknown","","JUMEX-GUAVA"
"60402","076406023103","images/60402_076406023103.png","Y","Unknown","","JUMEX-STRWBRY/BANANA 11.3 OZ"
"54142","000075417811","images/54142_000075417811.jpg","Y","Unknown","","KLASS HORCHATA 9QT PWDR MIX"
"54139","000075417811","images/54139_000075417811.jpg","Y","Unknown","","KLASS MANGO 9QT"
"54148","000075417811","images/54148_000075417811.jpg","Y","Unknown","","KLASS MELON 9QT POWDERED MIX"
"54143","000075417811","images/54143_000075417811.jpg","Y","Unknown","","KLASS TAMARINDO 9QT PWDR MIX"
"16398","000067480611","images/16398_000067480611.jpg","Y","Unknown","","KUII NATA CCNUT DRINK ORIG"
"16399","000067480611","images/16399_000067480611.webp","Y","Unknown","","KUII NATA MANGO MILK DRINK"
"16401","000067480611","images/16401_000067480611.png","Y","Unknown","","KUII NATA STRWBRY MILK DRINK"
"39823","023545700594","images/39823_023545700594.png","Y","Unknown","","LA FE 100% COCONT WTR 1L TET"
"39826","023545701195","images/39826_023545701195.png","Y","Unknown","","LA FE GUAVA 18% JCE DRNK TET"
"78838","000007903311","images/78838_000007903311.jpg","Y","Unknown","","RICA CHOCO RICA 2% CHOC MILK"
"70213","000074601111","images/70213_000074601111.jpg","Y","Unknown","","RICA FRUIT PUNCH 1L TETRA"
"70217","000074601111","images/70217_000074601111.jpg","Y","Unknown","","RICA GUAVA NECTR DRNK 1L TET"
"78839","000007903311","images/78839_000007903311.jpg","Y","Unknown","","RICA LISTAMILK WHOLE MLK TET"
"70214","000074601111","images/70214_000074601111.jpg","Y","Unknown","","RICA MANGO NECTAR 1L TETRA"
"86815","000075417811","images/86815_000075417811.png","Y","Unknown","","SBY KLASS LIME I-TEA PWD MIX"
"70196","000083138411","images/70196_000083138411.jpg","Y","Unknown","","TAINO MABI CACHEO SPRKLG BEV"
"70197","000083138411","images/70197_000083138411.jpg","Y","Unknown","","TAINO MABI SEYBANO SPRKL BEV"
"64460","028000157852","images/64460_028000157852.png","Y","Unknown","","ABUELITA CHOCOLATE 6 TAB"
"93028","033844007027","images/93028_033844007027.jpg","Y","Unknown","","BADIA COMPLETE SEASONING"
"38095","074471000500","images/38095_074471000500.png","Y","Unknown","","CAFE BUSTELO COFFEE CAN"
"33410","070594100257","images/33410_070594100257.jpg","Y","Unknown","","CAFE CARIBE ESPRESSO COFFEE"
"33060","074471101016","images/33060_074471101016.jpg","Y","Unknown","","COFFEE ESPRESSO PILON"
"58408","028000393311","images/58408_028000393311.jpg","Y","Unknown","","NESCAFE CLASICO 15% EXTRA"
"5833","028000361204","images/5833_028000361204.png","Y","Unknown","","NESQUIK CHOCOLAT INSTNT PWDR"
"5834","028000361303","images/5834_028000361303.png","Y","Unknown","","NESQUIK STRAWBRY INSTNT PWDR"
"48302","028000823177","images/48302_028000823177.png","Y","Unknown","","NESTLE NIDO FCM MILK POWDER"
"52267","028000133177","images/52267_028000133177.png","Y","Unknown","","NESTLE NIDO KINDER + 1"
"91276","036462000371","images/91276_036462000371.jpg","Y","Unknown","","YAUCONO COFFEE"
"33658","051933336582","images/33658_051933336582.jpg","Y","Unknown","La Tierra de Sabores","La Tierra de Sabores PLANTAIN STRIPS SHP"
"37624","051933376243","images/37624_051933376243.jpg","Y","Unknown","Tio Santi","Tio Santi TORTILLA STRIPS"
"20900","072878810982","images/20900_072878810982.jpg","Y","Unknown","","HERDEZ ROJA TAQUERIA"
"34160","072878275552","images/34160_072878275552.jpg","Y","Unknown","","HERDEZ SALSA MED"
"58049","072878275705","images/58049_072878275705.jpg","Y","Unknown","","HERDEZ SALSA VERDE"
"48266","072878275514","images/48266_072878275514.jpg","Y","Unknown","","HERDEZ SALSAS CASERA MILD"
"20901","072878811002","images/20901_072878811002.jpg","Y","Unknown","","HERDEZ VERDE TAQUERIA"
"84484","023545212349","images/84484_023545212349.png","Y","Unknown","","LA FE PLANTAIN CHIP GRLC"
"84485","023545212301","images/84485_023545212301.jpg","Y","Unknown","","LA FE PLANTAIN CHIP SALT"
"12128","098493131509","images/12128_098493131509.jpg","Y","Unknown","","SOLDANZA BANANA CHIPS"
"92171","000075752811","images/92171_000075752811.png","Y","Unknown","","TAKIS DRAGON SWEET CHILI"
"31345","072995020080","images/31345_072995020080.png","Y","Unknown","","TROPICAL CHIPS PLANTAIN"
"37126","051933371262","images/37126_051933371262.jpg","Y","Unknown","La Tierra de Sabores","La Tierra de Sabores CORN TORTILLAS 30CT"
"34614","051933346147","images/34614_051933346147.jpg","Y","Unknown","La Tierra de Sabores","La Tierra de Sabores CORN TOSTADAS"
"34316","051933343160","images/34316_051933343160.jpg","Y","Unknown","La Tierra de Sabores","La Tierra de Sabores FLOUR TORTILLA 10IN 8CT"
"34315","051933343153","images/34315_051933343153.jpg","Y","Unknown","La Tierra de Sabores","La Tierra de Sabores FLOUR TORTILLA 8IN 10CT"
"34413","051933344136","images/34413_051933344136.jpg","Y","Unknown","La Tierra de Sabores","La Tierra de Sabores FLOUR TORTILLAS 6IN 20CT"
"78845","000074647911","images/78845_000074647911.jpg","Y","Unknown","","BUREN CASABE 4 CT"
"16314","000075670211","images/16314_000075670211.jpg","Y","Unknown","","CHARRAS TOSTADAS NAT YELLOW"
"38015","027331000608","images/38015_027331000608.jpg","Y","Unknown","","CORN TORT 6"" LA BAND 30 CT"
"84983","027331101114","images/84983_027331101114.png","Y","Unknown","","LA BAND 10 IN GRANDE TORTLLA"
"38045","027331000325","images/38045_027331000325.png","Y","Unknown","","LA BANDERITA 6"" FLR TRT 20CT"
"38025","027331000332","images/38025_027331000332.jpg","Y","Unknown","","LA BANDERITA 8"" FLOUR TORT"
"16289","027331000615","images/16289_027331000615.jpg","Y","Unknown","","LA BANDERITA YLLW TORT 30CT"
"28626","023545202296","images/28626_023545202296.png","Y","Unknown","","LA FE CASABE SMALL"
"42494","044774115065","images/42494_044774115065.jpg","Y","Unknown","","SBY MAIZADA TOSTADA RTD PLT"
"31604","051933316041","images/31604_051933316041.jpg","Y","Unknown","AllSoft","AllSoft ALLSOFT ULTRA SOFT MEGA ROLL"
"15514","051933155145","images/15514_051933155145.jpg","Y","Unknown","AllSoft","AllSoft BATH TISSUE 12 ROLL"
"16035","051933160354","images/16035_051933160354.jpg","Y","Unknown","AllSoft","AllSoft BATH TISSUE 4PK"
"16036","051933160361","images/16036_051933160361.jpg","Y","Unknown","AllSoft","AllSoft BATH TISSUE DBL ROLL"
"15513","051933155138","images/15513_051933155138.jpg","Y","Unknown","AllSoft","AllSoft BATH TISSUE DBL ROLL 32PK"
"16034","051933160347","images/16034_051933160347.jpg","Y","Unknown","AllSoft","AllSoft BATH TISSUE SINGLE ROLL"
"31605","051933316058","images/31605_051933316058.jpg","Y","Unknown","AllSoft","AllSoft ULTRA STRONG 6 MEGA ROLL"
"31617","051933316171","images/31617_051933316171.jpg","Y","Unknown","Save Today","Save Today BATH TISSUE 4 PACK"
"39457","030400793912","images/39457_030400793912.jpg","Y","Unknown","","ANGEL SOFT BT 4 MEGA ROLLS"
"89663","030400794988","images/89663_030400794988.jpg","Y","Unknown","","ANGEL SOFT BT 8 MEGA ROLL"
"45216","054000101830","images/45216_054000101830.jpg","Y","Unknown","","SCOTT BATH TISSUE 4PK"
"17526","054000476181","images/17526_054000476181.jpg","Y","Unknown","","SCOTT COMFORT PLUS 12TR"
"90975","054000506178","images/90975_054000506178.jpg","Y","Unknown","","SCOTT COMFORTPLUS TP 4PK"
"18093","054000100604","images/18093_054000100604.jpg","Y","Unknown","","SCOTT TOILET PAPER 12PK"
"31618","051933316188","images/31618_051933316188.jpg","Y","Unknown","Save Today","Save Today PAPER TOWEL SINGLE ROLL"
"16037","051933160378","images/16037_051933160378.jpg","Y","Unknown","Triumph","Triumph PAPER TOWEL 6 GIANT ROLL"
"31606","051933316065","images/31606_051933316065.jpg","Y","Unknown","Triumph","Triumph TOWEL 2 PACK"
"32469","051933324695","images/32469_051933324695.jpg","Y","Unknown","Triumph","Triumph TRIUMPH TOWEL 3 DBL ROLL"
"31607","051933316072","images/31607_051933316072.jpg","Y","Unknown","Triumph","Triumph ULTRA6 DOUBLE ROLL"
"39458","030400222726","images/39458_030400222726.jpg","Y","Unknown","","SPARKLE 2 DBL ROLL W TAS"
"33341","030400222382","images/33341_030400222382.jpg","Y","Unknown","","SPARKLE TOWELS 6 DOUBLE ROLL"
"35928","051933359284","images/35928_051933359284.jpg","Y","Unknown","Triumph","Triumph 1 PLY NAPKINS"
"31597","051933315976","images/31597_051933315976.jpg","Y","Unknown","Triumph","Triumph NAPKINS 500 CT"
"37156","051933371569","images/37156_051933371569.jpg","Y","Unknown","AllSoft","AllSoft ALLSOFT FACIAL TISS REG CUBE"
"33608","051933363793","images/33608_051933363793.jpg","Y","Unknown","AllSoft","AllSoft ALLSOFT FACIAL TISSUE FLAT"
"31598","051933315983","images/31598_051933315983.jpg","Y","Unknown","AllSoft","AllSoft FACIAL TISSUE CUBE"
"30389","051933303898","images/30389_051933303898.jpg","Y","Unknown","Save Today","Save Today KITCHEN TRASH BAG DS 10 CT"
"30591","051933305915","images/30591_051933305915.jpg","Y","Unknown","Save Today","Save Today TRASH BAG W/TWIST TIES  8 CT"
"37088","051933370883","images/37088_051933370883.jpg","Y","Unknown","Triumph","Triumph 13 GAL LAVNDR SCNT FLX BAGS"
"37089","051933370890","images/37089_051933370890.jpg","Y","Unknown","Triumph","Triumph CITRUS SCNT FLX BAGS 13 GAL"
"47161","051933471610","images/47161_051933471610.jpg","Y","Unknown","Triumph","Triumph LARGE TRASH 30GAL DRAWSTRING"
"47163","051933471634","images/47163_051933471634.jpg","Y","Unknown","Triumph","Triumph LARGE TRASH BAG 30GAL TIE"
"37092","051933370920","images/37092_051933370920.jpg","Y","Unknown","Triumph","Triumph UNSCNTD FLX TRSH BAGS 13 GAL"
"31655","051933316553","images/31655_051933316553.jpg","Y","Unknown","Save A Lot - Bags","Save A Lot - Bags THERMAL COOLER TOTE BAG"
"36518","051933468429","images/36518_051933468429.jpg","Y","Unknown","Triumph","Triumph ALUMINUM FOIL 75 SQ FT"
"47167","051933471672","images/47167_051933471672.jpg","Y","Unknown","Triumph","Triumph FREEZER BAG GAL ZIP"
"47168","051933471689","images/47168_051933471689.jpg","Y","Unknown","Triumph","Triumph FREEZER BAG QRT ZIP"
"36516","051933121522","images/36516_051933121522.jpg","Y","Unknown","Triumph","Triumph HEAVY DUTY FOIL"
"31348","051933313484","images/31348_051933313484.jpg","Y","Unknown","Triumph","Triumph PARCHMENT PAPER"
"25970","051933259706","images/25970_051933259706.jpg","Y","Unknown","Triumph","Triumph PLASTIC WRAP 12"""
"47157","051933471573","images/47157_051933471573.jpg","Y","Unknown","Triumph","Triumph SANDWICH BAG ZIP 100 CT"
"36515","051933315952","images/36515_051933315952.jpg","Y","Unknown","Triumph","Triumph STANDARD FOIL"
"47169","051933471696","images/47169_051933471696.jpg","Y","Unknown","Triumph","Triumph STORAGE BAG GAL ZIP"
"47158","051933471580","images/47158_051933471580.jpg","Y","Unknown","Triumph","Triumph STORAGE BAG GALLON SLIDER"
"47171","051933471719","images/47171_051933471719.jpg","Y","Unknown","Triumph","Triumph STORAGE BAG QRT ZIP"
"46814","051933468146","images/46814_051933468146.jpg","Y","Unknown","Triumph","Triumph STORAGE BAG QUART SLDR"
"34583","","images/34583_NOUPC.jpg","Y","Unknown","Triumph","Triumph TRIUMPH PLASTIC WRAP 12X200"
"34113","","images/34113_NOUPC.jpg","Y","Unknown","Triumph","Triumph TRIUMPH SNACK BAG ZIP 40CT"
"39947","051933399471","images/39947_051933399471.jpg","Y","Unknown","Triumph","Triumph WAX PAPER 75 SQ FT"
"37068","051933370685","images/37068_051933370685.jpg","Y","Unknown","Triumph","Triumph COATED PAPER PLATES 70CT"
"31593","051933315938","images/31593_051933315938.jpg","Y","Unknown","Triumph","Triumph CRYSTAL CLEAR CUPS 2 Z 40CT"
"31594","051933315945","images/31594_051933315945.jpg","Y","Unknown","Triumph","Triumph CRYSTAL CUTLERY ASST 192 CT"
"47112","051933471122","images/47112_051933471122.jpg","Y","Unknown","Triumph","Triumph CUTLERY ASSORTED CLEAR"
"46832","051933468320","images/46832_051933468320.jpg","Y","Unknown","Triumph","Triumph CUTLERY FORKS CLEAR"
"46833","051933468337","images/46833_051933468337.jpg","Y","Unknown","Triumph","Triumph CUTLERY SPOONS CLEAR"
"32071","051933320710","images/32071_051933320710.jpg","Y","Unknown","Triumph","Triumph DESIGNER PLATE 85 CT"
"14730","051933147300","images/14730_051933147300.jpg","Y","Unknown","Triumph","Triumph FOAM 8 7/8 IN PLATE"
"33515","051933335158","images/33515_051933335158.jpg","Y","Unknown","Triumph","Triumph FOAM BOWLS WHITE 12 OZ"
"37061","051933370616","images/37061_051933370616.jpg","Y","Unknown","Triumph","Triumph FOAM CUPS 20CT"
"37059","051933370593","images/37059_051933370593.jpg","Y","Unknown","Triumph","Triumph FOAM CUPS 50CT"
"37069","051933370692","images/37069_051933370692.jpg","Y","Unknown","Triumph","Triumph PAPER BOWLS 24CT"
"37058","051933370586","images/37058_051933370586.jpg","Y","Unknown","Triumph","Triumph RED PLASTIC CUPS 50CT"
"37067","051933370678","images/37067_051933370678.jpg","Y","Unknown","Triumph","Triumph ULTRA PAPER PLATES 40CT"
"31402","051933355170","images/31402_051933355170.jpg","Y","Unknown","Triumph","Triumph FOOD STORAGE ENTREE 5 CT"
"31596","051933315969","images/31596_051933315969.jpg","Y","Unknown","Triumph","Triumph FOOD STORAGE VAR PK 20 CT"
"35513","051933355132","images/35513_051933355132.jpg","Y","Unknown","Triumph","Triumph WRGHTWARE DP DISH W/LID 3SET"
"31358","051933355149","images/31358_051933355149.jpg","Y","Unknown","","FD STRG MED W/LID 32 OZ 4CT"
"33776","","images/33776_NOUPC.jpg","Y","Unknown","McDaniel's","McDaniel's BASKET COFFEE FILTER"
"26180","071287452011","images/26180_071287452011.jpg","Y","Unknown","McDaniel's","McDaniel's COFFEE FILTERS"
"34419","051933144644","images/34419_051933144644.jpg","Y","Unknown","World's Fair","World's Fair CAKE CONE 24CT"
"14404","051933144040","images/14404_051933144040.jpg","Y","Unknown","World's Fair","World's Fair SUGAR CONE 12CT"
"14464","","images/14464_NOUPC.jpg","Y","Unknown","World's Fair","World's Fair WORLD'S FAIR CAKE CONE 24CT"
"35995","051933359956","images/35995_051933359956.jpg","Y","Unknown","World's Fair","World's Fair MARASCHINO CHERRIES"
"82845","034000008452","images/82845_034000008452.jpg","Y","Unknown","","HRSHY CARAMEL TOPPING JAR"
"50080","034000312146","images/50080_034000312146.jpg","Y","Unknown","","HRSHY CHOC SYRUP BOTTLE"
"93155","034000008360","images/93155_034000008360.jpg","Y","Unknown","","HRSHY HT FUDGE TPPNG JAR"
"54837","000066507311","images/54837_000066507311.jpg","Y","Unknown","","CHIQUITA MADUROS 2 LBS"
"54838","000066507311","images/54838_000066507311.jpg","Y","Unknown","","CHIQUITA TOSTONES 2 LBS"
"57233","000066507311","images/57233_000066507311.png","Y","Unknown","","CHIQUITA YUCA"
"34895","023545101650","images/34895_023545101650.png","Y","Unknown","","LA FE MADUROS/RIPE PLNTN"
"41535","023545102718","images/41535_023545102718.png","Y","Unknown","","LA FE PASTRY DOUGH"
"38547","023545101643","images/38547_023545101643.png","Y","Unknown","","LA FE TOSTONES"
"35015","023545002834","images/35015_023545002834.png","Y","Unknown","","LA FE YUCA"
"57245","000085663911","images/57245_000085663911.jpg","Y","Unknown","","LA REYNA SOFRITO"
"2128","036078051057","images/2128_036078051057.jpg","Y","Unknown","","CFD JAMAICAN BEEFY CHS PATTY"
"2127","036078051019","images/2127_036078051019.jpg","Y","Unknown","","CFD JAMAICAN SPCY BEEF PATTY"
"57257","089392121128","images/57257_089392121128.jpg","Y","Unknown","","TITAN BEEF EMPANADILLA 12CT"
"57258","089392121135","images/57258_089392121135.jpg","Y","Unknown","","TITAN CHCKN EMPANADILLA 12CT"
"57259","089392121012","images/57259_089392121012.jpg","Y","Unknown","","TITAN PIZZA EMPANADILLA 12CT"
"59026","000016587411","images/59026_000016587411.jpg","Y","Unknown","","CUBAN BREAD"
"59024","000016587411","images/59024_000016587411.jpg","Y","Unknown","","PAN SOBAO 2 PK"
"37559","051933375598","images/37559_051933375598.jpg","Y","Unknown","Countryside Station","Countryside Station CS CRINKLE CUT FRIES LG"
"20340","055440000714","images/20340_055440000714.jpg","Y","Unknown","Countryside Station","Countryside Station CS CRINKLE CUT FRIES SM"
"35219","051933501553","images/35219_051933501553.jpg","Y","Unknown","Countryside Station","Countryside Station CS DICED HASHBROWNS"
"21631","051933501584","images/21631_051933501584.jpg","Y","Unknown","Countryside Station","Countryside Station CS HASHBROWN PATTIES"
"20450","000007554411","images/20450_000007554411.jpg","Y","Unknown","Countryside Station","Countryside Station CS POTATO PUFFS"
"37566","051933375666","images/37566_051933375666.jpg","Y","Unknown","Countryside Station","Countryside Station CS SEASONED CRISPY FRIES"
"40845","051933501621","images/40845_051933501621.jpg","Y","Unknown","Countryside Station","Countryside Station CS SEASONED WEDGES"
"36878","051933368781","images/36878_051933368781.jpg","Y","Unknown","Countryside Station","Countryside Station CS SHREDDED HASHBROWNS"
"39977","051933399778","images/39977_051933399778.jpg","Y","Unknown","Countryside Station","Countryside Station CS STEAK CUTS FRIES"
"39978","051933399785","images/39978_051933399785.jpg","Y","Unknown","Countryside Station","Countryside Station CS THIN CUT FRIES"
"19897","000083418311","images/19897_000083418311.jpg","Y","Unknown","","ALEXIA SWT POTATO FRIES"
"44842","043301370007","images/44842_043301370007.jpg","Y","Unknown","","ARBY'S CURLY FRIES"
"5974","043301305818","images/5974_043301305818.png","Y","Unknown","","CHECKERS SEASONED FRIES"
"70220","043301000171","images/70220_043301000171.jpg","Y","Unknown","","GII HAS BROWN PATTIES"
"59826","043301305771","images/59826_043301305771.jpg","Y","Unknown","","NATHANS FMS ONION RINGS"
"36756","051933367562","images/36756_051933367562.jpg","Y","Unknown","Fairhill Farms","Fairhill Farms FHF BROCCOLI CUTS LG"
"36752","051933367524","images/36752_051933367524.jpg","Y","Unknown","Fairhill Farms","Fairhill Farms FHF BROCCOLI CUTS SM"
"19220","051933501942","images/19220_051933501942.jpg","Y","Unknown","Fairhill Farms","Fairhill Farms FHF BROCCOLI FLORETS"
"37549","051933375499","images/37549_051933375499.jpg","Y","Unknown","Fairhill Farms","Fairhill Farms FHF BROCCOLI MEDLEY"
"34021","051933340213","images/34021_051933340213.jpg","Y","Unknown","Fairhill Farms","Fairhill Farms FHF BROCCOLI W/CHEESE"
"37661","051933376618","images/37661_051933376618.jpg","Y","Unknown","Fairhill Farms","Fairhill Farms FHF BRUSSEL SPROUTS"
"34006","051933340060","images/34006_051933340060.jpg","Y","Unknown","Fairhill Farms","Fairhill Farms FHF CALIF BLEND W/CHEESE"
"36888","051933368880","images/36888_051933368880.jpg","Y","Unknown","Fairhill Farms","Fairhill Farms FHF CALIFORNIA MEDLEY"
"31538","051933315389","images/31538_051933315389.jpg","Y","Unknown","Fairhill Farms","Fairhill Farms FHF CAULIFLOWER"
"37544","051933375444","images/37544_051933375444.jpg","Y","Unknown","Fairhill Farms","Fairhill Farms FHF CHOPPED SPINACH"
"31546","051933315464","images/31546_051933315464.jpg","Y","Unknown","Fairhill Farms","Fairhill Farms FHF CORN COBETTES"
"37229","051933367715","images/37229_051933367715.jpg","Y","Unknown","Fairhill Farms","Fairhill Farms FHF CORN LG"
"37231","051933367760","images/37231_051933367760.jpg","Y","Unknown","Fairhill Farms","Fairhill Farms FHF CORN SM"
"37545","051933375451","images/37545_051933375451.jpg","Y","Unknown","Fairhill Farms","Fairhill Farms FHF CUT GREEN BEANS"
"21140","075725215206","images/21140_075725215206.jpg","Y","Unknown","Fairhill Farms","Fairhill Farms FHF CUT OKRA"
"36879","051933368798","images/36879_051933368798.jpg","Y","Unknown","Fairhill Farms","Fairhill Farms FHF GREEN PEAS"
"37548","051933375482","images/37548_051933375482.jpg","Y","Unknown","Fairhill Farms","Fairhill Farms FHF MIXED VEGETABELS LG"
"37547","051933375475","images/37547_051933375475.jpg","Y","Unknown","Fairhill Farms","Fairhill Farms FHF MIXED VEGETABLES SM"
"31537","051933315372","images/31537_051933315372.jpg","Y","Unknown","Fairhill Farms","Fairhill Farms FHF PEAS & CARROTS"
"37662","051933376625","images/37662_051933376625.jpg","Y","Unknown","Fairhill Farms","Fairhill Farms FHF PEPPERS & ONIONS"
"93013","014500002563","images/93013_014500002563.jpg","Y","Unknown","","BIRDSEYE BABY BROCCOLI FLORETS"
"84307","014500013514","images/84307_014500013514.jpg","Y","Unknown","","BIRDSEYE STMFRSH ASPARAGUS"
"37553","051933375536","images/37553_051933375536.jpg","Y","Unknown","Fairhill Farms","Fairhill Farms FHF BLUEBERRIES"
"37552","051933375529","images/37552_051933375529.jpg","Y","Unknown","Fairhill Farms","Fairhill Farms FHF MANGO CHUNKS"
"37554","051933375543","images/37554_051933375543.jpg","Y","Unknown","Fairhill Farms","Fairhill Farms FHF MIXED BERRIES"
"37551","051933375512","images/37551_051933375512.jpg","Y","Unknown","Fairhill Farms","Fairhill Farms FHF WHOLE STRAWBERRIES"
"33344","051933333444","images/33344_051933333444.jpg","Y","Unknown","Mantia's","Mantia's MANTIA ORG CHEESE PIZZA"
"33336","051933333369","images/33336_051933333369.jpg","Y","Unknown","Mantia's","Mantia's MANTIA ORG PEPPERONI PIZZA"
"33346","051933333468","images/33346_051933333468.jpg","Y","Unknown","Mantia's","Mantia's MANTIA ORG SAUS & PEPP PIZZA"
"33343","051933333437","images/33343_051933333437.jpg","Y","Unknown","Mantia's","Mantia's MANTIA ORG SUPREME PIZZA"
"32953","051933329546","images/32953_051933329546.jpg","Y","Unknown","Mantia's","Mantia's MANTIAS PRSNL PIZZA COMBO"
"32954","051933329515","images/32954_051933329515.jpg","Y","Unknown","Mantia's","Mantia's MANTIAS PRSNL PIZZA PEPP"
"32951","051933329539","images/32951_051933329539.jpg","Y","Unknown","Mantia's","Mantia's MANTIAS PRSNL PZZA SUPREME"
"33347","051933333475","images/33347_051933333475.jpg","Y","Unknown","Mantia's","Mantia's RISING CRUST PEPP PIZZA"
"33348","051933333482","images/33348_051933333482.jpg","Y","Unknown","Mantia's","Mantia's RISING CRUST SUPREME PIZZA"
"33351","051933333512","images/33351_051933333512.jpg","Y","Unknown","Mantia's","Mantia's STUFFED CRUST 3 MEAT PIZZA"
"33349","051933333499","images/33349_051933333499.jpg","Y","Unknown","Mantia's","Mantia's STUFFED CRUST PEPPERONI PZZA"
"93218","071921823795","images/93218_071921823795.jpg","Y","Unknown","","DG RISING CRUST PEPP PIZZA"
"443","072180634290","images/443_072180634290.jpg","Y","Unknown","","RED BARON CLASSIC 4 CHEESE"
"58905","072180634818","images/58905_072180634818.jpg","Y","Unknown","","RED BARON CLASSIC 4 MEAT"
"59746","072180634719","images/59746_072180634719.jpg","Y","Unknown","","RED BARON CLASSIC SUPREME"
"58358","042800116000","images/58358_042800116000.jpg","Y","Unknown","","TOTINO'S PARTY PIZZA COMBO"
"58359","042800114006","images/58359_042800114006.jpg","Y","Unknown","","TOTINO'S PARTY PZA PEPPERONI"
"59830","042800107008","images/59830_042800107008.jpg","Y","Unknown","","TOTINOS PARTY PIZZA SUPREME"
"31006","051933310063","images/31006_051933310063.jpg","Y","Unknown","Easton's","Easton's EASTON COMBO PIZZA SNCK 40CT"
"31004","051933310049","images/31004_051933310049.jpg","Y","Unknown","Easton's","Easton's EASTON COMBO PIZZA SNCK 90CT"
"37646","051933376465","images/37646_051933376465.jpg","Y","Unknown","Easton's","Easton's EASTON JALAP W/ CRM CHS"
"36799","051933367999","images/36799_051933367999.jpg","Y","Unknown","Easton's","Easton's EASTON MINI PZA BGL PEP 36CT"
"37645","051933376458","images/37645_051933376458.jpg","Y","Unknown","Easton's","Easton's EASTON MOZZ CHS STICKS"
"31005","051933310056","images/31005_051933310056.jpg","Y","Unknown","Easton's","Easton's EASTON PEPP PIZZA SNACK 40CT"
"31003","051933310032","images/31003_051933310032.jpg","Y","Unknown","Easton's","Easton's EASTON PEPP PIZZA SNACK 90CT"
"36762","051933367623","images/36762_051933367623.jpg","Y","Unknown","Easton's","Easton's EASTON SOFT PRETZEL 6CT"
"34299","051933342996","images/34299_051933342996.jpg","Y","Unknown","Easton's","Easton's EASTONS CORN DOGS 6 CT"
"34337","","images/34337_NOUPC.jpg","Y","Unknown","Easton's","Easton's EASTONS MINI CORN DOGS 40 CT"
"66725","051933667259","images/66725_051933667259.jpg","Y","Unknown","Jade Dragon","Jade Dragon JADE DRAGON CHKN EGG ROLLS"
"36880","051933368804","images/36880_051933368804.jpg","Y","Unknown","Jade Dragon","Jade Dragon JADE DRAGON PORK EGG ROLLS"
"39973","051933399730","images/39973_051933399730.jpg","Y","Unknown","Mantia's","Mantia's HOMESTYLE MEATBALLS"
"39974","051933399747","images/39974_051933399747.jpg","Y","Unknown","Mantia's","Mantia's ITALIAN MEATBALLS"
"31055","051933310551","images/31055_051933310551.jpg","Y","Unknown","Morning Delight","Morning Delight MD PANCAKE & SAUS BITES 30CT"
"74865","051933748651","images/74865_051933748651.jpg","Y","Unknown","Morning Delight","Morning Delight MORNING DEL PNCKE & SAUS STK"
"25014","015900063963","images/25014_015900063963.jpg","Y","Unknown","","BAR-S CLASSIC CORN DOGS"
"22674","000080717711","images/22674_000080717711.png","Y","Unknown","","BIBIGO CHKN VEG DUMPLING"
"22676","000080717711","images/22676_000080717711.webp","Y","Unknown","","BIBIGO PORK VEG DUMPLING"
"31709","071007401404","images/31709_071007401404.jpg","Y","Unknown","","EL MONTEREY CHICKEN CHS TAQUITOS"
"31713","071007722110","images/31713_071007722110.jpg","Y","Unknown","","EL MONTEREY CRNCHY SW CHICKEN TAQ"
"31711","071007405204","images/31711_071007405204.jpg","Y","Unknown","","EL MONTEREY STEAK CHEESE TAQUITOS"
"59311","075278950050","images/59311_075278950050.jpg","Y","Unknown","","FOSTER FARMS 16CT CORN DOGS"
"86963","075278951453","images/86963_075278951453.jpg","Y","Unknown","","FOSTFARM MINI CORN DOGS 40CT"
"18751","000074300311","images/18751_000074300311.jpg","Y","Unknown","","SNAPPS JALAPENO BITES"
"7381","046704096123","images/7381_046704096123.jpg","Y","Unknown","","TGIF POTATO SKIN CHEDDAR BCN"
"39802","042800109156","images/39802_042800109156.jpg","Y","Unknown","","TOTINOS RLL TRPL MT 50CT"
"32522","042800109521","images/32522_042800109521.jpg","Y","Unknown","","TOTINOS ROLLS COMBO 50CT"
"32523","042800109538","images/32523_042800109538.jpg","Y","Unknown","","TOTINOS ROLLS PEPP 50CT"
"36874","051933368743","images/36874_051933368743.jpg","Y","Unknown","Morning Delight","Morning Delight MD BLUEBERRY WAFFLES 10CT"
"36877","051933368774","images/36877_051933368774.jpg","Y","Unknown","Morning Delight","Morning Delight MD BUTTERMILK PANCAKES 24CT"
"36886","051933368866","images/36886_051933368866.jpg","Y","Unknown","Morning Delight","Morning Delight MD FRENCH TOAST STICKS CINN"
"36873","051933368736","images/36873_051933368736.jpg","Y","Unknown","Morning Delight","Morning Delight MD HOMESTYLE WAFFLE 10CT"
"61750","051933501706","images/61750_051933501706.jpg","Y","Unknown","Morning Delight","Morning Delight ORIG PORK SAUSAGE"
"55038","031000441098","images/55038_031000441098.jpg","Y","Unknown","","BANQUET BNS MAPLE LINK"
"42301","031000184544","images/42301_031000184544.jpg","Y","Unknown","","BANQUET BNS MAPLE LINK SAUSAG"
"55036","031000441104","images/55036_031000441104.png","Y","Unknown","","BANQUET BNS ORIGINAL LINK"
"55037","031000441081","images/55037_031000441081.jpg","Y","Unknown","","BANQUET BNS ORIGINAL PATTY"
"55035","031000184629","images/55035_031000184629.jpg","Y","Unknown","","BANQUET BNS TURKEY LINK"
"25365","031000307448","images/25365_031000307448.jpg","Y","Unknown","","BANQUET BROWN & SERVE ORIG LINKS"
"26110","031000184643","images/26110_031000184643.jpg","Y","Unknown","","BANQUET BROWN & SERVE ORIG PATTY"
"9797","077900471315","images/9797_077900471315.jpg","Y","Unknown","","JIMMY DEAN BFST BOWL BEC POTATO"
"58903","077900706158","images/58903_077900706158.jpg","Y","Unknown","","JIMMY DEAN BREAKFAST BOWL MEAT LOVER"
"20684","077900471322","images/20684_077900471322.jpg","Y","Unknown","","JIMMY DEAN BREAKFAST BOWL SAUSAGE"
"38041","077900001840","images/38041_077900001840.jpg","Y","Unknown","","JIMMY DEAN EGG BITES SSG & 3 CHS"
"93569","077900001697","images/93569_077900001697.jpg","Y","Unknown","","JIMMY DEAN MPL GRDL PNCK SEC 4CT"
"58904","077900502125","images/58904_077900502125.jpg","Y","Unknown","","JIMMY DEAN MS BEC BISCUIT 4CT"
"21207","077900502095","images/21207_077900502095.png","Y","Unknown","","JIMMY DEAN SEC BISCUIT SAND 4 CT"
"38475","077900502101","images/38475_077900502101.png","Y","Unknown","","JIMMY DEAN SEC CROISSANT 4CT"
"72435","077900502132","images/72435_077900502132.png","Y","Unknown","","JIMMY DEAN SEC MUFFIN SAND 4 CT"
"17682","018000426980","images/17682_018000426980.jpg","Y","Unknown","","TOASTR STRDL STRAWBERRY"
"37529","051933375291","images/37529_051933375291.jpg","Y","Unknown","Mantia's","Mantia's MAN 5 CHEESE TOAST"
"37533","051933375338","images/37533_051933375338.jpg","Y","Unknown","Mantia's","Mantia's MAN GARLIC BREAD"
"37532","051933375321","images/37532_051933375321.jpg","Y","Unknown","Mantia's","Mantia's MAN GARLIC BREADSTICKS"
"37531","051933375314","images/37531_051933375314.jpg","Y","Unknown","Mantia's","Mantia's MAN GARLIC TOAST"
"20040","018000855162","images/20040_018000855162.jpg","Y","Unknown","","GRANDS BUTTERMILK BISCUITS"
"72991","000074816311","images/72991_000074816311.jpg","Y","Unknown","","TX ROADHSE MINI ROLLS 12 CT"
"34888","051933348882","images/34888_051933348882.jpg","Y","Unknown","Tipton Grove","Tipton Grove APPLE JUICE"
"34887","051933348875","images/34887_051933348875.jpg","Y","Unknown","Tipton Grove","Tipton Grove ORANGE JUICE 100%"
"37081","051933501508","images/37081_051933501508.jpg","Y","Unknown","Grissom's","Grissom's GRISSOM DEEP DISH PIE SHELLS"
"22800","051933228009","images/22800_051933228009.jpg","Y","Unknown","World's Fair","World's Fair WORLDS FAIR WHIPPED TOPPING"
"20654","041458117049","images/20654_041458117049.jpg","Y","Unknown","","EDWARD CHOC PIE 2 SLC"
"20655","041458117056","images/20655_041458117056.jpg","Y","Unknown","","EDWARD KEY LIME PIE 2 SLC"
"12775","041458105565","images/12775_041458105565.jpg","Y","Unknown","","EDWARDS CHOC CREME PIE"
"92405","041458551003","images/92405_041458551003.jpg","Y","Unknown","","EDWRD KEY LIME PIE"
"56553","027700679022","images/56553_027700679022.jpg","Y","Unknown","","MRS SMITH APPLE PIE"
"33609","051933336094","images/33609_051933336094.jpg","Y","Unknown","Bramley's","Bramley's BRAMLEYS CRSTLESS PILLSBURY&GRP 4CT"
"33611","051933336117","images/33611_051933336117.jpg","Y","Unknown","Bramley's","Bramley's BRAMLEYS CRSTLSS PILLSBURY&STRW 4CT"
"37629","051933376298","images/37629_051933376298.jpg","Y","Unknown","Easton's","Easton's EASTON HAM&CHS STF SNDW 12PK"
"37628","051933376281","images/37628_051933376281.jpg","Y","Unknown","Easton's","Easton's EASTON PEP&CHS STF SNDW 12PK"
"17762","071421012712","images/17762_071421012712.jpg","Y","Unknown","","FAST BITES CHEESEBGER SNDWCH"
"79861","071421106862","images/79861_071421106862.jpg","Y","Unknown","","FAST BITES SPCY CKN SNDWCH"
"17761","071421106152","images/17761_071421106152.jpg","Y","Unknown","","FASTBITE CHICKEN SANDWICH"
"78670","043695612547","images/78670_043695612547.jpg","Y","Unknown","","HOT POCKET HAM & CHEDDAR 4 PK"
"70185","043695211030","images/70185_043695211030.jpg","Y","Unknown","","HOT POCKET HAM & CHEESE 1 CT"
"62316","043695071122","images/62316_043695071122.jpg","Y","Unknown","","HOT POCKET HAM & CHEESE 2 PK"
"70186","043695431025","images/70186_043695431025.jpg","Y","Unknown","","HOT POCKET PEPPERONI PIZZA 1 CT"
"78671","043695206203","images/78671_043695206203.jpg","Y","Unknown","","HOT POCKET PEPPERONI PIZZA 4 PK"
"10364","051500048160","images/10364_051500048160.jpg","Y","Unknown","","SMUCKERS UNCRST PBJ STRAW SNDW"
"45471","051500048177","images/45471_051500048177.jpg","Y","Unknown","","SMUCKERS UNCRSTB GRPE 10PK"
"62621","051500048153","images/62621_051500048153.jpg","Y","Unknown","","SMUCKERS UNCRSTBLE PBJ GRP 4PK"
"48048","082988010165","images/48048_082988010165.jpg","Y","Unknown","","WHITE CASTLE CHSBURGER 16CT"
"59560","082988000166","images/59560_082988000166.jpg","Y","Unknown","","WHITE CASTLE HAMBURGER 16CT"
"91930","082988000067","images/91930_082988000067.jpg","Y","Unknown","","WHITE CASTLE ORG HMBGR SLDR 6PK"
"57318","031000007386","images/57318_031000007386.jpg","Y","Unknown","","BANQUET CLASSIC BBQ PORK RIB"
"37625","031000109769","images/37625_031000109769.jpg","Y","Unknown","","BANQUET CLASSIC CHIC FRIED CHIC"
"57317","031000007355","images/57317_031000007355.jpg","Y","Unknown","","BANQUET CLASSIC CHICKEN STRIPS"
"17693","031000809218","images/17693_031000809218.jpg","Y","Unknown","","BANQUET CLASSIC CHKN NUG MAC&CHSE"
"57324","031000007317","images/57324_031000007317.jpg","Y","Unknown","","BANQUET CLASSIC MEATLOAF MEAL"
"57323","031000007300","images/57323_031000007300.jpg","Y","Unknown","","BANQUET CLASSIC SALISBURY STEAK"
"57319","031000007225","images/57319_031000007225.jpg","Y","Unknown","","BANQUET CLASSIC SPAG & MEATBALLS"
"17692","031000007362","images/17692_031000007362.jpg","Y","Unknown","","BANQUET CLASSIC SWT & SOUR CHICKN"
"57322","031000007379","images/57322_031000007379.jpg","Y","Unknown","","BANQUET CLASSIC TURKEY MEAL 10 OZ"
"20570","031000101022","images/20570_031000101022.jpg","Y","Unknown","","BANQUET POTPIE BEEF 7 OZ"
"63650","031000101305","images/63650_031000101305.jpg","Y","Unknown","","BANQUET POTPIE BKFST SSG W/GRAVY"
"20580","031000101015","images/20580_031000101015.jpg","Y","Unknown","","BANQUET POTPIE CHICKEN 7 OZ"
"44980","031000101008","images/44980_031000101008.jpg","Y","Unknown","","BANQUET POTPIE CHICKEN W/BROC 7OZ"
"50211","031000449957","images/50211_031000449957.jpg","Y","Unknown","","BANQUET POTPIE SALISBURY 7 OZ"
"18075","031000101039","images/18075_031000101039.jpg","Y","Unknown","","BANQUET POTPIE TURKEY MEAT 7 OZ"
"23620","021131501112","images/23620_021131501112.jpg","Y","Unknown","","MARIE CALLENDER'S CHICKEN POT PIE"
"49219","021131301040","images/49219_021131301040.jpg","Y","Unknown","","MARIE CALLENDER'S CHICKEN POT PIE 4 CT"
"62422","021131504755","images/62422_021131504755.jpg","Y","Unknown","","MARIE CALLENDER'S FETT W/CHICKEN & BROCCOLI"
"49221","021131301347","images/49221_021131301347.jpg","Y","Unknown","","MARIE CALLENDER'S TURKEY POT PIE 4 CT"
"16051","000071785411","images/16051_000071785411.png","Y","Unknown","","MICHELINA'S BEEF & PEPPERS"
"16054","000071785411","images/16054_000071785411.png","Y","Unknown","","MICHELINA'S CHICKEN FRIED RICE"
"16055","000071785411","images/16055_000071785411.jpg","Y","Unknown","","MICHELINA'S FETT ALFREDO W CHK&BROC"
"16056","000071785411","images/16056_000071785411.jpg","Y","Unknown","","MICHELINA'S MAC & CHEESE"
"16052","000071785411","images/16052_000071785411.jpg","Y","Unknown","","MICHELINA'S SALISBURY STEAK"
"25005","000071785411","images/25005_000071785411.jpg","Y","Unknown","","MICHELINA'S SPICY CHICKEN ALFREDO"
"2726","031000126100","images/2726_031000126100.jpg","Y","Unknown","","BANQUET BFLO CHKN MAC N CHS BOWL"
"2729","031000126131","images/2729_031000126131.jpg","Y","Unknown","","BANQUET CHICKEN FAJITA MEGA BOWL"
"2728","031000126124","images/2728_031000126124.jpg","Y","Unknown","","BANQUET CNTRY FRIED CHKN MEGA BWL"
"20734","031000809430","images/20734_031000809430.jpg","Y","Unknown","","BANQUET DYN PENNE W/MTBLS MEG BWL"
"70181","031000008550","images/70181_031000008550.jpg","Y","Unknown","","BANQUET MB MIKE HT HNY CHICKEN"
"20678","031000809478","images/20678_031000809478.jpg","Y","Unknown","","BANQUET MB NASHVILLE HOT CHICKEN"
"70182","031000008246","images/70182_031000008246.jpg","Y","Unknown","","BANQUET MB SWT & SOUR CHICKEN"
"57325","031000007201","images/57325_031000007201.jpg","Y","Unknown","","BANQUET MEGA MEAL BNLS FRIED CHKN"
"2732","031000126148","images/2732_031000126148.jpg","Y","Unknown","","BANQUET MEGA MEAL SALISBURY STEAK"
"70184","031000479350","images/70184_031000479350.jpg","Y","Unknown","","BANQUET MGA MEAT CARVED TURKEY"
"16849","031000009021","images/16849_031000009021.jpg","Y","Unknown","","BANQUET MGA MEAT ORIG CRSPY CHKN"
"70183","031000099800","images/70183_031000099800.jpg","Y","Unknown","","BANQUET MGA MEAT SPICY CRSPY CHKN"
"48238","051000062765","images/48238_051000062765.jpg","Y","Unknown","","HUNGRY-MAN BNLS FRIED CHICKN"
"97227","051000065018","images/97227_051000065018.jpg","Y","Unknown","","HUNGRY-MAN SALISBURY STEAK"
"29968","021131905521","images/29968_021131905521.jpg","Y","Unknown","","MARIE CALLENDER'S BEEF & BROCCOLI BOWL"
"29970","021131506629","images/29970_021131506629.jpg","Y","Unknown","","MARIE CALLENDER'S CHEESY CHICKEN&RICE BOWL"
"18756","071007018688","images/18756_071007018688.png","Y","Unknown","","EL MONTEREY BEEF & BEAN BURRITO 8CT"
"18757","071007010941","images/18757_071007010941.jpg","Y","Unknown","","EL MONTEREY BEEF & BEAN CHIMI 8CT"
"58568","000001007111","images/58568_000001007111.jpg","Y","Unknown","","EL MONTEREY BF&BN GRN CHILI BURR 8 CT"
"11318","071007075384","images/11318_071007075384.jpg","Y","Unknown","","EL MONTEREY EGG POT CHS SAUSG WRAP8CT"
"11328","071007079085","images/11328_071007079085.jpg","Y","Unknown","","EL MONTEREY EGG/POT/BCN/CHS 8CT"
"36933","051933369337","images/36933_051933369337.jpg","Y","Unknown","Easton's","Easton's MANTIAS CHICKEN ALFREDO"
"36929","051933369290","images/36929_051933369290.jpg","Y","Unknown","Easton's","Easton's MANTIAS CHSY RNCH CHKN"
"36931","051933369313","images/36931_051933369313.jpg","Y","Unknown","Easton's","Easton's MANTIAS GARLIC CHICKEN"
"36934","051933369344","images/36934_051933369344.jpg","Y","Unknown","Easton's","Easton's MANTIAS SHRIMP SCAMPI"
"35326","051933353268","images/35326_051933353268.jpg","Y","Unknown","Jade Dragon","Jade Dragon GENERAL TSO'S CHICKEN"
"36926","051933369269","images/36926_051933369269.jpg","Y","Unknown","Jade Dragon","Jade Dragon JADE DRAGON CHKN FRD RICE"
"14759","051933147591","images/14759_051933147591.jpg","Y","Unknown","Jade Dragon","Jade Dragon ORANGE CHICKEN"
"32964","051933329645","images/32964_051933329645.jpg","Y","Unknown","Mantia's","Mantia's MANTIAS CHICKEN ALFREDO FS"
"32967","051933329676","images/32967_051933329676.jpg","Y","Unknown","Mantia's","Mantia's MANTIAS CHICKEN FLORENTINE"
"32966","051933329669","images/32966_051933329669.jpg","Y","Unknown","Mantia's","Mantia's MANTIAS GARLIC CHICKEN FS"
"32973","051933329737","images/32973_051933329737.jpg","Y","Unknown","Mantia's","Mantia's MANTIAS SHRIMP ALFREDO"
"32327","051933323278","images/32327_051933323278.jpg","Y","Unknown","Easton's","Easton's EASTON'S MACARONI & CHEESE"
"62899","070575042583","images/62899_070575042583.jpg","Y","Unknown","Easton's","Easton's EASTONS BBQ RIB PATTIES"
"62898","070575042491","images/62898_070575042491.jpg","Y","Unknown","Easton's","Easton's EASTONS CHICKEN PARMAGIANA"
"36951","051933369511","images/36951_051933369511.jpg","Y","Unknown","Easton's","Easton's EASTONS SALISBURY STEAK"
"36598","051933369580","images/36598_051933369580.jpg","Y","Unknown","Mantia's","Mantia's MANTIAS BEEF RAVIOLI"
"36957","051933369573","images/36957_051933369573.jpg","Y","Unknown","Mantia's","Mantia's MANTIAS CHEESE TORTELLINI"
"21020","072883715517","images/21020_072883715517.jpg","Y","Unknown","Mantia's","Mantia's MANTIAS FOUR CHS RAVIOLI"
"34149","051933341494","images/34149_051933341494.jpg","Y","Unknown","Mantia's","Mantia's MANTIAS LASAGNA W/MEAT SAUCE"
"36952","051933369528","images/36952_051933369528.jpg","Y","Unknown","Mantia's","Mantia's MANTIAS LASAGNA W/MEAT SAUCE"
"32347","051933323476","images/32347_051933323476.jpg","Y","Unknown","Mantia's","Mantia's MANTIAS SIGNATURE LASAGNA"
"42395","031000120184","images/42395_031000120184.png","Y","Unknown","","BANQUET BREAST PATTIES"
"4501","031000670900","images/4501_031000670900.jpg","Y","Unknown","","BANQUET CHICKEN NUGGETS"
"20931","031000113476","images/20931_031000113476.jpg","Y","Unknown","","BANQUET FSE CHKN BROC W RICE FRZ"
"87232","031000113520","images/87232_031000113520.jpg","Y","Unknown","","BANQUET FSE MEATBALL"
"87223","031000788889","images/87223_031000788889.jpg","Y","Unknown","","BANQUET FSE MEATLOAF W/ GRAVY"
"20471","031000113056","images/20471_031000113056.jpg","Y","Unknown","","BANQUET FSE SALISBURY STEAK FRZ"
"23840","031000126001","images/23840_031000126001.jpg","Y","Unknown","","BANQUET HOT N SPICY WINGS"
"95759","031000000004","images/95759_031000000004.jpg","Y","Unknown","","BANQUET MEGA ORG CHICKEN FILETS"
"95761","031000008451","images/95761_031000008451.jpg","Y","Unknown","","BANQUET MEGA SPICY CHICKEN FILETS"
"12287","072545062621","images/12287_072545062621.jpg","Y","Unknown","","STEAK-UMM SANDWICH STEAK 6CT"
"37674","051933376748","images/37674_051933376748.jpg","Y","Unknown","State Street Poultry","State Street Poultry SS ASIAN WINGS FULLY COOKED"
"37675","051933376755","images/37675_051933376755.jpg","Y","Unknown","State Street Poultry","State Street Poultry SS BBQ WINGS FULLY COOKED"
"37673","051933376731","images/37673_051933376731.jpg","Y","Unknown","State Street Poultry","State Street Poultry SS BUFFALO WINGS FULLY COOKD"
"33303","","images/33303_NOUPC.jpg","Y","Unknown","State Street Poultry","State Street Poultry SS CHICKEN BREAST PATTIES"
"37643","051933376434","images/37643_051933376434.jpg","Y","Unknown","State Street Poultry","State Street Poultry SS CHICKEN BREAST PATTIES"
"33302","","images/33302_NOUPC.jpg","Y","Unknown","State Street Poultry","State Street Poultry SS CHICKEN FRIES"
"33301","","images/33301_NOUPC.jpg","Y","Unknown","State Street Poultry","State Street Poultry SS CHICKEN NUGGETS"
"37639","051933376397","images/37639_051933376397.jpg","Y","Unknown","State Street Poultry","State Street Poultry SS CHICKEN NUGGETS"
"33304","","images/33304_NOUPC.jpg","Y","Unknown","State Street Poultry","State Street Poultry SS CHICKEN STRIPS"
"37642","051933376427","images/37642_051933376427.jpg","Y","Unknown","State Street Poultry","State Street Poultry SS CHICKEN STRIPS"
"33324","","images/33324_NOUPC.jpg","Y","Unknown","State Street Poultry","State Street Poultry SS DINO CHICKEN NUGGETS"
"33308","","images/33308_NOUPC.jpg","Y","Unknown","State Street Poultry","State Street Poultry SS POPCORN CHICKEN"
"72732","034695835937","images/72732_034695835937.jpg","Y","Unknown","","CHECKERS CHICKEN NUGGETS"
"11592","023700014931","images/11592_023700014931.jpg","Y","Unknown","","TYSON ANTZR BBQ CHKN BITES"
"11589","023700014054","images/11589_023700014054.jpg","Y","Unknown","","TYSON ANYTZR BUFF CHKN BITES"
"17222","023700014153","images/17222_023700014153.png","Y","Unknown","","TYSON ANYTZR PPCRN CHICKEN"
"16353","023700014092","images/16353_023700014092.jpg","Y","Unknown","","TYSON BUFF CHKN BRST STRIPS"
"16217","023700014108","images/16217_023700014108.jpg","Y","Unknown","","TYSON CRSPY CHKN BRST STRIPS"
"16218","023700014139","images/16218_023700014139.png","Y","Unknown","","TYSON FC HONEY BBQ CHKN STRP"
"92217","023700016287","images/92217_023700016287.png","Y","Unknown","","TYSON NAE FAJ CKN BST STP SFA"
"47055","023700016256","images/47055_023700016256.jpg","Y","Unknown","","TYSON NAE FC CHCKN BRST STRIPS"
"34923","051933349230","images/34923_051933349230.jpg","Y","Unknown","Portside","Portside IMITATION CRAB MEAT"
"37101","051933371019","images/37101_051933371019.jpg","Y","Unknown","Portside","Portside PORTSIDE PINK SALMON FILLETS"
"37103","051933371033","images/37103_051933371033.jpg","Y","Unknown","Portside","Portside PORTSIDE TILAPIA FILLETS"
"37099","051933370999","images/37099_051933370999.jpg","Y","Unknown","Portside","Portside PORTSIDE WHITING FILLETS"
"30788","051933307889","images/30788_051933307889.jpg","Y","Unknown","Portside","Portside PS TREATED SWAI FISH FILLETS"
"55073","037071512002","images/55073_037071512002.jpg","Y","Unknown","","BACALARICO SALTED POLLOCK"
"5636","000075444211","images/5636_000075444211.png","Y","Unknown","","GREAT FISH WHOLE TILAPIA"
"15418","000066507211","images/15418_000066507211.jpg","Y","Unknown","","PANAMEI CLAMS"
"18098","000066507311","images/18098_000066507311.png","Y","Unknown","","PANAMEI GROUPER FILLETS"
"15427","000066507211","images/15427_000066507211.jpg","Y","Unknown","","PANAMEI IVP TILAPIA FILLETS"
"19348","000066507311","images/19348_000066507311.jpg","Y","Unknown","","PANAMEI SEAFOOD MEDLEY"
"15424","000066507211","images/15424_000066507211.jpg","Y","Unknown","","PANAMEI SNAPPER"
"15426","000066507211","images/15426_000066507211.jpg","Y","Unknown","","PANAMEI SQUID COOKED SLICES"
"36836","051933368361","images/36836_051933368361.jpg","Y","Unknown","Portside","Portside 150-250 SALAD SHRIMP"
"36837","051933368378","images/36837_051933368378.jpg","Y","Unknown","Portside","Portside 51-60 SHRIMP RING"
"30546","051933305465","images/30546_051933305465.jpg","Y","Unknown","Portside","Portside COOKED SHRIMP 26-30 CT"
"30548","051933305489","images/30548_051933305489.jpg","Y","Unknown","Portside","Portside COOKED SHRIMP 31-40"
"30571","051933305717","images/30571_051933305717.jpg","Y","Unknown","Portside","Portside COOKED SHRIMP 40/60 CT"
"30588","051933305885","images/30588_051933305885.jpg","Y","Unknown","Portside","Portside COOKED SHRIMP 71-90"
"30547","051933305472","images/30547_051933305472.jpg","Y","Unknown","Portside","Portside RAW SHRIMP 31-40 CT"
"30549","051933305496","images/30549_051933305496.jpg","Y","Unknown","Portside","Portside RAW SHRIMP 40-60 CT"
"33232","","images/33232_NOUPC.jpg","Y","Unknown","Portside","Portside BEER BATTERED FILLETS"
"33189","","images/33189_NOUPC.jpg","Y","Unknown","Portside","Portside PORTSIDE BATTERED FILLETS"
"33216","","images/33216_NOUPC.jpg","Y","Unknown","Portside","Portside PORTSIDE CRUNCHY FILLETS"
"33206","","images/33206_NOUPC.jpg","Y","Unknown","Portside","Portside PORTSIDE FISH STICKS"
"33383","","images/33383_NOUPC.jpg","Y","Unknown","Portside","Portside PORTSIDE POPCORN SHRIMP"
"32364","","images/32364_NOUPC.jpg","Y","Unknown","Portside","Portside PS BUTTERFLY SHRIMP"
"32369","","images/32369_NOUPC.jpg","Y","Unknown","Portside","Portside PS SHRIMP SCAMPI"
"78842","000074616811","images/78842_000074616811.jpg","Y","Unknown","","TASTEE CHOICE SHRIMP BOIL"
"95911","000074616711","images/95911_000074616711.png","Y","Unknown","","TCHOICE JUMBO COCONUT SHRIMP"
"76283","000066507211","images/76283_000066507211.png","Y","Unknown","","PANAMEI IQF WHOLE CRAB"
"76458","000085439311","images/76458_000085439311.png","Y","Unknown","","WHOLE COOKED CRAWFISH"
"48321","000085998711","images/48321_000085998711.png","Y","Unknown","Pick 5","Pick 5 HOMESTYLE WAFFLES PICK 5"
"37347","051933373471","images/37347_051933373471.jpg","Y","Unknown","Pick 5","Pick 5 PICK 5 BROCCOLI FLORETS"
"37518","051933375185","images/37518_051933375185.jpg","Y","Unknown","Pick 5","Pick 5 PICK 5 CHICKEN FRIES"
"37513","051933375130","images/37513_051933375130.jpg","Y","Unknown","Pick 5","Pick 5 PICK 5 CHICKEN NUGGET"
"37511","051933375116","images/37511_051933375116.jpg","Y","Unknown","Pick 5","Pick 5 PICK 5 CHICKEN PATTY"
"37516","051933375161","images/37516_051933375161.jpg","Y","Unknown","Pick 5","Pick 5 PICK 5 CHICKEN STRIP"
"25021","000069224311","images/25021_000069224311.png","Y","Unknown","Pick 5","Pick 5 PICK 5 CHS/GARLIC BRDSTICKS"
"38057","051933375963","images/38057_051933375963.jpg","Y","Unknown","Pick 5","Pick 5 PICK 5 CHUCKWAGON PATTIES"
"31552","051933315525","images/31552_051933315525.jpg","Y","Unknown","Pick 5","Pick 5 PICK 5 CORN COBETTES 3"" 3LBS"
"33416","051933334168","images/33416_051933334168.jpg","Y","Unknown","Pick 5","Pick 5 PICK 5 CRINKLE CUT FRIES"
"33606","051933336063","images/33606_051933336063.jpg","Y","Unknown","Pick 5","Pick 5 PICK 5 HASHBROWN PATTIES"
"19161","000069224411","images/19161_000069224411.jpg","Y","Unknown","Pick 5","Pick 5 PICK 5 MIXED VEGETABLES"
"37352","051933373525","images/37352_051933373525.jpg","Y","Unknown","Pick 5","Pick 5 PICK 5 PEPPER & ONION BLEND"
"37523","051933375239","images/37523_051933375239.jpg","Y","Unknown","Pick 5","Pick 5 PICK 5 POPCORN CHICKEN"
"38058","051933375970","images/38058_051933375970.jpg","Y","Unknown","Pick 5","Pick 5 PICK 5 RIB PATTIES"
"33594","051933335943","images/33594_051933335943.jpg","Y","Unknown","Pick 5","Pick 5 PICK 5 SEASONED WEDGES"
"33593","051933335936","images/33593_051933335936.jpg","Y","Unknown","Pick 5","Pick 5 PICK 5 SHOESTRING POTATOES"
"30589","051933305892","images/30589_051933305892.jpg","Y","Unknown","Pick 5","Pick 5 PICK 5 SHRIMP POPPERS"
"33457","051933334571","images/33457_051933334571.jpg","Y","Unknown","Pick 5","Pick 5 PICK 5 TATER TOTS"
"25033","000085998711","images/25033_000085998711.png","Y","Unknown","Pick 5","Pick 5 PICK 5 WAFFLE FRIES"
"33587","051933335875","images/33587_051933335875.jpg","Y","Unknown","Pick 5","Pick 5 PICK5 SEASOND STRAIGHT FRIES"
"95319","000089344711","images/95319_000089344711.png","Y","Unknown","","ASIAN KITCHEN ORANGE CHICKEN"
"95321","000089344711","images/95321_000089344711.png","Y","Unknown","","ASIAN KITCHEN TERIYAKI CHCKN"
"95331","000089344711","images/95331_000089344711.jpg","Y","Unknown","","ASIAN KTCHN CHICKEN FRD RICE"
"95325","000089344711","images/95325_000089344711.png","Y","Unknown","","ASIAN KTCHN GENERAL TSO CHKN"
"71439","000085998711","images/71439_000085998711.png","Y","Unknown","","CRINKLE CUT FRIES P5"
"16525","079821000438","images/16525_079821000438.png","Y","Unknown","","EXTRA VALUE BEEF PATTIES"
"20068","000085998711","images/20068_000085998711.png","Y","Unknown","","HASHBROWN PATTIES P5"
"20069","000069224411","images/20069_000069224411.png","Y","Unknown","","HUSHPUPPIES P5"
"74664","000085998711","images/74664_000085998711.png","Y","Unknown","","P5 BUFFALO CHICKEN SLIDER"
"74619","000085998711","images/74619_000085998711.png","Y","Unknown","","P5 CHEESEBURGER SLIDER"
"35666","051933356665","images/35666_051933356665.jpg","Y","Unknown","","PICK 5 CHICKEN WINGS"
"17181","000085998711","images/17181_000085998711.png","Y","Unknown","","PICK 5 CORN ON THE COB SEM"
"54324","051933338982","images/54324_051933338982.jpg","Y","Unknown","","PICK 5 MEATBALL"
"32362","051933323629","images/32362_051933323629.jpg","Y","Unknown","","PICK 5 ONION RINGS"
"18718","000069224411","images/18718_000069224411.png","Y","Unknown","","PICK 5 PEPPERONI PIZZAS"
"33933","051933339330","images/33933_051933339330.jpg","Y","Unknown","","PICK 5 SAL CORN DOG 10CT"
"33934","051933339347","images/33934_051933339347.jpg","Y","Unknown","","PICK 5 SAL MINI CORNDG 30CT"
"18717","000069224411","images/18717_000069224411.png","Y","Unknown","","PICK 5 SUPREME PIZZAS"
"31052","051933310520","images/31052_051933310520.jpg","Y","Unknown","","PICK5 PEPP PIZZA SNCK"
"9585","000085998711","images/9585_000085998711.png","Y","Unknown","","SO STYLE BISCUIT DGH 18CT P5"
"20072","000085998711","images/20072_000085998711.png","Y","Unknown","","TEXAS TOAST SLICES P5"
"20073","000069224411","images/20073_000069224411.png","Y","Unknown","","YEAST ROLLS P5"
"72931","075620003205","images/72931_075620003205.png","Y","Unknown","","DELIGHTFUL FARMS CKN DRUMSTK"
"36939","051933369399","images/36939_051933369399.jpg","Y","Unknown","Grissom's","Grissom's FRENCH TWIRL VANILLA 4CT"
"39576","076265003506","images/39576_076265003506.png","Y","Unknown","","MAPLE CHOC CAKE DONUTS 6CT"
"33952","076265003858","images/33952_076265003858.jpg","Y","Unknown","","MAPLE CINN CAKE DONUTS 6CT"
"39577","076265407199","images/39577_076265407199.jpg","Y","Unknown","","MAPLE GLAZED DONUTS 12CT"
"33938","076265003612","images/33938_076265003612.jpg","Y","Unknown","","MAPLE PLAIN CAKE DONUTS 6CT"
"78826","072250010627","images/78826_072250010627.jpg","Y","Unknown","","WONDER POWDR SUGR DONUTS"
"84735","040697640509","images/84735_040697640509.png","Y","Unknown","","CAFÉ VALLEY 7 UP CAKE"
"89672","040697026198","images/89672_040697026198.png","Y","Unknown","","CAFÉ VALLEY CHOCOLATE CUPCAKES 12 CT"
"84742","040697640431","images/84742_040697640431.jpg","Y","Unknown","","CAFÉ VALLEY LEMON STREUSEL CAKE"
"84743","040697640448","images/84743_040697640448.jpg","Y","Unknown","","CAFÉ VALLEY TRIPLE CHOCOLATE CAKE"
"89671","040697026433","images/89671_040697026433.png","Y","Unknown","","CAFÉ VALLEY VANILLA CUPCAKES 12 CT"
"71636","012900007003","images/71636_012900007003.jpg","Y","Unknown","","SB DESSERT SHELLS 6CT"
"13799","011284003014","images/13799_011284003014.jpg","Y","Unknown","","JJ'S APPLE PIES"
"56007","011284006251","images/56007_011284006251.png","Y","Unknown","","JJ'S APPLE SNACK PIE 6CT"
"51217","011284003298","images/51217_011284003298.jpg","Y","Unknown","","JJ'S BANANA CREAM PIE"
"519","011284003038","images/519_011284003038.jpg","Y","Unknown","","JJ'S BLACKBERRY PIE"
"1359","011284003434","images/1359_011284003434.jpg","Y","Unknown","","JJ'S BLUEBERRY PIE"
"58478","011284003151","images/58478_011284003151.jpg","Y","Unknown","","JJ'S BOSTON CREAM PIE"
"13800","011284003021","images/13800_011284003021.jpg","Y","Unknown","","JJ'S CHERRY PIES"
"56008","011284006268","images/56008_011284006268.jpg","Y","Unknown","","JJ'S CHERRY SNCK PIE 6CT"
"518","011284003076","images/518_011284003076.png","Y","Unknown","","JJ'S LEMON PIE"
"20648","011284003113","images/20648_011284003113.jpg","Y","Unknown","","JJ'S PEACH PIE"
"20878","011284003168","images/20878_011284003168.jpg","Y","Unknown","","JJ'S STRAWBERRY CREAM PIE"
"91382","045084229602","images/91382_045084229602.png","Y","Unknown","","SKINNER TOPPED SWEET ROLLS"
"86481","072250010788","images/86481_072250010788.jpg","Y","Unknown","","MRS. FRESH PECAN TWIRL"
"86482","072250912310","images/86482_072250912310.png","Y","Unknown","","MRS. FRESHLEY'S 4PK GLAZED HONEY BUN"
"17855","072250010832","images/17855_072250010832.jpg","Y","Unknown","","MRS. FRESHLEY'S 6 CT DREAMIES"
"58355","072250011921","images/58355_072250011921.jpg","Y","Unknown","","MRS. FRESHLEY'S BUDDY BAR 8CT"
"58353","072250011952","images/58353_072250011952.jpg","Y","Unknown","","MRS. FRESHLEY'S DUNKIN STIX 6CT"
"54787","072250007658","images/54787_072250007658.jpg","Y","Unknown","","MRS. FRESHLEY'S GRAND ICED HONEY BUN"
"58354","072250011907","images/58354_072250011907.png","Y","Unknown","","MRS. FRESHLEY'S SWISS ROLLS 8CT"
"70203","072250013697","images/70203_072250013697.jpg","Y","Unknown","","WONDER CHOC PNUT BUTTER CAKE"
"78828","072250012188","images/78828_072250012188.jpg","Y","Unknown","","WONDER CHOCOLATE CUPCAKE"
"78825","072250012065","images/78825_072250012065.jpg","Y","Unknown","","WONDER CINNAMON TWISTS"
"78829","072250012232","images/78829_072250012232.jpg","Y","Unknown","","WONDER CONFETTI BELLS"
"70201","072250013673","images/70201_072250013673.jpg","Y","Unknown","","WONDER TRIPLE CHOC CAKES"
"44532","040697411048","images/44532_040697411048.jpg","Y","Unknown","","CAFÉ VALLEY APPLE TURNOVERS 4 CT"
"59702","040697412045","images/59702_040697412045.jpg","Y","Unknown","","CAFÉ VALLEY CHERRY TURNOVER 4CT"
"39369","045084229596","images/39369_045084229596.jpg","Y","Unknown","","ICED CINNAMON ROLL"
"78830","072250010429","images/78830_072250010429.png","Y","Unknown","","WONDER CINNAMON ROLLS"
"97667","040697712053","images/97667_040697712053.png","Y","Unknown","","CAFÉ VALLEY BANANA NUT MINI MUFFIN"
"62469","040697740506","images/62469_040697740506.jpg","Y","Unknown","","CAFÉ VALLEY BANANA NUT MUFFIN 4CT"
"18415","040697712046","images/18415_040697712046.jpg","Y","Unknown","","CAFÉ VALLEY BLUEBERRY MINI MUFFIN"
"62478","040697740490","images/62478_040697740490.jpg","Y","Unknown","","CAFÉ VALLEY BLUEBERRY MUFFINS 4CT"
"18425","040697712077","images/18425_040697712077.png","Y","Unknown","","CAFÉ VALLEY CHOC CHIP MINI MUFFIN"
"54616","040697700364","images/54616_040697700364.png","Y","Unknown","","CAFÉ VALLEY DOUBLE CHOC MUFFIN 4CT"
"31022","073124018015","images/31022_073124018015.jpg","Y","Unknown","","TOUFAYAN CINN RSN BAGELS 6CT"
"81301","073124018107","images/81301_073124018107.png","Y","Unknown","","TOUFAYAN EVERYTHNG BAGEL 6CT"
"53881","073124018800","images/53881_073124018800.jpg","Y","Unknown","","TOUFAYAN MINI PLAIN"
"30818","073124018008","images/30818_073124018008.png","Y","Unknown","","TOUFAYAN PLAIN BAGELS 6 CT"
"82018","073435000839","images/82018_073435000839.jpg","Y","Unknown","","KINGS HAWAIIAN PRETZEL BITES"
"59721","073435000044","images/59721_073435000044.jpg","Y","Unknown","","KINGS HAWAIIAN SWT ROLL 12CT"
"91525","047300903105","images/91525_047300903105.jpg","Y","Unknown","","NATURE'S GRAIN HMBGR BUN WHTE NG8PK"
"17445","000070897111","images/17445_000070897111.png","Y","Unknown","","LH SNICKERDOODLE COOKIES"
"92211","041820821628","images/92211_041820821628.png","Y","Unknown","","LIFEHOUSE CANDY BITE COOKIE"
"57694","000070897111","images/57694_000070897111.png","Y","Unknown","","LIFEHOUSE CHOC CHUNK COOKIE"
"57695","000070897111","images/57695_000070897111.png","Y","Unknown","","LIFEHOUSE OATMEAL RAISIN COOKIES"
"63643","000072552611","images/63643_000072552611.png","Y","Unknown","","SHIRLEYS CHOC PILLSBURY NOBAKE CKIE"
"63644","000072552611","images/63644_000072552611.png","Y","Unknown","","SHIRLEYS PILLSBURY NOBAKE COOKIES"
"32069","","images/32069_NOUPC.jpg","Y","Unknown","Crown Creamery","Crown Creamery BUTTER PECAN ICE CREAM"
"32056","","images/32056_NOUPC.jpg","Y","Unknown","Crown Creamery","Crown Creamery CHOCOLATE ICE CREAM"
"32048","","images/32048_NOUPC.jpg","Y","Unknown","Crown Creamery","Crown Creamery COOKIES N CREAM ICE CREAM"
"32047","051933320475","images/32047_051933320475.jpg","Y","Unknown","Crown Creamery","Crown Creamery MINT CHOCOLATE CHIP ICE CRM"
"32046","051933320468","images/32046_051933320468.jpg","Y","Unknown","Crown Creamery","Crown Creamery NEAPOLITAN ICE CRM"
"32057","","images/32057_NOUPC.jpg","Y","Unknown","Crown Creamery","Crown Creamery PEANUTBTTR CANDY CRUNCH ICRM"
"32053","","images/32053_NOUPC.jpg","Y","Unknown","Crown Creamery","Crown Creamery STRAWBERRY ICE CREAM"
"32043","051933320437","images/32043_051933320437.jpg","Y","Unknown","Crown Creamery","Crown Creamery VANILLA BEAN ICE CREAM"
"32044","051933320444","images/32044_051933320444.jpg","Y","Unknown","Crown Creamery","Crown Creamery VIVIDLY VANILLA ICE CREAM"
"8265","075243201248","images/8265_075243201248.png","Y","Unknown","","MAYFIELD  MOOSE TRACKS PREMI"
"8378","075243201521","images/8378_075243201521.jpg","Y","Unknown","","MAYFIELD  SMOKY MNT FUDGE PR"
"8252","075243201118","images/8252_075243201118.jpg","Y","Unknown","","MAYFIELD BUTTER PECAN PREMIU"
"91412","075243201484","images/91412_075243201484.png","Y","Unknown","","MAYFIELD HOMEMADE VAN IC"
"9749","072730735521","images/9749_072730735521.jpg","Y","Unknown","","PRAIRIE FARMS ORANGE SHERBET"
"15869","072730735583","images/15869_072730735583.jpg","Y","Unknown","","PRAIRIE FARMS RAINBOW SHERBET"
"34086","051933340862","images/34086_051933340862.jpg","Y","Unknown","World's Fair","World's Fair CHOCOLATE ICE CREAM PAIL"
"33993","051933339934","images/33993_051933339934.jpg","Y","Unknown","World's Fair","World's Fair COOKIES & CREAM ICE CREAM"
"67050","071568219500","images/67050_071568219500.jpg","Y","Unknown","World's Fair","World's Fair FUDGE ROYAL-4 QUART"
"67060","071568219524","images/67060_071568219524.jpg","Y","Unknown","World's Fair","World's Fair NEAPOLITAN-4 QUART"
"67510","051933675100","images/67510_051933675100.jpg","Y","Unknown","World's Fair","World's Fair STRAW/ROYALE-4 QUART"
"67080","071568219555","images/67080_071568219555.jpg","Y","Unknown","World's Fair","World's Fair VANILLA-4 QUART"
"31558","070640301447","images/31558_070640301447.png","Y","Unknown","","BLUE RIBBON ENGLSH TOFF I/C BAR 12PK"
"73038","070640300129","images/73038_070640300129.jpg","Y","Unknown","","BLUE RIBBON ORNGE DREAM I/C BAR 20CT"
"31554","047677483101","images/31554_047677483101.jpg","Y","Unknown","","M&M'S COOKIE SANDWCH VAN 4CT"
"8241","075243204102","images/8241_075243204102.jpg","Y","Unknown","","MAYFIELD  BROWN COW 6 PK ICE"
"52966","075243204393","images/52966_075243204393.jpg","Y","Unknown","","MAYFIELD ICE CREAM SNDWH 6CT"
"52955","075243204133","images/52955_075243204133.jpg","Y","Unknown","","MAYFIELD TOFFEE BARS 6 CT"
"91432","075243401105","images/91432_075243401105.jpg","Y","Unknown","","MAYFLD CHOC KRUN IC BAR 6CT"
"91428","075243401099","images/91428_075243401099.jpg","Y","Unknown","","MAYFLD STRAW KRUN IC BAR 6CT"
"31564","072554111198","images/31564_072554111198.jpg","Y","Unknown","","NESTLE DRMSTCK LIL DRUM 12CT"
"51165","072554001543","images/51165_072554001543.jpg","Y","Unknown","","NESTLE DRUMSTICK VANILLA 8CT"
"51166","072554001536","images/51166_072554001536.jpg","Y","Unknown","","NESTLE DRUMSTICK VARIETY 8CT"
"87352","072730620513","images/87352_072730620513.webp","Y","Unknown","","NORTH STAR JUST DIPD CONE 6 CT"
"72956","072554363887","images/72956_072554363887.jpg","Y","Unknown","","OREO ICE CREAM SANDWICH 4PK"
"22121","050000696598","images/22121_050000696598.jpg","Y","Unknown","","TOLLHOUSE ICE CREAM SANDWICH 7CT"
"72731","070640022946","images/72731_070640022946.jpg","Y","Unknown","","BOMB POP NERDS 12CT"
"16824","070640006632","images/16824_070640006632.jpg","Y","Unknown","","BOMB POPS ORIGINAL 12 CT"
"39659","073321000233","images/39659_073321000233.jpg","Y","Unknown","","LUIGI ITLN ICE LMN STWBRY6CT"
"39658","000065724311","images/39658_000065724311.jpg","Y","Unknown","","PHILLY SWIRL SWIRL STIX 12CT"
"39663","072586701152","images/39663_072586701152.jpg","Y","Unknown","","WHOLE FRUIT BARS MANGO 6 CT"
"39661","072586701008","images/39661_072586701008.jpg","Y","Unknown","","WHOLE FRUIT BARS STRWBRY 6CT"
"36357","051933363571","images/36357_051933363571.jpg","Y","Unknown","Crown Creamery","Crown Creamery CHERRY CHOCOLATE CHUNK ICRM"
"36359","051933363595","images/36359_051933363595.jpg","Y","Unknown","Crown Creamery","Crown Creamery CHOC CHIP COOKIE DOUGH ICRM"
"33743","051933337435","images/33743_051933337435.jpg","Y","Unknown","Crown Creamery","Crown Creamery CHOC SEA SALT CRML BRWN ICRM"
"33744","051933337442","images/33744_051933337442.jpg","Y","Unknown","Crown Creamery","Crown Creamery STRAWBERRY SHORTCAKE ICRM"
"72953","041548308388","images/72953_041548308388.png","Y","Unknown","","OREO ICE CREAM PINTS"
"79032","072730719187","images/79032_072730719187.png","Y","Unknown","","PRAIRIE FARMS STRWBRRY SHORTCAKE PINT"
"95791","000068208211","images/95791_000068208211.jpg","Y","Unknown","","HELADOS MEXICO BUTTER PECAN CREAM BAR"
"57248","000068208211","images/57248_000068208211.jpg","Y","Unknown","","HELADOS MEXICO COCONUT CREAM BAR"
"203","000068208211","images/203_000068208211.jpg","Y","Unknown","","HELADOS MEXICO MINI VARIETY FRUIT BARS"
"57246","000068208211","images/57246_000068208211.jpg","Y","Unknown","","HELADOS MEXICO MINI VARIETY ICE CREAM BR"
"57249","000068208211","images/57249_000068208211.jpg","Y","Unknown","","HELADOS MEXICO STRAWBERRY CREAM BAR"
"57247","000068208211","images/57247_000068208211.png","Y","Unknown","","HELADOS MEXICO VALUE PACK 16CT"
"10920","000089793111","images/10920_000089793111.jpg","Y","Unknown","","VALENTINI COCONUT ICE CREAM"
"72960","000089793111","images/72960_000089793111.jpg","Y","Unknown","","VALENTINI GUAVA ICE CREAM"
"10917","000089793111","images/10917_000089793111.jpg","Y","Unknown","","VALENTINI MANGO ICE CREAM"
"36084","051933360846","images/36084_051933360846.jpg","Y","Unknown","Farmington","Farmington MAPLE SAUSAGE LINKS 12 OZ"
"36078","051933360785","images/36078_051933360785.jpg","Y","Unknown","Farmington","Farmington PREM ROLL SAUSAGE HOT"
"36071","051933360716","images/36071_051933360716.jpg","Y","Unknown","Farmington","Farmington PREM ROLL SAUSAGE MILD"
"36081","051933360815","images/36081_051933360815.jpg","Y","Unknown","Farmington","Farmington SAUSAGE LINKS 12 OZ"
"36083","051933360839","images/36083_051933360839.jpg","Y","Unknown","Farmington","Farmington SAUSAGE PATTIES 12 OZ"
"19620","077900115738","images/19620_077900115738.jpg","Y","Unknown","","JIMMY DEAN REG PORK SAUSAGE"
"20652","076020001426","images/20652_076020001426.png","Y","Unknown","","SWAGGERTY HOT PATTIES"
"75029","076020005042","images/75029_076020005042.jpg","Y","Unknown","","SWAGGERTY SAUSAGE PATTY MILD"
"36914","051933369146","images/36914_051933369146.jpg","Y","Unknown","Market Selections","Market Selections MKT SEL PORK BBQ RIBS 24 OZ"
"84634","079606065355","images/84634_079606065355.png","Y","Unknown","","TINA BIG BURRITO BEAN & CHS"
"84632","079606065362","images/84632_079606065362.jpg","Y","Unknown","","TINA BIG BURRITO HOT BEEF"
"78210","000002082411","images/78210_000002082411.jpg","Y","Unknown","","BACON COVERED WAGON BULK"
"35732","051933357327","images/35732_051933357327.jpg","Y","Unknown","La Tierra de Sabores","La Tierra de Sabores MUENSTER CHEESE"
"35731","051933357310","images/35731_051933357310.jpg","Y","Unknown","La Tierra de Sabores","La Tierra de Sabores QUESO BLANCO"
"34544","051933345447","images/34544_051933345447.jpg","Y","Unknown","La Tierra de Sabores","La Tierra de Sabores QUESO FRESCO"
"51743","072820170096","images/51743_072820170096.png","Y","Unknown","","EL VIAJERO BIO SALUD APPLE"
"51742","072820017063","images/51742_072820017063.png","Y","Unknown","","EL VIAJERO BIO SALUD PINEAPL"
"31020","072820017025","images/31020_072820017025.jpg","Y","Unknown","","EL VIAJERO BIO SALUD STRWBRY"
"71291","072820170119","images/71291_072820170119.png","Y","Unknown","","EL VIAJERO BIO SALUD YOGURT"
"92323","072820275791","images/92323_072820275791.png","Y","Unknown","","EL VIAJERO OAXACA BALL"
"14956","072820360183","images/14956_072820360183.jpg","Y","Unknown","","EL VIAJERO PREM PORK CHORIZO"
"14951","072820140457","images/14951_072820140457.jpg","Y","Unknown","","EL VIAJERO QUESADILLA SHREDS"
"43840","072820320460","images/43840_072820320460.jpg","Y","Unknown","","EL VIAJERO QUESO COTIJA"
"14949","072820330834","images/14949_072820330834.jpg","Y","Unknown","","EL VIAJERO QUESO FRESCO"
"42715","000006452311","images/42715_000006452311.jpg","Y","Unknown","","FUD SELECTO COOKED HAM"
"91403","000081939311","images/91403_000081939311.png","Y","Unknown","","LALA BLENDED MANGO YOGURT"
"91393","000081939311","images/91393_000081939311.jpg","Y","Unknown","","LALA BLENDED STRAW YOGURT"
"91413","000081939311","images/91413_000081939311.png","Y","Unknown","","LALA BLENDED VANILLA YOGURT"
"14089","000081939311","images/14089_000081939311.jpg","Y","Unknown","","LALA CEREAL PECAN 4PK"
"54233","000088303811","images/54233_000088303811.png","Y","Unknown","","LALA CREMA MEX SR CREAM"
"15501","000081939311","images/15501_000081939311.png","Y","Unknown","","LALA STRAWBERRY BANANA"
"14079","000081939311","images/14079_000081939311.jpg","Y","Unknown","","LALA YOGURT MANGO 4PK"
"14098","000081939311","images/14098_000081939311.jpg","Y","Unknown","","LALA YOGURT PINA COLADA 4PK"
"14088","000081939311","images/14088_000081939311.jpg","Y","Unknown","","LALA YOGURT STRAWBERRY 4PK"
"29338","027331006167","images/29338_027331006167.jpg","Y","Unknown","","OLE QUESCO FRESCO"
"93216","044276037001","images/93216_044276037001.png","Y","Unknown","","SENOR RICO BAKE TRES LECHE"
"184","097928120613","images/184_097928120613.png","Y","Unknown","","SENOR RICO RICE PUDDING"
"42185","097928094969","images/42185_097928094969.png","Y","Unknown","","SENOR RICO RICE PUDDING"
"2736","027568025788","images/2736_027568025788.jpg","Y","Unknown","","TROP QUESO FRESCO PLATANO"
"25645","027568051954","images/25645_027568051954.png","Y","Unknown","","TROPICAL CREMA CENTRO AMERCN"
"14149","027568025542","images/14149_027568025542.jpg","Y","Unknown","","TROPICAL CUAJADA EGGS"
"25710","027568031109","images/25710_027568031109.png","Y","Unknown","","TROPICAL OAXACA CHEESE"
"29605","027568018049","images/29605_027568018049.jpg","Y","Unknown","","TROPICAL QUESO BLANCO"
"29615","027568018070","images/29615_027568018070.jpg","Y","Unknown","","TROPICAL QUESO DE FREIR"
"29595","027568035053","images/29595_027568035053.png","Y","Unknown","","TROPICAL QUESO DE PAPA"
"64508","000086876211","images/64508_000086876211.png","Y","Unknown","","CHIMEX GRILL SAUSAGE"
"3505","027331000592","images/3505_027331000592.jpg","Y","Unknown","","LA BANDERITA CHORIZO"
"3504","027331007089","images/3504_027331007089.jpg","Y","Unknown","","LA BANDERITA CHORIZO FINO"
"31652","051933316522","images/31652_051933316522.jpg","Y","Unknown","Coburn Farms","Coburn Farms LACTOSE FREE MILK 2%"
"31651","051933316515","images/31651_051933316515.jpg","Y","Unknown","Coburn Farms","Coburn Farms WHL LACTOSE FREE MILK"
"29950","051933299504","images/29950_051933299504.jpg","Y","Unknown","Truli","Truli ORIGINAL ALMOND MILK"
"84345","051933843455","images/84345_051933843455.jpg","Y","Unknown","Truli","Truli TRULI OAT MILK"
"34423","051933344235","images/34423_051933344235.jpg","Y","Unknown","Truli","Truli UNSWEETENED ORG ALMOND MILK"
"21415","000067475211","images/21415_000067475211.jpg","Y","Unknown","Truli","Truli VANILLA ALMOND MILK"
"21395","053859070663","images/21395_053859070663.jpg","Y","Unknown","","8TH CONTINENT ORIG SOYMILK"
"30905","051933309050","images/30905_051933309050.jpg","Y","Unknown","Coburn Farms","Coburn Farms WHIPPING CREAM"
"63015","070272232027","images/63015_070272232027.jpg","Y","Unknown","","REDDI WIP ORIGINAL"
"35651","051933356511","images/35651_051933356511.jpg","Y","Unknown","Coburn Farms","Coburn Farms FRENCH VANILLA CREAMER"
"21425","000067475211","images/21425_000067475211.jpg","Y","Unknown","Coburn Farms","Coburn Farms FRENCH VANILLA CREAMER RFRIG"
"29745","075457427007","images/29745_075457427007.jpg","Y","Unknown","Coburn Farms","Coburn Farms HALF & HALF QUART"
"21435","000067475211","images/21435_000067475211.jpg","Y","Unknown","Coburn Farms","Coburn Farms HAZELNUT REFRIG CREAMER"
"32592","051933325920","images/32592_051933325920.jpg","Y","Unknown","McDaniel's","McDaniel's CARAMEL MACCHIATO ND CREAMER"
"32591","051933325913","images/32591_051933325913.jpg","Y","Unknown","McDaniel's","McDaniel's SWEET CREAM DAIRY CREAMER"
"44333","051933503748","images/44333_051933503748.jpg","Y","Unknown","Coburn Farms","Coburn Farms COLBY CHUNK"
"44316","051933503700","images/44316_051933503700.jpg","Y","Unknown","Coburn Farms","Coburn Farms COLBY JACK CHUNK"
"33845","051933503571","images/33845_051933503571.jpg","Y","Unknown","Coburn Farms","Coburn Farms EXTRA SHARP CHEDDAR CHUNK"
"44318","051933961203","images/44318_051933961203.jpg","Y","Unknown","Coburn Farms","Coburn Farms MILD CHEDDAR CHUNK 16 OZ"
"44315","051933503694","images/44315_051933503694.jpg","Y","Unknown","Coburn Farms","Coburn Farms MILD CHEDDAR CHUNK 8 OZ"
"44317","051933503717","images/44317_051933503717.jpg","Y","Unknown","Coburn Farms","Coburn Farms MOZZARELLA CHUNK"
"44322","051933998681","images/44322_051933998681.jpg","Y","Unknown","Coburn Farms","Coburn Farms MOZZARELLA CHUNK"
"34309","051933503588","images/34309_051933503588.jpg","Y","Unknown","Coburn Farms","Coburn Farms PEPPERJACK CHUNK"
"44311","051933503670","images/44311_051933503670.jpg","Y","Unknown","Coburn Farms","Coburn Farms SHARP CHEDDAR CHUNK"
"62819","051933503762","images/62819_051933503762.jpg","Y","Unknown","Coburn Farms","Coburn Farms WHITE EXTRA SHARP CHEDAR BAR"
"35879","051933358799","images/35879_051933358799.jpg","Y","Unknown","Coburn Farms","Coburn Farms COLBY JACK SINGLE SLICE"
"35881","051933358812","images/35881_051933358812.jpg","Y","Unknown","Coburn Farms","Coburn Farms MILD CHED CHSE SINGLE SLICE"
"35885","051933358850","images/35885_051933358850.jpg","Y","Unknown","Coburn Farms","Coburn Farms MOZZ LMPS SINGLE SLICE"
"35886","051933358867","images/35886_051933358867.jpg","Y","Unknown","Coburn Farms","Coburn Farms MUENSTER SINGLE SLICE"
"35882","051933358829","images/35882_051933358829.jpg","Y","Unknown","Coburn Farms","Coburn Farms PEPPER JACK SINGLE SLICE"
"35878","051933358782","images/35878_051933358782.jpg","Y","Unknown","Coburn Farms","Coburn Farms PROVOLONE SINGLE SLCE"
"35887","051933358874","images/35887_051933358874.jpg","Y","Unknown","Coburn Farms","Coburn Farms SHARP CHED CHSE SINGLE SLICE"
"35877","051933358775","images/35877_051933358775.jpg","Y","Unknown","Coburn Farms","Coburn Farms SWISS SINGLE SLICE"
"31692","051933316928","images/31692_051933316928.jpg","Y","Unknown","Coburn Farms","Coburn Farms COLBY JACK SHREDDED CHEESE"
"34875","051933656376","images/34875_051933656376.jpg","Y","Unknown","Coburn Farms","Coburn Farms COLBY JACK SHREDS"
"34876","051933656383","images/34876_051933656383.jpg","Y","Unknown","Coburn Farms","Coburn Farms ITALIAN 6 CHEESE SHREDS"
"34877","051933656390","images/34877_051933656390.jpg","Y","Unknown","Coburn Farms","Coburn Farms MEXICAN SHREDS"
"34256","051933342569","images/34256_051933342569.jpg","Y","Unknown","Coburn Farms","Coburn Farms MEXICAN SHREDS 2#"
"34259","051933342590","images/34259_051933342590.jpg","Y","Unknown","Coburn Farms","Coburn Farms MILD CHEDD SHREDS"
"31691","051933316911","images/31691_051933316911.jpg","Y","Unknown","Coburn Farms","Coburn Farms MILD CHEDDAR SHREDDED CHEESE"
"34874","051933503632","images/34874_051933503632.jpg","Y","Unknown","Coburn Farms","Coburn Farms MILD CHEDDAR SHREDS"
"31657","051933316577","images/31657_051933316577.jpg","Y","Unknown","Coburn Farms","Coburn Farms MOZZARELLA SHREDDED CHEESE"
"34873","051933503625","images/34873_051933503625.jpg","Y","Unknown","Coburn Farms","Coburn Farms MOZZARELLA SHREDS"
"34257","051933342576","images/34257_051933342576.jpg","Y","Unknown","Coburn Farms","Coburn Farms MOZZARELLA SHREDS 2#"
"31656","051933316560","images/31656_051933316560.jpg","Y","Unknown","Coburn Farms","Coburn Farms SHARP CHEDDAR SHREDDED CHSE"
"34872","051933503618","images/34872_051933503618.jpg","Y","Unknown","Coburn Farms","Coburn Farms SHARP CHEDDAR SHREDS"
"34878","051933656413","images/34878_051933656413.jpg","Y","Unknown","Coburn Farms","Coburn Farms TACO SHREDS"
"34738","051933192300","images/34738_051933192300.jpg","Y","Unknown","Coburn Farms","Coburn Farms AMERICAN PASTZ SINGLE"
"34739","051933260207","images/34739_051933260207.jpg","Y","Unknown","Coburn Farms","Coburn Farms DELUXE AMERICAN SLICES"
"19500","051933195004","images/19500_051933195004.jpg","Y","Unknown","Coburn Farms","Coburn Farms PAST. CHEESE SPREAD"
"19490","051933194908","images/19490_051933194908.jpg","Y","Unknown","Coburn Farms","Coburn Farms SHARP AMERICAN LOAF CHEESE"
"34741","051933174405","images/34741_051933174405.jpg","Y","Unknown","Coburn Farms","Coburn Farms SWISS SINGLES"
"34744","051933182905","images/34744_051933182905.jpg","Y","Unknown","Coburn Farms","Coburn Farms WHITE AMERICAN PASTZ SNGL"
"33815","051933191006","images/33815_051933191006.jpg","Y","Unknown","Save Today","Save Today SAVE TODAY SINGLES"
"19110","053000006381","images/19110_053000006381.jpg","Y","Unknown","","BORDEN AMERICAN SINGLES"
"41692","021000767670","images/41692_021000767670.png","Y","Unknown","","VELVEETA LOAF REGULAR"
"35979","051933359796","images/35979_051933359796.jpg","Y","Unknown","Coburn Farms","Coburn Farms CHIVE ONION CREAM CHEESE CUP"
"37474","051933192508","images/37474_051933192508.jpg","Y","Unknown","Coburn Farms","Coburn Farms CREAM CHEESE BAR"
"37569","051933181700","images/37569_051933181700.jpg","Y","Unknown","Coburn Farms","Coburn Farms CREAM CHEESE CUP ORIGINAL"
"37568","051933410961","images/37568_051933410961.jpg","Y","Unknown","Coburn Farms","Coburn Farms STRAWBERRY CREAM CHEESE CUP"
"33834","051933181755","images/33834_051933181755.jpg","Y","Unknown","Coburn Farms","Coburn Farms WHIPPED CREAM CHEESE SPREAD"
"33731","091945678881","images/33731_091945678881.jpg","Y","Unknown","","DUTCH FARMS CREAM CHEESE BAR"
"35904","051933359048","images/35904_051933359048.jpg","Y","Unknown","Coburn Farms","Coburn Farms COLBY JACK CRK CUT"
"11688","051933359222","images/11688_051933359222.jpg","Y","Unknown","Coburn Farms","Coburn Farms COLBY JACK CUBE"
"37561","","images/37561_NOUPC.jpg","Y","Unknown","Coburn Farms","Coburn Farms COLBY JACK SNACK STICK"
"11718","051933359192","images/11718_051933359192.jpg","Y","Unknown","Coburn Farms","Coburn Farms MILD CHEDDAR MONT JACK CUBE"
"37562","","images/37562_NOUPC.jpg","Y","Unknown","Coburn Farms","Coburn Farms MILD CHEDDAR SNACK STICKS"
"35907","051933359079","images/35907_051933359079.jpg","Y","Unknown","Coburn Farms","Coburn Farms SHARP CHEDDAR CHEESE CRK CUT"
"32534","051933325340","images/32534_051933325340.jpg","Y","Unknown","Coburn Farms","Coburn Farms STRING CHEESE"
"31424","051933503601","images/31424_051933503601.jpg","Y","Unknown","Coburn Farms","Coburn Farms STRING CHEESE COB"
"35898","051933358980","images/35898_051933358980.jpg","Y","Unknown","Coburn Farms","Coburn Farms TRAD PRTY TRAY SHINGLE SLICE"
"62558","051933325357","images/62558_051933325357.jpg","Y","Unknown","Coburn Farms","Coburn Farms RICOTTA CHEESE"
"31693","051933316935","images/31693_051933316935.jpg","Y","Unknown","Coburn Farms","Coburn Farms SHREDDED PARMESAN CHEESE CUP"
"72338","036514159057","images/72338_036514159057.jpg","Y","Unknown","","GRT LK BLUE CHS CRUMBLES CUP"
"28845","051933720206","images/28845_051933720206.jpg","Y","Unknown","Coburn Farms","Coburn Farms LOW FAT COTTAGE CHEESE"
"28835","051933720008","images/28835_051933720008.jpg","Y","Unknown","Coburn Farms","Coburn Farms SMALL CURD COTTAGE CHEESE 4%"
"28930","051933720404","images/28930_051933720404.jpg","Y","Unknown","Coburn Farms","Coburn Farms REGULAR SOUR CREAM"
"28905","051933725805","images/28905_051933725805.jpg","Y","Unknown","Kaskey's","Kaskey's FRENCH ONION DIP"
"19175","051933191754","images/19175_051933191754.jpg","Y","Unknown","Coburn Farms","Coburn Farms BLUEBERRY LF YOGURT"
"39957","051933399570","images/39957_051933399570.jpg","Y","Unknown","Coburn Farms","Coburn Farms LF CHERRY YOGURT"
"39959","051933399594","images/39959_051933399594.jpg","Y","Unknown","Coburn Farms","Coburn Farms LF MIXED BERRY YOGURT"
"39958","051933399587","images/39958_051933399587.jpg","Y","Unknown","Coburn Farms","Coburn Farms LF ORANGE CREAM YOGURT"
"33661","051933336612","images/33661_051933336612.jpg","Y","Unknown","Coburn Farms","Coburn Farms LOW FAT STRWBRY YOGURT"
"19155","051933191556","images/19155_051933191556.jpg","Y","Unknown","Coburn Farms","Coburn Farms LOWFAT PEACH YOGURT"
"34289","051933342897","images/34289_051933342897.jpg","Y","Unknown","Coburn Farms","Coburn Farms LOWFAT PLAIN YOGURT"
"19145","051933191457","images/19145_051933191457.jpg","Y","Unknown","Coburn Farms","Coburn Farms LOWFAT STRWBRY/BANANA YOGURT"
"34587","051933345874","images/34587_051933345874.jpg","Y","Unknown","Coburn Farms","Coburn Farms PLAIN GREEK YOGURT"
"19125","051933191259","images/19125_051933191259.jpg","Y","Unknown","Coburn Farms","Coburn Farms STRAWBERRY LF YOGURT"
"34586","051933345867","images/34586_051933345867.jpg","Y","Unknown","Coburn Farms","Coburn Farms VANILLA GREEK YOGURT"
"33796","051933286702","images/33796_051933286702.jpg","Y","Unknown","Coburn Farms","Coburn Farms VANILLA LOWFAT YOGURT"
"36399","051933363991","images/36399_051933363991.jpg","Y","Unknown","Coburn Farms","Coburn Farms YOGURT LOW FAT VANILLA"
"70826","000008182911","images/70826_000008182911.jpg","Y","Unknown","","CHOBANI FLIP COOKIE DOUGH"
"70859","000008182911","images/70859_000008182911.jpg","Y","Unknown","","CHOBANI FLIP PNUT BUTTER CUP"
"70839","000008182911","images/70839_000008182911.jpg","Y","Unknown","","CHOBANI FLIP S'MORE S'MORES"
"72336","000008182911","images/72336_000008182911.jpg","Y","Unknown","","CHOBANI NF GRK YGRT MX BERRY"
"72337","000000894711","images/72337_000000894711.png","Y","Unknown","","CHOBANI NF GRK YGRT PEACH"
"79151","000000894711","images/79151_000000894711.jpg","Y","Unknown","","CHOBANI NF GRK YGRT VAN"
"52172","036632036414","images/52172_036632036414.jpg","Y","Unknown","","DANIMALS STRAW-BANANA 6CT"
"91572","036632036407","images/91572_036632036407.jpg","Y","Unknown","","DANNON STRAW DRINKBLE YGRT 6PK"
"35365","036632026002","images/35365_036632026002.jpg","Y","Unknown","","DANNON STRAWBERRY 4PK ACTIVIA"
"4505","036632007889","images/4505_036632007889.jpg","Y","Unknown","","DANNON WM VANILLA YOGURT"
"52171","036632036438","images/52171_036632036438.jpg","Y","Unknown","","DNML SMOOTHIE ROCKN RASP 6PK"
"1744","046675013129","images/1744_046675013129.jpg","Y","Unknown","","YOCRNCH 4PK STRAW W/M&M"
"80753","046675013518","images/80753_046675013518.png","Y","Unknown","","YOCRNCH VAN M&M 4PK"
"15183","046675013501","images/15183_046675013501.jpg","Y","Unknown","","YOCRNCH VAN W/OREO 4PK"
"22360","097928112137","images/22360_097928112137.jpg","Y","Unknown","","SENOR RICO 12PK GELATIN ASST"
"33774","044276043170","images/33774_044276043170.png","Y","Unknown","","SR REAL DESSERT SF GELATIN"
"1752","044276043163","images/1752_044276043163.jpg","Y","Unknown","","SR REAL DESSERT SF PARFAIT"
"36097","051933360976","images/36097_051933360976.jpg","Y","Unknown","Coburn Farms","Coburn Farms BUTTER SPREAD W/CANOLA"
"18990","051933189904","images/18990_051933189904.jpg","Y","Unknown","Coburn Farms","Coburn Farms SALTED BUTTER QUARTERS"
"32805","051933328068","images/32805_051933328068.jpg","Y","Unknown","Coburn Farms","Coburn Farms UNSALTED BUTTER 1/4'S"
"18280","051933055445","images/18280_051933055445.jpg","Y","Unknown","Home Churned","Home Churned HOME CHURN BUTTERY SPREAD"
"19050","051933190511","images/19050_051933190511.jpg","Y","Unknown","Home Churned","Home Churned HOME CHURNED SPREAD TUB"
"56091","029000008229","images/56091_029000008229.jpg","Y","Unknown","","BLUE BONNET 1LB STICKS"
"49266","027400264993","images/49266_027400264993.jpg","Y","Unknown","","COUNTRY CROCK"
"21184","011115871324","images/21184_011115871324.jpg","Y","Unknown","","IMPERIAL QTRS DISPLAY"
"31587","051933315877","images/31587_051933315877.jpg","Y","Unknown","Grissom's","Grissom's BNB SUGAR COOKIE DOUGH"
"34909","051933502482","images/34909_051933502482.jpg","Y","Unknown","Grissom's","Grissom's CHOCOLATE CHIP BNB COOKIES"
"37252","051933372528","images/37252_051933372528.jpg","Y","Unknown","Grissom's","Grissom's BUTTER CRESCENT ROLLS"
"19910","051933502086","images/19910_051933502086.jpg","Y","Unknown","Grissom's","Grissom's BUTTERMILK BISCUITS"
"19920","051933502123","images/19920_051933502123.jpg","Y","Unknown","Grissom's","Grissom's CRESCENT ROLLS"
"28235","051933502109","images/28235_051933502109.jpg","Y","Unknown","Grissom's","Grissom's JMBO LAYERED BTR FLV BISCUIT"
"19480","051933502079","images/19480_051933502079.jpg","Y","Unknown","Grissom's","Grissom's JUMBO BTRMLK BISCUITS"
"19400","051933502062","images/19400_051933502062.jpg","Y","Unknown","Grissom's","Grissom's JUMBO BTTR FLVRD BISCUIT"
"28245","051933282452","images/28245_051933282452.jpg","Y","Unknown","Grissom's","Grissom's JUMBO FLAKY HOMSTYL BSCT 8CT"
"65685","051933656857","images/65685_051933656857.jpg","Y","Unknown","Grissom's","Grissom's JUMBO FLKY HNY BTR BISCT 8CT"
"37090","051933503397","images/37090_051933503397.jpg","Y","Unknown","Grissom's","Grissom's PIE CRUST"
"28250","051933282506","images/28250_051933282506.jpg","Y","Unknown","Grissom's","Grissom's PIZZA CRUST"
"19940","051933502147","images/19940_051933502147.jpg","Y","Unknown","Grissom's","Grissom's CINNAMON ROLLS W/ICING"
"17695","051933502130","images/17695_051933502130.jpg","Y","Unknown","Grissom's","Grissom's JUMBO CINNAMON ROLLS 5 CT"
"30943","051933309432","images/30943_051933309432.jpg","Y","Unknown","McDaniel's","McDaniel's CARAMEL MACCHIATO ICE COFFEE"
"65967","051933659674","images/65967_051933659674.jpg","Y","Unknown","McDaniel's","McDaniel's MOCHA ICED COFFEE"
"36495","051933364950","images/36495_051933364950.jpg","Y","Unknown","Tipton Grove","Tipton Grove FRUIT PUNCH CARTON"
"36423","051933364233","images/36423_051933364233.jpg","Y","Unknown","Tipton Grove","Tipton Grove NFC LEMONADE CARAFE 52 OZ"
"39961","051933399617","images/39961_051933399617.jpg","Y","Unknown","Tipton Grove","Tipton Grove NFC STRAWBERRY LEMONADE"
"34254","051933052468","images/34254_051933052468.jpg","Y","Unknown","Tipton Grove","Tipton Grove OJ NFC CARTON"
"36498","051933364981","images/36498_051933364981.jpg","Y","Unknown","Tipton Grove","Tipton Grove ORANG MANGO 100% JCE NFC CAR"
"36422","051933364226","images/36422_051933364226.jpg","Y","Unknown","Tipton Grove","Tipton Grove ORANGE 100% JCE CALC NFC CAR"
"36421","051933364219","images/36421_051933364219.jpg","Y","Unknown","Tipton Grove","Tipton Grove ORANGE 100% JUICE NFC CARAFE"
"36496","051933364967","images/36496_051933364967.jpg","Y","Unknown","Tipton Grove","Tipton Grove TROPICAL FRUIT PUNCH CARTON"
"41825","025000048081","images/41825_025000048081.jpg","Y","Unknown","","BRIGHT & EARLY ORANGE DRINK"
"93109","091475931982","images/93109_091475931982.jpg","Y","Unknown","","MILO'S EXTRA SWEET GALLON"
"95363","091475930985","images/95363_091475930985.jpg","Y","Unknown","","MILO'S EXTRA SWEET TEA 20OZ"
"93111","091475041896","images/93111_091475041896.jpg","Y","Unknown","","MILO'S SWEET TEA GALLON"
"93108","091475630045","images/93108_091475630045.jpg","Y","Unknown","","MILO'S ZERO SUGR SWT TEA GAL"
"95145","025000047725","images/95145_025000047725.jpg","Y","Unknown","","MMAID FRUIT PUNCH 59Z CARTON"
"54834","051933502024","images/54834_051933502024.jpg","Y","Unknown","Good Nature","Good Nature CAGE FREE EGGS 12 CT"
"19080","077438555037","images/19080_077438555037.jpg","Y","Unknown","Good Nature","Good Nature GRADE A LARGE EGGS 12 CT"
"18250","090208201040","images/18250_090208201040.jpg","Y","Unknown","Good Nature","Good Nature GRADE A LARGE EGGS 18 CT"
"18260","092659014057","images/18260_092659014057.jpg","Y","Unknown","Good Nature","Good Nature GRADE A MEDIUM EGGS 30 CT"
"28560","091038211704","images/28560_091038211704.jpg","Y","Unknown","Good Nature","Good Nature EGGZACTLY"
"30196","073460003362","images/30196_073460003362.jpg","Y","Unknown","Farmington","Farmington FARMNGTN BOARD HICKORY BACON"
"30211","051933344099","images/30211_051933344099.jpg","Y","Unknown","Farmington","Farmington FARMNGTN HCKRY THICK C BACON"
"30212","051933360242","images/30212_051933360242.jpg","Y","Unknown","Farmington","Farmington FARMNGTN L BOARD AWD BACON"
"30209","051933054714","images/30209_051933054714.jpg","Y","Unknown","Farmington","Farmington FARMNGTN L BOARD HCKRY BACON"
"73039","070800233205","images/73039_070800233205.png","Y","Unknown","","SMITHFIELD MIKES HOT HNY BACON"
"37677","051933376779","images/37677_051933376779.jpg","Y","Unknown","Market Selections","Market Selections MKTS DELI CHS COLBY JACK 8OZ"
"37676","051933376762","images/37676_051933376762.jpg","Y","Unknown","Market Selections","Market Selections MKTS DELI CHS MLD CHDR 8OZ"
"91537","051933399273","images/91537_051933399273.jpg","Y","Unknown","Market Selections","Market Selections MKTS DELI CHS PPPR JACK 8OZ"
"37678","051933376786","images/37678_051933376786.jpg","Y","Unknown","Market Selections","Market Selections MKTS DELI CHS PROVOLONE 8OZ"
"91534","051933399242","images/91534_051933399242.jpg","Y","Unknown","Market Selections","Market Selections MKTS YELLOW AMERICAN SLICE"
"30012","051933300125","images/30012_051933300125.jpg","Y","Unknown","Farmington","Farmington FARMINGTON 12OZ FRANKS"
"1844","054500193274","images/1844_054500193274.png","Y","Unknown","","BALL PARK HD BUN LENGTH"
"59416","054500193526","images/59416_054500193526.png","Y","Unknown","","BALL PARK HD MT FRANK"
"79316","015900069569","images/79316_015900069569.jpg","Y","Unknown","","BAR S BUN TURKEY FRANKS 3 LB"
"79315","015900064540","images/79315_015900064540.png","Y","Unknown","","BAR S CHICKEN FRANKS 3 LB"
"71926","015900002115","images/71926_015900002115.jpg","Y","Unknown","","BAR S CLASSIC JUMBO FRANKS"
"7058","015900122714","images/7058_015900122714.jpg","Y","Unknown","","BAR S TURKEY JUMBO FRANK"
"71837","015900134021","images/71837_015900134021.jpg","Y","Unknown","","BAR-S 12 OZ FRANKS"
"59439","015900140633","images/59439_015900140633.jpg","Y","Unknown","","BAR-S 3LB BUN LNGTH HOT DOG"
"59438","015900000999","images/59438_015900000999.jpg","Y","Unknown","","BAR-S BEEF JUMBO FRANKS"
"59436","015900002238","images/59436_015900002238.png","Y","Unknown","","BAR-S CHEESE JUMBO FRANKS"
"78400","015900140855","images/78400_015900140855.jpg","Y","Unknown","","BAR-S CLASSIC 5 LB JUMBOS"
"19219","015900002269","images/19219_015900002269.jpg","Y","Unknown","","BAR-S TURKEY FRANKS"
"7038","015900122523","images/7038_015900122523.jpg","Y","Unknown","","CHICKEN FRANKS"
"22772","000078533211","images/22772_000078533211.jpg","Y","Unknown","","GWALTNEY BUN LNGTH FRANK"
"95804","000078533211","images/95804_000078533211.png","Y","Unknown","","GWALTNEY CHICKEN CHEESY HTDG"
"95801","000078533211","images/95801_000078533211.jpg","Y","Unknown","","GWALTNEY CHICKEN HOTDOG"
"95811","000078533211","images/95811_000078533211.png","Y","Unknown","","GWALTNEY CHKN BUN LNGH HTDOG"
"74895","044500052930","images/74895_044500052930.jpg","Y","Unknown","","HLSHRE CKTL LIL SMOKIES"
"7099","015900122554","images/7099_015900122554.jpg","Y","Unknown","","JUMBO FRANKS, CHICKEN"
"59372","000088831411","images/59372_000088831411.jpg","Y","Unknown","","NATHAN BUN LNGTH BF FRNK"
"59373","000088831411","images/59373_000088831411.jpg","Y","Unknown","","NATHANS JUMBO BEEF FRANK"
"49683","044700000632","images/49683_044700000632.jpg","Y","Unknown","","OSCAR MAYER CLASSIC WIENERS EZ"
"71774","015900140848","images/71774_015900140848.jpg","Y","Unknown","","SBY BAR-S BEEF JUMBO JUMBO"
"22769","000088831311","images/22769_000088831311.jpg","Y","Unknown","","SBY NATHANS COLOSSAL FRANKS"
"38288","046600034274","images/38288_046600034274.jpg","Y","Unknown","","ARMOUR LUNCHMAKERS HAM"
"38290","046600033864","images/38290_046600033864.jpg","Y","Unknown","","ARMOUR LUNCHMAKERS PPRONI PZ"
"38289","046600034281","images/38289_046600034281.jpg","Y","Unknown","","ARMOUR LUNCHMAKERS TURKEY"
"73067","044700105450","images/73067_044700105450.jpg","Y","Unknown","","LUNCHBLS FUN PACK HAM&AM CHS"
"9502","044700360002","images/9502_044700360002.jpg","Y","Unknown","","OSCAR MAYER HAM/CHED LUNCHABLE"
"1887","044700006795","images/1887_044700006795.jpg","Y","Unknown","","OSCAR MAYER LNCHBL NACHOS FUN PACK"
"1891","044700361139","images/1891_044700361139.jpg","Y","Unknown","","OSCAR MAYER LNCHBL SS CM PEPP PIZZA"
"1888","044700006740","images/1888_044700006740.jpg","Y","Unknown","","OSCAR MAYER LNCHBL TRKY & AMN W/CS"
"93142","044700103203","images/93142_044700103203.jpg","Y","Unknown","","OSCAR MAYER LNCHBL TURKEY/AMER/COOKIE"
"59434","015900000203","images/59434_015900000203.jpg","Y","Unknown","","BAR S BEEF BOLOGNA"
"71077","015900000425","images/71077_015900000425.jpg","Y","Unknown","","BAR S CLASSIC BOLOGNA"
"71083","015900000265","images/71083_015900000265.png","Y","Unknown","","BAR S GARLIC BOLOGNA"
"71082","015900000289","images/71082_015900000289.jpg","Y","Unknown","","BAR S THICK BOLOGNA"
"4485","015900331987","images/4485_015900331987.jpg","Y","Unknown","","BAR-S CHOPPED HAM"
"4486","015900270040","images/4486_015900270040.jpg","Y","Unknown","","BAR-S CHUB BOLOGNA"
"1884","044700008577","images/1884_044700008577.jpg","Y","Unknown","","OSCAR MAYER BOLOGNA 12CT"
"82642","015900000524","images/82642_015900000524.jpg","Y","Unknown","","SBY BAR S TURKEY BOLO"
"22781","015900000517","images/22781_015900000517.jpg","Y","Unknown","","SBY BAR-S CHICKEN BOLO"
"20673","015900000487","images/20673_015900000487.jpg","Y","Unknown","","SBY BAR-S THICK BOLOGNA"
"36524","051933355644","images/36524_051933355644.jpg","Y","Unknown","Farmington","Farmington FRMNGTN BLK FRST HAM TUB 9OZ"
"36212","051933362123","images/36212_051933362123.jpg","Y","Unknown","Farmington","Farmington FRMNGTN BLKFR HAM POUCH 16OZ"
"36646","051933362116","images/36646_051933362116.jpg","Y","Unknown","Farmington","Farmington FRMNGTN HNY TRKY POUCH 16OZ"
"36645","051933362093","images/36645_051933362093.jpg","Y","Unknown","Farmington","Farmington FRMNGTN HONEY HAM POUCH 16OZ"
"36525","051933355590","images/36525_051933355590.jpg","Y","Unknown","Farmington","Farmington FRMNGTN HONEY HAM TUB 9OZ"
"36526","051933355583","images/36526_051933355583.jpg","Y","Unknown","Farmington","Farmington FRMNGTN HONEY TURKEY TUB 9OZ"
"36222","051933362222","images/36222_051933362222.jpg","Y","Unknown","Farmington","Farmington FRMNGTN LS HONEY HAM TUB 8OZ"
"36223","051933362239","images/36223_051933362239.jpg","Y","Unknown","Farmington","Farmington FRMNGTN LS OR TURKEY TUB 8OZ"
"31603","051933316034","images/31603_051933316034.jpg","Y","Unknown","Farmington","Farmington FRMNGTN MESQ TURKEY TUB 8 OZ"
"36643","051933362079","images/36643_051933362079.jpg","Y","Unknown","Farmington","Farmington FRMNGTN OR TRKY POUCH 16OZ"
"36528","051933355613","images/36528_051933355613.jpg","Y","Unknown","Farmington","Farmington FRMNGTN OR TURKEY TUB 9OZ"
"36529","051933355637","images/36529_051933355637.jpg","Y","Unknown","Farmington","Farmington FRMNGTN ROAST BEEF TUB 7OZ"
"36208","051933362086","images/36208_051933362086.jpg","Y","Unknown","Farmington","Farmington FRMNGTN RTSR CHKN POUCH 16OZ"
"31588","051933315884","images/31588_051933315884.jpg","Y","Unknown","Farmington","Farmington FRMNGTN RTSR CHKN TUB 9 OZ"
"36644","051933362130","images/36644_051933362130.jpg","Y","Unknown","Farmington","Farmington FRMNGTN SMKD HAM POUCH 16OZ"
"36532","051933355668","images/36532_051933355668.jpg","Y","Unknown","Farmington","Farmington FRMNGTN SMOKED HAM TUB 9OZ"
"93005","015900000210","images/93005_015900000210.jpg","Y","Unknown","","BAR S COTTO SALAMI"
"18628","015900001217","images/18628_015900001217.jpg","Y","Unknown","","BAR S DELI SHAVED HONEY HAM"
"18629","015900001200","images/18629_015900001200.jpg","Y","Unknown","","BAR S DELI SHAVED SMOKED HAM"
"20911","015900190744","images/20911_015900190744.jpg","Y","Unknown","","BAR-S 4X6 HONEY HAM"
"91463","015900063369","images/91463_015900063369.jpg","Y","Unknown","","BAR-S 4X6 OR TURKEY BREAST"
"91462","015900063352","images/91462_015900063352.jpg","Y","Unknown","","BAR-S 4X6 OVEN ROAST TURKEY"
"87825","015900190751","images/87825_015900190751.jpg","Y","Unknown","","BAR-S 4X6 SMOKED HAM"
"20819","015900190799","images/20819_015900190799.jpg","Y","Unknown","","BAR-S 4X6 SMOKED HAM LARGE"
"59432","015900000241","images/59432_015900000241.jpg","Y","Unknown","","BAR-S COTTO SALAMI"
"1816","077400127132","images/1816_077400127132.jpg","Y","Unknown","","BUDDIG BEEF 2 OZ"
"1821","077400127538","images/1821_077400127538.jpg","Y","Unknown","","BUDDIG CHICKEN 2 OZ"
"1817","077400127231","images/1817_077400127231.jpg","Y","Unknown","","BUDDIG HAM 2 OZ"
"20693","077400226378","images/20693_077400226378.jpg","Y","Unknown","","BUDDIG MEGA TRAY HNY HAM"
"20692","077400226330","images/20692_077400226330.jpg","Y","Unknown","","BUDDIG MEGA TRAY TURKEY"
"1818","077400127330","images/1818_077400127330.jpg","Y","Unknown","","BUDDIG TURKEY 2 OZ"
"47370","044700011638","images/47370_044700011638.jpg","Y","Unknown","","OSCAR MAYER CHOPPED HAM"
"47400","044700011843","images/47400_044700011843.jpg","Y","Unknown","","OSCAR MAYER HAM & CHEESE LOAF"
"70074","044700011652","images/70074_044700011652.jpg","Y","Unknown","","OSCAR MAYER HONEY CHOPPED HAM SLICE"
"1837","044700064207","images/1837_044700064207.jpg","Y","Unknown","","OSCAR MAYER HONEY SMOKED WHITE TURKEY"
"10383","044700064412","images/10383_044700064412.jpg","Y","Unknown","","OSCAR MAYER ROASTED WHITE TURKEY"
"39889","044700064375","images/39889_044700064375.jpg","Y","Unknown","","OSCAR MAYER SMOKED TURKEY"
"39726","070800822690","images/39726_070800822690.jpg","Y","Unknown","","PRIMEFRESH BLACK FOREST HAM"
"39727","070800224210","images/39727_070800224210.jpg","Y","Unknown","","PRIMEFRESH PEPPERONI"
"92534","015900069958","images/92534_015900069958.jpg","Y","Unknown","","SBY BAR-S 2 FRSH PCK HNY HAM"
"92535","015900069965","images/92535_015900069965.png","Y","Unknown","","SBY BAR-S 2 FRSH PCK OR TRKY"
"85665","000068055711","images/85665_000068055711.jpg","Y","Unknown","","SBY BARS DELI SHVD HONEY HAM"
"3745","070800822485","images/3745_070800822485.png","Y","Unknown","","SMITH PRIME FRESH HONEY HAM"
"3664","070800822539","images/3664_070800822539.jpg","Y","Unknown","","SMITH PRIME FRESH OR TURKEY"
"3665","070800822478","images/3665_070800822478.jpg","Y","Unknown","","SMITH PRIME FRESH SMOKED HAM"
"22347","070800822683","images/22347_070800822683.jpg","Y","Unknown","","SMITH PRIME FRSH HARD SALAMI"
"75017","051933750173","images/75017_051933750173.jpg","Y","Unknown","Farmington","Farmington BRAUNSCHWEIGER"
"78688","015900067442","images/78688_015900067442.jpg","Y","Unknown","","BAR S PEPPERONI"
"49426","073170600042","images/49426_073170600042.jpg","Y","Unknown","","OLD WISC BEEF SAUS BITES"
"57186","073170576224","images/57186_073170576224.png","Y","Unknown","","OLD WISC BEEF SAUSAGE STICKS"
"57187","073170127969","images/57187_073170127969.jpg","Y","Unknown","","OLD WISC HONEY TURKEY BITES"
"49427","073170600080","images/49427_073170600080.jpg","Y","Unknown","","OLD WISC TURKEY SAUSAGE BITE"
"71883","073890561432","images/71883_073890561432.jpg","Y","Unknown","","SUGARDALE PEPPERONI SLICED"
"9532","073890050332","images/9532_073890050332.jpg","Y","Unknown","","SUGARDALE SLICED PEPPERONI"
"50920","044700092057","images/50920_044700092057.jpg","Y","Unknown","","CLAUSSEN PICKLE HALVES"
"71855","044700092408","images/71855_044700092408.jpg","Y","Unknown","","CLAUSSEN SPEARS"
"55033","071117024005","images/55033_071117024005.jpg","Y","Unknown","","MRS. WEAVER'S PIMENTO SPREAD"
"59312","071117181548","images/59312_071117181548.png","Y","Unknown","","RESER AMISH POTATO SALAD"
"71836","071117190083","images/71836_071117190083.jpg","Y","Unknown","","RESERS CHICKEN SALAD"
"38020","079453569303","images/38020_079453569303.png","Y","Unknown","","RESERS COLE SLAW"
"55034","071117190113","images/55034_071117190113.png","Y","Unknown","","RESERS HAM SALAD"
"38030","079453647308","images/38030_079453647308.png","Y","Unknown","","RESERS MACARONI SALAD"
"55058","071117025002","images/55058_071117025002.jpg","Y","Unknown","","RESERS MSB SIG MAC & CHEESE"
"55059","071117144260","images/55059_071117144260.jpg","Y","Unknown","","RESERS MSB SIG MASHED POTATO"
"7555","071117190106","images/7555_071117190106.png","Y","Unknown","","RESERS SEAFOOD SALAD"
"48376","015900235483","images/48376_015900235483.jpg","Y","Unknown","","BAR S POLISH SAUSAGE"
"48377","015900235650","images/48377_015900235650.jpg","Y","Unknown","","BAR S SMOKED SAUSAGE"
"21348","015900235544","images/21348_015900235544.jpg","Y","Unknown","","BAR-S CHEESE SAUSAGE"
"96691","015900067848","images/96691_015900067848.png","Y","Unknown","","BAR-S HOT HONEY SAUSAGE"
"52608","015900235490","images/52608_015900235490.jpg","Y","Unknown","","BAR-S HOT SMOKED SAUSAGE"
"51354","046600028655","images/51354_046600028655.png","Y","Unknown","","ECKRICH POLSKA SMOKD SAUSAGE"
"49623","027815001114","images/49623_027815001114.jpg","Y","Unknown","","ECKRICH SMOKED SAUSAGE"
"59382","027815300514","images/59382_027815300514.jpg","Y","Unknown","","ECKRICH TURKEY SMOKED SAUSG"
"16335","028042001922","images/16335_028042001922.png","Y","Unknown","","GEORGIA SPCL RED HOT SAUSAGE"
"71487","028042001090","images/71487_028042001090.png","Y","Unknown","","GEORGIA SPCL SMOKED SAUSAGE"
"59418","044500339055","images/59418_044500339055.jpg","Y","Unknown","","HLSHRE BEEF ROPE SAUSAGE"
"48316","044500341225","images/48316_044500341225.jpg","Y","Unknown","","HLSHRE POLSKA KILBSA SAUSAGE"
"39543","044500341713","images/39543_044500341713.jpg","Y","Unknown","","HLSHRE SMOKED ROPE"
"71074","077782105292","images/71074_077782105292.jpg","Y","Unknown","","JVL BEDDAR W/CHEDDR BRAT"
"79631","077782681284","images/79631_077782681284.jpg","Y","Unknown","","JVL BEEF ROPE"
"7188","077782021714","images/7188_077782021714.jpg","Y","Unknown","","JVL JALAPENO CHEDDR BRAT"
"74559","077782026962","images/74559_077782026962.jpg","Y","Unknown","","JVL POLISH ROPE"
"68460","077782023923","images/68460_077782023923.jpg","Y","Unknown","","JVL SMOKED BRAT"
"74560","077782027013","images/74560_077782027013.jpg","Y","Unknown","","JVL SMOKED SAUSAGE ROPE"
"39687","000082546411","images/39687_000082546411.png","Y","Unknown","","NETTLES GRNPA OLDTM SMK HOT"
"56134","000082546411","images/56134_000082546411.png","Y","Unknown","","NETTLES GRNPA OLDTM SMK MILD"
"56141","000082546411","images/56141_000082546411.png","Y","Unknown","","NETTLES HOT CNTRY SMKD SSG"
"39688","000082546411","images/39688_000082546411.png","Y","Unknown","","NETTLES JALAP W CHEDDAR SSG"
"56132","000082546411","images/56132_000082546411.jpg","Y","Unknown","","NETTLES MILD BUN LINK"
"56139","000082546411","images/56139_000082546411.png","Y","Unknown","","NETTLES MILD CNTRY SMKD SSG"
"56131","000082546411","images/56131_000082546411.png","Y","Unknown","","NETTLES SM BABY LINK SAUSAGE"
"74342","043595145695","images/74342_043595145695.jpg","Y","Unknown","","RGR WOODS BEEF SMKD SAUSAGE"
"72108","043595002738","images/72108_043595002738.png","Y","Unknown","","RGR WOODS LMBER JK SMKD SAUS"
"51930","043595002752","images/51930_043595002752.jpg","Y","Unknown","","RGR WOODS LUMBERJCK SPCY SSG"
"59374","043595027946","images/59374_043595027946.png","Y","Unknown","","RGR WOODS SPICY RED HOTS"
"16298","028042001632","images/16298_028042001632.jpg","Y","Unknown","","SUNSET FARM BRAND CRACKED PEPPER SMKD SAUS"
"16299","028042001625","images/16299_028042001625.png","Y","Unknown","","SUNSET FARM BRAND JALAPENO SMOKED SAUSAGE"
"57228","028042001298","images/57228_028042001298.jpg","Y","Unknown","","SUNSET FARM BRAND PREM MILD SAUSAGE"
"33381","051933333819","images/33381_051933333819.jpg","Y","Unknown","Market Selections","Market Selections MS TNB PIZZA CHEESE"
"33352","051933333529","images/33352_051933333529.jpg","Y","Unknown","Market Selections","Market Selections MS TNB PIZZA PEPPERONI"
"33353","051933333536","images/33353_051933333536.jpg","Y","Unknown","Market Selections","Market Selections MS TNB PIZZA SUPREME"
"33382","051933333826","images/33382_051933333826.jpg","Y","Unknown","Market Selections","Market Selections MS TNB THIN PIZZA SAUS & PEP"
"60308","000085143511","images/60308_000085143511.png","Y","Unknown","","FUD CHCKN & PRK FRANKS"
"42705","000006452311","images/42705_000006452311.png","Y","Unknown","","FUD CHICKEN & PORK FRANKS"
"49647","000006452311","images/49647_000006452311.png","Y","Unknown","","FUD CHICKEN FRANKS"
"49649","000006452311","images/49649_000006452311.jpg","Y","Unknown","","FUD CHICKEN FRANKS 7 OZ"
"57881","000006452311","images/57881_000006452311.png","Y","Unknown","","FUD ORIGINAL BACON"
"64621","000006452311","images/64621_000006452311.png","Y","Unknown","","FUD SMOKED SAUSAGE"
"93003","015900000722","images/93003_015900000722.jpg","Y","Unknown","","BAR S CHOPPED HAM"
"93004","015900000258","images/93004_015900000258.jpg","Y","Unknown","","BAR S PREM 4X6 SMOKED HAM"
"92993","044700063767","images/92993_044700063767.jpg","Y","Unknown","","OSCAR MAYER NAT ANGUS BEEF HOT DOG"
"65840","087932600331","images/65840_087932600331.jpg","Y","Unknown","Coburn Farms","Coburn Farms 1% LITE MILK-1/2GAL"
"65830","087932600706","images/65830_087932600706.jpg","Y","Unknown","Coburn Farms","Coburn Farms 1% LITE MILK-GAL"
"65900","087932600645","images/65900_087932600645.jpg","Y","Unknown","Coburn Farms","Coburn Farms 2% REDUCED FAT MILK-1/2 GAL"
"65870","087932600515","images/65870_087932600515.jpg","Y","Unknown","Coburn Farms","Coburn Farms 2% REDUCED FAT MILK-GAL"
"65850","087932600096","images/65850_087932600096.jpg","Y","Unknown","Coburn Farms","Coburn Farms FAT FREE SKIM MILK-1/2 GAL"
"65920","000085224411","images/65920_000085224411.jpg","Y","Unknown","Coburn Farms","Coburn Farms FAT FREE SKIM MILK-GAL"
"65860","087932600508","images/65860_087932600508.jpg","Y","Unknown","Coburn Farms","Coburn Farms VIT D MILK GAL"
"65890","087932600560","images/65890_087932600560.jpg","Y","Unknown","Coburn Farms","Coburn Farms VITAMIN D MILK-1/2 GAL"
"21315","072730233119","images/21315_072730233119.jpg","Y","Unknown","","1% MILK QUART"
"66670","000087066311","images/66670_000087066311.png","Y","Unknown","","2% REDUCED FAT MILK-QT"
"49301","041900020149","images/49301_041900020149.jpg","Y","Unknown","","FIELDCREST 2% GALLON"
"49304","041900037628","images/49304_041900037628.jpg","Y","Unknown","","FIELDCREST VIT D HG"
"65960","000081547311","images/65960_000081547311.jpg","Y","Unknown","Save A Lot - Milk","Save A Lot - Milk CHOCOLATE MILK-1/2 GAL"
"65790","000081547311","images/65790_000081547311.png","Y","Unknown","Save A Lot - Milk","Save A Lot - Milk CHOCOLATE MILK-GAL"
"20662","000081005611","images/20662_000081005611.jpg","Y","Unknown","","BUTTERMILK-HALF GAL"
"99385","000081547311","images/99385_000081547311.png","Y","Unknown","","EGG NOG HALF GALLON"
"34427","072730273511","images/34427_072730273511.png","Y","Unknown","","EGG NOG QUART"
"32441","051933330122","images/32441_051933330122.jpg","Y","Unknown","Save Today","Save Today BLUE RASPBERRY DRINK GALLON"
"65940","000081547311","images/65940_000081547311.jpg","Y","Unknown","Save Today","Save Today FRUIT PUNCH-1 GAL"
"66270","000081547311","images/66270_000081547311.jpg","Y","Unknown","Save Today","Save Today GRAPE DRINK-1 GAL"
"65950","000081547311","images/65950_000081547311.jpg","Y","Unknown","Save Today","Save Today ORANGE DRINK-1 GAL"
"45650","000081547311","images/45650_000081547311.jpg","Y","Unknown","Splash-Out!","Splash-Out! ICE TEA-GAL"
"38985","000081547311","images/38985_000081547311.jpg","Y","Unknown","Tipton Grove","Tipton Grove OJ HALF GALLON PLASTIC"
"37403","051933374034","images/37403_051933374034.jpg","Y","Unknown","Tipton Grove","Tipton Grove ORANGE JUICE HG"
"19290","000081547311","images/19290_000081547311.jpg","Y","Unknown","Tipton Grove","Tipton Grove ORANGE JUICE-GAL"
"20663","000081005611","images/20663_000081005611.jpg","Y","Unknown","","FRUIT PUNCH-GAL"
"20664","000081005611","images/20664_000081005611.jpg","Y","Unknown","","ORANGE DRINK-GAL"
"20659","000081005611","images/20659_000081005611.jpg","Y","Unknown","","ORANGE JUICE HALF GALLON"
"20656","000081005611","images/20656_000081005611.jpg","Y","Unknown","","ORANGE JUICE-GAL"
"38665","095188061288","images/38665_095188061288.jpg","Y","Unknown","","TAMPICO ISLAND PUNCH GALLON"
"68000","095188021282","images/68000_095188021282.jpg","Y","Unknown","","TAMPICO MANGO PNCH-1 GAL"
"68020","095188031281","images/68020_095188031281.jpg","Y","Unknown","","TAMPICO TROPICAL PNCH-GAL"
"23900","077683003918","images/23900_077683003918.jpg","Y","Unknown","State Street Poultry","State Street Poultry SS BNLS/SKNLS CHICKEN BREAST"
"23910","054043001203","images/23910_054043001203.jpg","Y","Unknown","State Street Poultry","State Street Poultry SS BNLS/SKNLS CHIKN TENDERS"
"23935","051933239357","images/23935_051933239357.jpg","Y","Unknown","State Street Poultry","State Street Poultry SS PARTY WINGS"
"37652","051933376526","images/37652_051933376526.jpg","Y","Unknown","Farmington","Farmington FRESH BEER BRATWURST"
"37653","051933376533","images/37653_051933376533.jpg","Y","Unknown","Farmington","Farmington FRESH CHEDDAR BRATWURST"
"37655","051933376557","images/37655_051933376557.jpg","Y","Unknown","Farmington","Farmington FRESH HOT ITALIAN LINKS"
"37654","051933376540","images/37654_051933376540.jpg","Y","Unknown","Farmington","Farmington FRESH MILD ITALIAN LINKS"
"37651","051933376519","images/37651_051933376519.jpg","Y","Unknown","Farmington","Farmington FRESH ORIGINAL BRATWURST"
"94089","051933315143","images/94089_051933315143.jpg","Y","Unknown","Farmington","Farmington ITAL SAUSAGE PEP W/CHZ BRAT"
"39944","051933399440","images/39944_051933399440.jpg","Y","Unknown","Farmington","Farmington ITALIAN STYLE MEATBALLS"
